"Account: Account Name","Location Name","Location Type","Product Item Number","Product Code","Product Description","Quantity On Hand","Product Price","Actual Quantity On-Hand","Last Modified Date"
"","Shafique Sayyed - Inventory","Van","PI-89454","RA1237","Blade_Aluminium_Sand Grey_1200mm_Renesa+/Renesa Smart_GV3","0.00","600","0.00","10/12/2024"
"","Shafique Sayyed - Inventory","Van","PI-95380","A141701","Surge Protection Device Module Assembly_CF","0.00","0","0.00","10/12/2024"
"","Shafique Sayyed - Inventory","Van","PI-3389","SA0056","Stator_CF_1200mm_Renesa/Renesa+/Renesa Smart_GV3","0.00","500","0.00","10/12/2024"
"","Shafique Sayyed - Inventory","Van","PI-3390","SA0043","Motor Housing_Ivory_CF_Renesa_GV3","0.00","590","0.00","10/12/2024"
"","Shafique Sayyed - Inventory","Van","PI-3391","RA1238","Deactivated - Motor Housing_Golden_CF_Renesa+/Renesa Smart_GV3","0.00","600","0.00","10/12/2024"
"","Shafique Sayyed - Inventory","Van","PI-3392","SA0044","Motor Housing_Pearl White_CF_Renesa+/Renesa Smart_GV3","0.00","590","0.00","10/12/2024"
"","Shafique Sayyed - Inventory","Van","PI-3393","RA1239","Deactivated - Motor Housing_Sandan Grey_CF_Renesa+/Renesa Smart_GV3","0.00","600","0.00","10/12/2024"
"","Shafique Sayyed - Inventory","Van","PI-3394","SA0045","Motor Housing_Earth Brown_CF_Renesa+/Renesa Smart_GV3","0.00","590","0.00","10/12/2024"
"","Shafique Sayyed - Inventory","Van","PI-3395","SA0040","Motor Housing_Black_CF_Renesa_GV3","0.00","590","0.00","10/12/2024"
"","Shafique Sayyed - Inventory","Van","PI-3396","SA0041","Motor Housing_White_CF_Renesa_GV3","0.00","590","0.00","10/12/2024"
"","Shafique Sayyed - Inventory","Van","PI-3397","SA0042","Motor Housing_Brown_CF_Renesa_GV3","0.00","590","0.00","10/12/2024"
"","Shafique Sayyed - Inventory","Van","PI-48084","SRA026303","Motor_Gloss Brown_1200mm_Ameza_GV5","0.00","2500","0.00","10/12/2024"
"","Shafique Sayyed - Inventory","Van","PI-50019","RA0082","Blade_Aluminium_Brown_1400mm_Renesa/Renesa+/Renesa Smart_GV3 & GV5","0.00","599","0.00","10/12/2024"
"","Shafique Sayyed - Inventory","Van","PI-50020","SRMF0035","Motor_Pearl White_1200mm_Renesa Smart+_GV3","0.00","2500","0.00","10/12/2024"
"","Shafique Sayyed - Inventory","Van","PI-50021","RA0070","Blade_Aluminium_White_1200mm_Renesa_GV3","0.00","599","0.00","10/12/2024"
"","Shafique Sayyed - Inventory","Van","PI-50488","SA0011","Consolidate PCB GV3_CF_Renesa+_GV3","0.00","350","0.00","10/12/2024"
"","Shafique Sayyed - Inventory","Van","PI-50489","SA0061","Power PCB (Without Potting) WH_CF_Renesa_GV3","0.00","400","0.00","10/12/2024"
"","Shafique Sayyed - Inventory","Van","PI-50490","SA0060","Power PCB (Without Potting) BL_CF_Renesa_GV3","0.00","400","0.00","10/12/2024"
"","Shafique Sayyed - Inventory","Van","PI-50491","RA0071","Blade_Aluminium_Earth Brown_1200mm_Renesa+/Renesa Smart_GV3","0.00","599","0.00","10/12/2024"
"","Shafique Sayyed - Inventory","Van","PI-52563","EA01701","PCB_Erica/Ameza/Renesa Zen_GV5 (STM8s,70micron single LED)","0.00","500","0.00","10/12/2024"
"","Shafique Sayyed - Inventory","Van","PI-52564","RA0073","Blade_Aluminium_Ivory_1200mm_Renesa_GV3","0.00","599","0.00","10/12/2024"
"","Shafique Sayyed - Inventory","Van","PI-54004","SRMF0032","Motor_Brown_1400mm_Renesa_GV3","0.00","2500","0.00","10/12/2024"
"","Shafique Sayyed - Inventory","Van","PI-54005","SRA1X1278","Motor_Gloss White_1200mm_Ikano_GV5","0.00","2500","0.00","10/12/2024"
"","Shafique Sayyed - Inventory","Van","PI-54006","SA0057","Stator_CF_1200mm_Efficio/Efficio+/Studio_GV2","0.00","500","0.00","10/12/2024"
"","Shafique Sayyed - Inventory","Van","PI-55577","EA04101","PCB_Renesa/Renesa+/Ikano/Sudio+ STM8s, 70micron  (6 LED)_GV5","0.00","500","0.00","10/12/2024"
"","Shafique Sayyed - Inventory","Van","PI-55578","SA0019","Consolidate PCB GV2_CF__Efficio_GV2","0.00","500","0.00","10/12/2024"
"","Shafique Sayyed - Inventory","Van","PI-55579","RA0157","Remote_CF_Renesa_GV3","0.00","150","0.00","10/12/2024"
"","Shafique Sayyed - Inventory","Van","PI-55580","RA0028","Bearing 6202_CF","0.00","60","0.00","10/12/2024"
"","Shafique Sayyed - Inventory","Van","PI-55581","A1X0601","CF_Universal Remote New","0.00","250","0.00","10/12/2024"
"","Shafique Sayyed - Inventory","Van","PI-55582","RA0345","Circlip Pin_CF_Renesa_GV3","0.00","9","0.00","10/12/2024"
"","Shafique Sayyed - Inventory","Van","PI-55583","SA0098","Stator_CF_1400mm_Renesa/Renesa+/Renesa Smart_GV3","0.00","500","0.00","10/12/2024"
"","Shafique Sayyed - Inventory","Van","PI-55584","SA0039","PCB_Remote_1200mm_Studio+_GV4","0.00","500","0.00","10/12/2024"
"","Shafique Sayyed - Inventory","Van","PI-55838","A1X0135","Deactivated - Bottom Body Assembly_Brown_Efficio Alpha/Ikano_GV5","0.00","220","0.00","10/12/2024"
"","Shafique Sayyed - Inventory","Van","PI-55839","A1X0136","Deactivated - Bottom Body Assembly_Ivory_Efficio Alpha/Ikano _GV5","0.00","220","0.00","10/12/2024"
"","Shafique Sayyed - Inventory","Van","PI-55840","A1X0134","Deactivated - Bottom Body_Plastic_Gloss Black_Ikano_GV5","0.00","220","0.00","10/12/2024"
"","Shafique Sayyed - Inventory","Van","PI-55841","SA0102","Motor Housing_Aegean Blue_CF_Renesa+/Renesa Smart_GV3","0.00","600","0.00","10/12/2024"
"","Shafique Sayyed - Inventory","Van","PI-63030","EA03201","PCB Without LED Strip_PCB_GV5","0.00","500","0.00","10/12/2024"
"","Shafique Sayyed - Inventory","Van","PI-63031","EA17601","PCB With LED Strip__Aris Starlight_GV5","0.00","500","0.00","10/12/2024"
"","Shafique Sayyed - Inventory","Van","PI-63078","RA1250","Deactivated - Blade_Aluminium_Earth Brown_1200mm_Renesa+/Renesa Smart_GV3","0.00","600","0.00","10/12/2024"
"","Shafique Sayyed - Inventory","Van","PI-63079","SA0038","PCB_Regulator_1200mm_Renesa Alpha_GV4","0.00","500","0.00","10/12/2024"
"","Shafique Sayyed - Inventory","Van","PI-63080","SRMASS0058","Digital PCB_Efficio+_Wall Mount_TPW","0.00","350","0.00","10/12/2024"
"","Shafique Sayyed - Inventory","Van","PI-63081","RA1105","Master Remote (Tech Use only)","0.00","250","0.00","10/12/2024"
"","Shafique Sayyed - Inventory","Van","PI-63082","B1X0056","Chutney jar sub assembly MG1.0","0.00","450","0.00","10/12/2024"
"","Shafique Sayyed - Inventory","Van","PI-63083","B1X0044","Wet/Dry jar sub asssembly MG1.0","0.00","450","0.00","10/12/2024"
"","Shafique Sayyed - Inventory","Van","PI-63084","RA0946","BLDC Motor_Efficio+_TPW","0.00","599","0.00","10/12/2024"
"","Shafique Sayyed - Inventory","Van","PI-63085","EA05401","Power PCB_Renesa Pedestal/Wall/Table_TPW","0.00","300","0.00","10/12/2024"
"","Shafique Sayyed - Inventory","Van","PI-63086","SRMASS0075","Power PCB_Efficio+_Wall Mount_TPW","0.00","499","0.00","10/12/2024"
"","Shafique Sayyed - Inventory","Van","PI-63087","SRMASS0149","Diffuser Opener Tool_CF_Renesa+_GV3","0.00","4720","0.00","10/12/2024"
"","Shafique Sayyed - Inventory","Van","PI-63088","SRMASS0074","Power PCB_Efficio+_Pedestal_TPW","0.00","499","0.00","10/12/2024"
"","Shafique Sayyed - Inventory","Van","PI-70145","SRA022904","Motor_Mn Black_1200mm_Renesa Reboot_GV5","0.00","2500","0.00","10/12/2024"
"","Shafique Sayyed - Inventory","Van","PI-70147","SRA023205","Motor_Midnight Black_1200mm_Renesa+Reboot_GV5","0.00","2500","0.00","10/12/2024"
"","Shafique Sayyed - Inventory","Van","PI-71771","SA0104","Motor Housing_Golden_CF_Renesa+/Renesa Smart_GV3","0.00","600","0.00","10/12/2024"
"","Shafique Sayyed - Inventory","Van","PI-71772","SA0103","Motor Housing_Sandan Grey_CF_Renesa+/Renesa Smart_GV3","0.00","600","0.00","10/12/2024"
"","Shafique Sayyed - Inventory","Van","PI-98753","A091905","Plastic Bottom Cover along with Screw_Gloss White_Ikano/Efficio Alpha_GV5","0.00","0","0.00","10/12/2024"
"","Shafique Sayyed - Inventory","Van","PI-98754","RA0183","Diffuser (Bottom Cap)_Black_Renesa_GV3","0.00","60","0.00","10/12/2024"
"","Shafique Sayyed - Inventory","Van","PI-100649","RA0072","Blade_Aluminium_Pearl White_1200mm_Renesa+/Renesa Smart_GV3","0.00","599","0.00","10/12/2024"
"","Shafique Sayyed - Inventory","Van","PI-100650","RA0087","Blade_Aluminium_Pearl White_900mm_Renesa+/Renesa Smart_GV3","0.00","599","0.00","10/12/2024"
"","Shafique Sayyed - Inventory","Van","PI-117625","A022806","Motor Housing_Metallic Golden_1200mm_Renesa Reboot_GV5","0.00","600","0.00","10/12/2024"
"","Shafique Sayyed - Inventory","Van","PI-117627","A2X0027","Synchronous Motor_Renesa/Stelios/Stelios Pro_TPW","0.00","150","0.00","10/12/2024"
"","Shafique Sayyed - Inventory","Van","PI-118057","EA05301","SMART PCBA /Phoenix-1 LED_PCB_GV5","0.00","700","0.00","10/12/2024"
"","Shafique Sayyed - Inventory","Van","PI-118066","A091902","Plastic Bottom Cover along with Screw_Gloss Black_Ikano/Efficio Alpha/Ameza_GV5","0.00","0","0.00","10/12/2024"
"","Shafique Sayyed - Inventory","Van","PI-118067","A159801","MG1.1 SS Jar Set with Lids Service","0.00","0","0.00","10/12/2024"
"","Shafique Sayyed - Inventory","Van","PI-118074","EA03001","Smart PCB Phoenix Led_PCB_1200mm_GV5","0.00","700","0.00","10/12/2024"
"","Shafique Sayyed - Inventory","Van","PI-118075","SA0010","Digital PCB_1200mm_Renesa Smart+_GV3","0.00","350","0.00","10/12/2024"
"","Shafique Sayyed - Inventory","Van","PI-118628","A022803","Motor Housing_Matt Brown_Renesa_GV5","0.00","220","0.00","10/12/2024"
"","Shafique Sayyed - Inventory","Van","PI-118994","SA0099","Stator_1200mm_Erica/Ikano/Ameza/Studio+Reboot/Renesa Reboot/Prime/Zen_GV5","0.00","500","0.00","10/12/2024"
"","Shafique Sayyed - Inventory","Van","PI-118995","RA1241","Canopy_Golden_CF_Renesa+_GV3","0.00","150","0.00","10/12/2024"
"","Shafique Sayyed - Inventory","Van","PI-119420","RA1240","Blade_Aluminium_Midnight Black_1200mm_Renesa_GV3","0.00","600","0.00","10/12/2024"
"","Shafique Sayyed - Inventory","Van","PI-119421","RA0146","Canopy_Black_CF_Renesa_GV3","0.00","150","0.00","10/12/2024"
"","Shafique Sayyed - Inventory","Van","PI-119649","EA08401","PCB_Renesa Prime_GV5 (Capacitor)","0.00","500","0.00","10/12/2024"
"","Shafique Sayyed - Inventory","Van","PI-119837","EA12401","PCB_White LED_Efficio Alpha/Enzel _GV5","0.00","500","0.00","10/12/2024"
"","Shafique Sayyed - Inventory","Van","PI-119954","B1X0116","MG1.0 Knob Assembly","0.00","80","0.00","10/12/2024"
"","Shafique Sayyed - Inventory","Van","PI-120393","A091906","Plastic Bottom Cover along with Screw_Gloss Brown_Ikano/Efficio Alpha_GV5","0.00","0","0.00","10/12/2024"
"","Shafique Sayyed - Inventory","Van","PI-120630","B1C0003","MG 1 Sensor PCB","0.00","150","0.00","10/12/2024"
"","Shafique Sayyed - Inventory","Van","PI-120631","A091907","Plastic Bottom Cover along with Screw_Gloss Ivory_Ikano/Efficio Alpha_GV5","0.00","0","0.00","10/12/2024"
"","Shafique Sayyed - Inventory","Van","PI-120632","B1C0002","MG 1 Interface PCB","0.00","350","0.00","10/12/2024"
"","Shafique Sayyed - Inventory","Van","PI-120633","B1C0001","MG 1 Driver PCB","0.00","1000","0.00","10/12/2024"
"","Shafique Sayyed - Inventory","Van","PI-121027","RA0075","Blade_Aluminium_G-Oak_1200mm_Renesa+/Renesa Smart_GV3","0.00","599","0.00","10/12/2024"
"","Shafique Sayyed - Inventory","Van","PI-121356","A022801","Motor Housing White_Renesa/Renesa+/Renesa Smart+ GV5","0.00","500","0.00","10/12/2024"
"","Shafique Sayyed - Inventory","Van","PI-121718","SA0087","PCB_Main_1200mm_Ozeo_GV4","0.00","500","0.00","10/12/2024"
"","Shafique Sayyed - Inventory","Van","PI-122110","RA0924","Body_Top Plastic Assembly_Gloss Black_Alpha/Renesa Zen/Prime_GV5","0.00","220","0.00","10/12/2024"
"","Shafique Sayyed - Inventory","Van","PI-122305","A023101","Motor Housing_Grey_Renesa+_GV5","0.00","600","0.00","10/12/2024"
"","Shafique Sayyed - Inventory","Van","PI-123653","A2C0002","Power PCB_Renesa Pedestal Non Swing_TPW","0.00","500","0.00","10/12/2024"
"","Shafique Sayyed - Inventory","Van","PI-124651","A1X0138","Blade_Aluminium_Black_1200mm_Ikano_GV5","0.00","600","0.00","10/12/2024"
"","Shafique Sayyed - Inventory","Van","PI-124797","SA0020","Sensor PCB_CF","0.00","60","0.00","10/12/2024"
"","Shafique Sayyed - Inventory","Van","PI-125302","SA0001","Rotor_Efficio_GV2","0.00","300","0.00","10/12/2024"
"","Shafique Sayyed - Inventory","Van","PI-125679","RA0951","Neck_400mm_Pedestal E+_TPW","0.00","199","0.00","10/12/2024"
"","Shafique Sayyed - Inventory","Van","PI-125680","RA0790","Neck_400mm_Wall Mount_TPW","0.00","199","0.00","10/12/2024"
"","Shafique Sayyed - Inventory","Van","PI-125681","A033006","Canopy Midnight Black Set Pack_GV5","0.00","150","0.00","10/12/2024"
"","Shafique Sayyed - Inventory","Van","PI-126186","A1X0140","Blade_Aluminium_Gloss Ivory_1200mm_Ikano_GV5","0.00","600","0.00","10/12/2024"
"","Shafique Sayyed - Inventory","Van","PI-127378","EA07701","PCB_Renesa_900mm/1400mm_GV5.0 Reboot PCBA _Nuvoton+UCC-70 Micron_GV5","0.00","500","0.00","10/12/2024"
"","Shafique Sayyed - Inventory","Van","PI-127555","A1X0042","Bottom Body_Plastic_Sand Grey_Studio+Reboot_GV5","0.00","220","0.00","10/12/2024"
"","Shafique Sayyed - Inventory","Van","PI-128540","RA0156","Remote_CF_Efficio_GV2","0.00","150","0.00","10/12/2024"
"","Shafique Sayyed - Inventory","Van","PI-139767","RA0074","Blade_Aluminium_Matt Brown_1200mm_Renesa_GV3","0.00","599","0.00","10/12/2024"
"","Shafique Sayyed - Inventory","Van","PI-797219","TestProduct","Test PCB","0.00","0","0.00","10/12/2024"
"","Shafique Sayyed - Inventory","Van","PI-823720","EA18601","Updated STM32_PCB_White LED_Efficio Alpha/Enzel/Azor _GV5","0.00","0","0.00","10/12/2024"
"","Shafique Sayyed - Inventory","Van","PI-826233","EA20801","Updated STM32_PCB_Enerio 28W_GV5","0.00","0","0.00","10/12/2024"
"","Shafique Sayyed - Inventory","Van","PI-846277","EA12301","Updated STM32 PCB C0_0.6M/0.9M/1.2M/ 1.4M_ Renesa/Renesa+/Studio+/Ikano/Prime_GV5","0.00","0","0.00","10/12/2024"
"","Shafique Sayyed - Inventory","Van","PI-860000","A3H0017","5 Pin Wire harness_Renesa Walrus/Pedestal_Black_TPW","0.00","0","0.00","10/12/2024"
"","Shafique Sayyed - Inventory","Van","PI-864867","A064116","Blade_Aluminium_Enzel/Renesa Zen_1200mm_Dark Walnut_GV5","0.00","0","0.00","10/12/2024"
"","Shafique Sayyed - Inventory","Van","PI-867409","A064120","Blade_Aluminium_Enzel/Renesa Zen_1200mm_Maplewood_GV5","0.00","0","0.00","10/12/2024"
"","Shafique Sayyed - Inventory","Van","PI-869951","A064118","Blade_Aluminium_Enzel/Renesa Zen_1200mm_Mistly Teal_GV5","0.00","0","0.00","10/12/2024"
"","Shafique Sayyed - Inventory","Van","PI-872493","A064119","Blade_Aluminium_Enzel/Renesa Zen_1200mm_Pebble Grey_GV5","0.00","0","0.00","10/12/2024"
"","Shafique Sayyed - Inventory","Van","PI-875035","A170501","Updated Motor housing_Renesa Prime_GV5","0.00","0","0.00","10/12/2024"
"","Shafique Sayyed - Inventory","Van","PI-888518","A033005","Canopy_Pearl White_Renesa+_GV5","0.00","150","0.00","10/12/2024"
"","Shafique Sayyed - Inventory","Van","PI-890408","SA0105","Updated Plastic body with screw_Pebble Grey_Prime/Enzel/Zen_GV5","0.00","0","0.00","10/12/2024"
"","Shafique Sayyed - Inventory","Van","PI-892961","SA0106","Updated Plastic body with screw_Gloss White_Prime/Enzel/Zen_GV5","0.00","0","0.00","10/12/2024"
"","Shafique Sayyed - Inventory","Van","PI-895514","SA0107","Updated Plastic body with screw_Gloss Black_Prime/Enzel/Zen_GV5","0.00","0","0.00","10/12/2024"
"","Shafique Sayyed - Inventory","Van","PI-898067","SA0108","Updated Plastic body with screw_Gloss Brown_Prime/Enzel/Zen_GV5","0.00","0","0.00","10/12/2024"
"","Shafique Sayyed - Inventory","Van","PI-916840","TestSa001","PCB_Regulator_1200mm_Renesa Alpha_GV4Test","0.00","0","0.00","10/12/2024"
"","Shafique Sayyed - Inventory","Van","PI-917579","A022807","Motor Housing_Pearl white_Renesa+_GV5","0.00","600","0.00","10/12/2024"
"","Shafique Sayyed - Inventory","Van","PI-919963","SA0100","Stator_900mm_CF_GV5","0.00","220","0.00","10/12/2024"
"","Shafique Sayyed - Inventory","Van","PI-922079","EA07101","Sensor PCB_Zenova_MG","0.00","0","0.00","10/12/2024"
"","Shafique Sayyed - Inventory","Van","PI-943716","A091904","Plastic Bottom Cover along with Screw_Gloss Ivory_Ameza_GV5","0.00","0","0.00","10/12/2024"
"","Shafique Sayyed - Inventory","Van","PI-943717","A064110","Blade_Aluminium_Gloss White_Renesa Prime_GV5","0.00","600","0.00","10/12/2024"
"","Shafique Sayyed - Inventory","Van","PI-961792","A029703","Blade_Plastic_Steller Black_1200mm_Aris_IOT_GV5","0.00","0","0.00","10/12/2024"
"","Shafique Sayyed - Inventory","Van","PI-964393","A101703","Top Canopy_Steller Black_1200mm_Aris_IOT_GV5","0.00","0","0.00","10/12/2024"
"","Shafique Sayyed - Inventory","Van","PI-966994","A101803","Canopy top Plate_steller black_1200mm_Aris_IOT_GV5","0.00","0","0.00","10/12/2024"
"","Shafique Sayyed - Inventory","Van","PI-969595","A102003","Middle upper canopy_Steller black_Aris_GV5","0.00","0","0.00","10/12/2024"
"","Shafique Sayyed - Inventory","Van","PI-972196","A102203","Middle Lower canopy_Steller black_Aris_GV5","0.00","0","0.00","10/12/2024"
"","Shafique Sayyed - Inventory","Van","PI-974797","A102403","Bottom Canopy_Steller Black_1220mm_Aris_IOT_GV5","0.00","0","0.00","10/12/2024"
"","Shafique Sayyed - Inventory","Van","PI-977398","A006402","False cover_Aris_GV5","0.00","0","0.00","10/12/2024"
"","Shafique Sayyed - Inventory","Van","PI-979999","A006505","Bottom cover_Steller black_Aris_GV5","0.00","0","0.00","10/12/2024"
"","Shafique Sayyed - Inventory","Van","PI-982600","A002903","Motor Housing_Steller Black_1200mm_Aris_IOT_GV5","0.00","0","0.00","10/12/2024"
"","Shafique Sayyed - Inventory","Van","PI-990644","A158402","Motor & Jar Coupler Set_MG1.0/Zenova/Maple_MG","0.00","0","0.00","10/12/2024"
"","Shafique Sayyed - Inventory","Van","PI-993245","SA0110","Grill Belt Assembly_Black_Renesa Pedestal/Wall/Table/Stelios Pro/Izar Pedestal_TPW","0.00","0","0.00","10/12/2024"
"","Shafique Sayyed - Inventory","Van","PI-995846","SA0109","Grill belt assembly_White_Renesa/Stelios/Izar Pedestal_TPW","0.00","0","0.00","10/12/2024"
"","Shafique Sayyed - Inventory","Van","PI-1002014","RA1348","FG replacement Tags","0.00","0","0.00","10/12/2024"
"","Shafique Sayyed - Inventory","Van","PI-1005778","RA1631","Service Cello Tape (Yellow - 3INX65M)","0.00","0","0.00","10/12/2024"
"","Shafique Sayyed - Inventory","Van","PI-1008383","RA1632","Defective Spares Tag","0.00","0","0.00","10/12/2024"
"","Shafique Sayyed - Inventory","Van","PI-1010988","RA1633","Defective FG Replacement seal","0.00","0","0.00","10/12/2024"
"","Shafique Sayyed - Inventory","Van","PI-1026448","A073415","Downrod_Aegean Blue_CF","0.00","0","0.00","10/12/2024"
"","Shafique Sayyed - Inventory","Van","PI-1050723","A073406","Downrod_Golden_CF","0.00","0","0.00","10/12/2024"
"","Shafique Sayyed - Inventory","Van","PI-1053735","A091911","Bottom Cover_Ameza_GV5","0.00","0","0.00","10/12/2024"
"","Shafique Sayyed - Inventory","Van","PI-1056747","EA16901","Updated_PCB STM32_1200mm_Erica/Ameza/Renesa Zen_1 LED_GV5","0.00","0","0.00","10/12/2024"
"","Shafique Sayyed - Inventory","Van","PI-1059759","A112503","Canopy_Sea Sand Ivory_Ameza_GV5","0.00","0","0.00","10/12/2024"
"","Shafique Sayyed - Inventory","Van","PI-1064141","A073401","Downrod_Earth Brown_CF_Studio+_GV4","0.00","60","0.00","10/12/2024"
"","Shafique Sayyed - Inventory","Van","PI-1067994","A064113","Blade_Aluminium_SS Ivory_Renesa Prime _GV5","0.00","0","0.00","10/12/2024"
"","Shafique Sayyed - Inventory","Van","PI-1104196","A004001","Motor Bldc_150mm_Studio_EXH","0.00","599","0.00","10/12/2024"
"","Shafique Sayyed - Inventory","Van","PI-2096246","DS","","10.00","1","10.00","10/12/2024"
"","Premnath Patil - Inventory","Van","PI-95646","A2X0027","Deactivated (Duplicacy) Synchronous Motor_TPW","0.00","2500","0.00","10/12/2024"
"","Premnath Patil - Inventory","Van","PI-95647","A141701","Surge Protection Device Module Assembly_CF","0.00","0","0.00","10/12/2024"
"","Premnath Patil - Inventory","Van","PI-95648","RA0070","Blade_Aluminium_White_1200mm_Renesa_GV3","0.00","599","0.00","10/12/2024"
"","Premnath Patil - Inventory","Van","PI-95649","A2C0003","Interface PCB_Renesa Pedestal Non Swing_TPW","0.00","150","0.00","10/12/2024"
"","Premnath Patil - Inventory","Van","PI-95650","RA0072","Blade_Aluminium_Pearl White_1200mm_Renesa+/Renesa Smart_GV3","0.00","599","0.00","10/12/2024"
"","Premnath Patil - Inventory","Van","PI-95651","SA0099","Stator_1200mm_Erica/Ikano/Ameza/Studio+Reboot/Renesa Reboot/Prime/Zen_GV5","2.00","500","2.00","10/12/2024"
"","Premnath Patil - Inventory","Van","PI-95652","EA05301","SMART PCBA /Phoenix-1 LED_PCB_GV5","0.00","700","0.00","10/12/2024"
"","Premnath Patil - Inventory","Van","PI-95653","EA05401","Power PCB_Renesa Pedestal/Wall/Table_TPW","0.00","300","0.00","10/12/2024"
"","Premnath Patil - Inventory","Van","PI-95654","A2C0002","Power PCB_Renesa Pedestal Non Swing_TPW","0.00","500","0.00","10/12/2024"
"","Premnath Patil - Inventory","Van","PI-4096","SA0001","Rotor_Efficio_GV2","0.00","300","0.00","10/12/2024"
"","Premnath Patil - Inventory","Van","PI-4097","SA0060","Power PCB (Without Potting) BL_CF_Renesa_GV3","6.00","400","6.00","10/12/2024"
"","Premnath Patil - Inventory","Van","PI-4098","SA0021","Main PCB_CF_1200mm_Efficio_Reg_28W_GV2","0.00","500","0.00","10/12/2024"
"","Premnath Patil - Inventory","Van","PI-4099","SA0011","Consolidate PCB GV3_CF_Renesa+_GV3","12.00","350","12.00","10/12/2024"
"","Premnath Patil - Inventory","Van","PI-4100","SA0019","Consolidate PCB GV2_CF__Efficio_GV2","3.00","500","3.00","10/12/2024"
"","Premnath Patil - Inventory","Van","PI-4101","SA0040","Motor Housing_Black_CF_Renesa_GV3","2.00","590","2.00","10/12/2024"
"","Premnath Patil - Inventory","Van","PI-4102","EA04101","PCB_Renesa/Renesa+/Ikano/Sudio+ STM8s, 70micron  (6 LED)_GV5","0.00","500","0.00","10/12/2024"
"","Premnath Patil - Inventory","Van","PI-35868","SA0020","Sensor PCB_CF","5.00","60","5.00","10/12/2024"
"","Premnath Patil - Inventory","Van","PI-35869","RA0183","Diffuser (Bottom Cap)_Black_Renesa_GV3","1.00","60","1.00","10/12/2024"
"","Premnath Patil - Inventory","Van","PI-35870","RA0038","Spring_CF_Renesa_GV3","2.00","25","2.00","10/12/2024"
"","Premnath Patil - Inventory","Van","PI-35871","RA0173","Sensor Holder_CF","5.00","30","5.00","10/12/2024"
"","Premnath Patil - Inventory","Van","PI-35872","SA0041","Motor Housing_White_CF_Renesa_GV3","5.00","590","5.00","10/12/2024"
"","Premnath Patil - Inventory","Van","PI-35873","RA0031","Oc Connector_CF","2.00","15","2.00","10/12/2024"
"","Premnath Patil - Inventory","Van","PI-35874","RA0345","Circlip Pin_CF_Renesa_GV3","5.00","9","5.00","10/12/2024"
"","Premnath Patil - Inventory","Van","PI-35875","SA0058","Stator_CF_1400mm_Efficio/Efficio+/Studio_GV2","0.00","500","0.00","10/12/2024"
"","Premnath Patil - Inventory","Van","PI-35876","RA0157","Remote_CF_Renesa_GV3","0.00","150","0.00","10/12/2024"
"","Premnath Patil - Inventory","Van","PI-35877","SA0010","Digital PCB_1200mm_Renesa Smart+_GV3","0.00","350","0.00","10/12/2024"
"","Premnath Patil - Inventory","Van","PI-35878","A1X0601","CF_Universal Remote New","1.00","250","1.00","10/12/2024"
"","Premnath Patil - Inventory","Van","PI-35879","SA0045","Motor Housing_Earth Brown_CF_Renesa+/Renesa Smart_GV3","3.00","590","3.00","10/12/2024"
"","Premnath Patil - Inventory","Van","PI-35880","SA0057","Stator_CF_1200mm_Efficio/Efficio+/Studio_GV2","2.00","500","2.00","10/12/2024"
"","Premnath Patil - Inventory","Van","PI-35881","SA0039","PCB_Remote_1200mm_Studio+_GV4","1.00","500","1.00","10/12/2024"
"","Premnath Patil - Inventory","Van","PI-35882","SA0042","Motor Housing_Brown_CF_Renesa_GV3","1.00","590","1.00","10/12/2024"
"","Premnath Patil - Inventory","Van","PI-35883","SA0038","PCB_Regulator_1200mm_Renesa Alpha_GV4","0.00","500","0.00","10/12/2024"
"","Premnath Patil - Inventory","Van","PI-35884","SA0087","PCB_Main_1200mm_Ozeo_GV4","0.00","500","0.00","10/12/2024"
"","Premnath Patil - Inventory","Van","PI-35885","RA0182","Diffuser (Bottom Cap)_White_Renesa_GV3","3.00","60","3.00","10/12/2024"
"","Premnath Patil - Inventory","Van","PI-35886","SA0056","Stator_CF_1200mm_Renesa/Renesa+/Renesa Smart_GV3","2.00","500","2.00","10/12/2024"
"","Premnath Patil - Inventory","Van","PI-35887","RA1239","Deactivated - Motor Housing_Sandan Grey_CF_Renesa+/Renesa Smart_GV3","0.00","600","0.00","10/12/2024"
"","Premnath Patil - Inventory","Van","PI-35888","EA03001","Smart PCB Phoenix Led_PCB_1200mm_GV5","0.00","700","0.00","10/12/2024"
"","Premnath Patil - Inventory","Van","PI-35889","RA0037","Spring_Efficio_ Gv2a_GV2","3.00","25","3.00","10/12/2024"
"","Premnath Patil - Inventory","Van","PI-44048","RA0177","Diffuser_Pearl Ivory_Efficio_GV2","0.00","25","0.00","10/12/2024"
"","Premnath Patil - Inventory","Van","PI-44049","SA0098","Stator_CF_1400mm_Renesa/Renesa+/Renesa Smart_GV3","0.00","500","0.00","10/12/2024"
"","Premnath Patil - Inventory","Van","PI-44050","SA0061","Power PCB (Without Potting) WH_CF_Renesa_GV3","2.00","400","2.00","10/12/2024"
"","Premnath Patil - Inventory","Van","PI-44051","SA0055","Stator_CF_600mm_Renesa/Renesa+/Renesa Smart_GV3","0.00","500","0.00","10/12/2024"
"","Premnath Patil - Inventory","Van","PI-44052","RA0156","Remote_CF_Efficio_GV2","0.00","150","0.00","10/12/2024"
"","Premnath Patil - Inventory","Van","PI-44053","EA01701","PCB_Erica/Ameza/Renesa Zen_GV5 (STM8s,70micron single LED)","0.00","500","0.00","10/12/2024"
"","Premnath Patil - Inventory","Van","PI-61892","A022804","Motor Housing_Black_1200mm_Renesa+_GV5","3.00","600","3.00","10/12/2024"
"","Premnath Patil - Inventory","Van","PI-61893","A142201","Blade_Aluminium_White_1200mm_Efficio/Efficio+/Studio_GV2","0.00","599","0.00","10/12/2024"
"","Premnath Patil - Inventory","Van","PI-61894","A1X1104","Blade_Aluminium_Golden Oak_600mm_Renesa+/Renesa Smart_GV3","0.00","600","0.00","10/12/2024"
"","Premnath Patil - Inventory","Van","PI-61895","RA0028","Bearing 6202_CF","6.00","60","6.00","10/12/2024"
"","Premnath Patil - Inventory","Van","PI-61896","RA0848","Blade_Aluminium_Earth Brown_1200mm_Studio+_GV4","0.00","599","0.00","10/12/2024"
"","Premnath Patil - Inventory","Van","PI-71448","SA0103","Motor Housing_Sandan Grey_CF_Renesa+/Renesa Smart_GV3","0.00","600","0.00","10/12/2024"
"","Premnath Patil - Inventory","Van","PI-73502","SA0097","Stator_CF_0900mm_Renesa/Renesa+/Renesa Smart_GV3","0.00","500","0.00","10/12/2024"
"","Premnath Patil - Inventory","Van","PI-74867","SPR0172","Top Motor Housing_Metal_Studio+_GV4","0.00","484","0.00","10/12/2024"
"","Premnath Patil - Inventory","Van","PI-74868","A1X1217","Stator_1200mm_Studio+/Renesa Alpha/Naveo_GV4","0.00","500","0.00","10/12/2024"
"","Premnath Patil - Inventory","Van","PI-83135","A1X0150","Deactivated - Bottom Body Assembly_Gloss White_900mm_Ikano/Efficio Alpha_GV5","0.00","220","0.00","10/12/2024"
"","Premnath Patil - Inventory","Van","PI-83136","A1X0135","Deactivated - Bottom Body Assembly_Brown_Efficio Alpha/Ikano_GV5","0.00","220","0.00","10/12/2024"
"","Premnath Patil - Inventory","Van","PI-83137","SRMASS0074","Power PCB_Efficio+_Pedestal_TPW","0.00","499","0.00","10/12/2024"
"","Premnath Patil - Inventory","Van","PI-83138","SRMASS0060","Display PCB_Efficio+_Pedestal_TPW","0.00","349","0.00","10/12/2024"
"","Premnath Patil - Inventory","Van","PI-83139","SRMASS0058","Digital PCB_Efficio+_Wall Mount_TPW","0.00","350","0.00","10/12/2024"
"","Premnath Patil - Inventory","Van","PI-83140","A027203","Deactivated - Bottom Body Assembly_Gloss Ivory_Efficio Alpha/Ameza_GV5","0.00","220","0.00","10/12/2024"
"","Premnath Patil - Inventory","Van","PI-83141","RA0946","BLDC Motor_Efficio+_TPW","0.00","599","0.00","10/12/2024"
"","Premnath Patil - Inventory","Van","PI-83142","SRMASS0056","Control PCB_Efficio+_Pedestal_TPW","0.00","349","0.00","10/12/2024"
"","Premnath Patil - Inventory","Van","PI-83143","SRMASS0075","Power PCB_Efficio+_Wall Mount_TPW","0.00","499","0.00","10/12/2024"
"","Premnath Patil - Inventory","Van","PI-83144","A1X0136","Deactivated - Bottom Body Assembly_Ivory_Efficio Alpha/Ikano _GV5","0.00","220","0.00","10/12/2024"
"","Premnath Patil - Inventory","Van","PI-86953","RA0075","Blade_Aluminium_G-Oak_1200mm_Renesa+/Renesa Smart_GV3","0.00","599","0.00","10/12/2024"
"","Premnath Patil - Inventory","Van","PI-86954","A1X1091","Blade_Aluminium_Aegean Blue_1200mm_Renesa+/Renesa Smart_GV3","0.00","600","0.00","10/12/2024"
"","Premnath Patil - Inventory","Van","PI-98981","A091905","Plastic Bottom Cover along with Screw_Gloss White_Ikano/Efficio Alpha_GV5","0.00","0","0.00","10/12/2024"
"","Premnath Patil - Inventory","Van","PI-98982","RA0919","Body_Top Plastic Assembly_Gloss Brown_Alpha/Renesa Zen/Prime_GV5","0.00","220","0.00","10/12/2024"
"","Premnath Patil - Inventory","Van","PI-98983","A091907","Plastic Bottom Cover along with Screw_Gloss Ivory_Ikano/Efficio Alpha_GV5","0.00","0","0.00","10/12/2024"
"","Premnath Patil - Inventory","Van","PI-104007","A2H0004","M8 Nut_Renesa Pedestal/Table/Stelios Pro Pedestal_TPW","0.00","80","0.00","10/12/2024"
"","Premnath Patil - Inventory","Van","PI-104008","A091906","Plastic Bottom Cover along with Screw_Gloss Brown_Ikano/Efficio Alpha_GV5","2.00","0","2.00","10/12/2024"
"","Premnath Patil - Inventory","Van","PI-104009","A2H0003","M8 X 31 Neck Bolt_Renesa Pedesatal_Non Swing_TPW","0.00","80","0.00","10/12/2024"
"","Premnath Patil - Inventory","Van","PI-104010","A2H0002","M6 Nut_Renesa Pedestal/Table/Stelios Pro Pedestal_TPW","0.00","80","0.00","10/12/2024"
"","Premnath Patil - Inventory","Van","PI-104011","EA03201","PCB Without LED Strip_PCB_GV5","0.00","500","0.00","10/12/2024"
"","Premnath Patil - Inventory","Van","PI-104012","A091902","Plastic Bottom Cover along with Screw_Gloss Black_Ikano/Efficio Alpha/Ameza_GV5","1.00","0","1.00","10/12/2024"
"","Premnath Patil - Inventory","Van","PI-104013","EA12401","PCB_White LED_Efficio Alpha/Enzel _GV5","0.00","500","0.00","10/12/2024"
"","Premnath Patil - Inventory","Van","PI-104554","SRMASS0149","Diffuser Opener Tool_CF_Renesa+_GV3","1.00","4720","1.00","10/12/2024"
"","Premnath Patil - Inventory","Van","PI-104555","RA1105","Master Remote (Tech Use only)","1.00","250","1.00","10/12/2024"
"","Premnath Patil - Inventory","Van","PI-797210","TestProduct","Test PCB","0.00","0","0.00","10/12/2024"
"","Premnath Patil - Inventory","Van","PI-823711","EA18601","Updated STM32_PCB_White LED_Efficio Alpha/Enzel/Azor _GV5","0.00","0","0.00","10/12/2024"
"","Premnath Patil - Inventory","Van","PI-826224","EA20801","Updated STM32_PCB_Enerio 28W_GV5","0.00","0","0.00","10/12/2024"
"","Premnath Patil - Inventory","Van","PI-856772","EA12301","Updated STM32 PCB C0_0.6M/0.9M/1.2M/ 1.4M_ Renesa/Renesa+/Studio+/Ikano/Prime_GV5","13.00","0","13.00","10/12/2024"
"","Premnath Patil - Inventory","Van","PI-859991","A3H0017","5 Pin Wire harness_Renesa Walrus/Pedestal_Black_TPW","0.00","0","0.00","10/12/2024"
"","Premnath Patil - Inventory","Van","PI-864858","A064116","Blade_Aluminium_Enzel/Renesa Zen_1200mm_Dark Walnut_GV5","0.00","0","0.00","10/12/2024"
"","Premnath Patil - Inventory","Van","PI-867400","A064120","Blade_Aluminium_Enzel/Renesa Zen_1200mm_Maplewood_GV5","0.00","0","0.00","10/12/2024"
"","Premnath Patil - Inventory","Van","PI-869942","A064118","Blade_Aluminium_Enzel/Renesa Zen_1200mm_Mistly Teal_GV5","0.00","0","0.00","10/12/2024"
"","Premnath Patil - Inventory","Van","PI-872484","A064119","Blade_Aluminium_Enzel/Renesa Zen_1200mm_Pebble Grey_GV5","0.00","0","0.00","10/12/2024"
"","Premnath Patil - Inventory","Van","PI-875026","A170501","Updated Motor housing_Renesa Prime_GV5","0.00","0","0.00","10/12/2024"
"","Premnath Patil - Inventory","Van","PI-890399","SA0105","Updated Plastic body with screw_Pebble Grey_Prime/Enzel/Zen_GV5","0.00","0","0.00","10/12/2024"
"","Premnath Patil - Inventory","Van","PI-892952","SA0106","Updated Plastic body with screw_Gloss White_Prime/Enzel/Zen_GV5","0.00","0","0.00","10/12/2024"
"","Premnath Patil - Inventory","Van","PI-895505","SA0107","Updated Plastic body with screw_Gloss Black_Prime/Enzel/Zen_GV5","0.00","0","0.00","10/12/2024"
"","Premnath Patil - Inventory","Van","PI-898058","SA0108","Updated Plastic body with screw_Gloss Brown_Prime/Enzel/Zen_GV5","0.00","0","0.00","10/12/2024"
"","Premnath Patil - Inventory","Van","PI-916831","TestSa001","PCB_Regulator_1200mm_Renesa Alpha_GV4Test","0.00","0","0.00","10/12/2024"
"","Premnath Patil - Inventory","Van","PI-922070","EA07101","Sensor PCB_Zenova_MG","0.00","0","0.00","10/12/2024"
"","Premnath Patil - Inventory","Van","PI-961783","A029703","Blade_Plastic_Steller Black_1200mm_Aris_IOT_GV5","0.00","0","0.00","10/12/2024"
"","Premnath Patil - Inventory","Van","PI-964384","A101703","Top Canopy_Steller Black_1200mm_Aris_IOT_GV5","0.00","0","0.00","10/12/2024"
"","Premnath Patil - Inventory","Van","PI-966985","A101803","Canopy top Plate_steller black_1200mm_Aris_IOT_GV5","0.00","0","0.00","10/12/2024"
"","Premnath Patil - Inventory","Van","PI-969586","A102003","Middle upper canopy_Steller black_Aris_GV5","0.00","0","0.00","10/12/2024"
"","Premnath Patil - Inventory","Van","PI-972187","A102203","Middle Lower canopy_Steller black_Aris_GV5","0.00","0","0.00","10/12/2024"
"","Premnath Patil - Inventory","Van","PI-974788","A102403","Bottom Canopy_Steller Black_1220mm_Aris_IOT_GV5","0.00","0","0.00","10/12/2024"
"","Premnath Patil - Inventory","Van","PI-977389","A006402","False cover_Aris_GV5","0.00","0","0.00","10/12/2024"
"","Premnath Patil - Inventory","Van","PI-979990","A006505","Bottom cover_Steller black_Aris_GV5","0.00","0","0.00","10/12/2024"
"","Premnath Patil - Inventory","Van","PI-982591","A002903","Motor Housing_Steller Black_1200mm_Aris_IOT_GV5","0.00","0","0.00","10/12/2024"
"","Premnath Patil - Inventory","Van","PI-990635","A158402","Motor & Jar Coupler Set_MG1.0/Zenova/Maple_MG","0.00","0","0.00","10/12/2024"
"","Premnath Patil - Inventory","Van","PI-993236","SA0110","Grill Belt Assembly_Black_Renesa Pedestal/Wall/Table/Stelios Pro/Izar Pedestal_TPW","0.00","0","0.00","10/12/2024"
"","Premnath Patil - Inventory","Van","PI-995837","SA0109","Grill belt assembly_White_Renesa/Stelios/Izar Pedestal_TPW","0.00","0","0.00","10/12/2024"
"","Premnath Patil - Inventory","Van","PI-1002005","RA1348","FG replacement Tags","0.00","0","0.00","10/12/2024"
"","Premnath Patil - Inventory","Van","PI-1005769","RA1631","Service Cello Tape (Yellow - 3INX65M)","0.00","0","0.00","10/12/2024"
"","Premnath Patil - Inventory","Van","PI-1008374","RA1632","Defective Spares Tag","0.00","0","0.00","10/12/2024"
"","Premnath Patil - Inventory","Van","PI-1010979","RA1633","Defective FG Replacement seal","0.00","0","0.00","10/12/2024"
"","Premnath Patil - Inventory","Van","PI-1026439","A073415","Downrod_Aegean Blue_CF","0.00","0","0.00","10/12/2024"
"","Premnath Patil - Inventory","Van","PI-1050714","A073406","Downrod_Golden_CF","0.00","0","0.00","10/12/2024"
"","Premnath Patil - Inventory","Van","PI-1053726","A091911","Bottom Cover_Ameza_GV5","0.00","0","0.00","10/12/2024"
"","Premnath Patil - Inventory","Van","PI-1056738","EA16901","Updated_PCB STM32_1200mm_Erica/Ameza/Renesa Zen_1 LED_GV5","3.00","0","3.00","10/12/2024"
"","Premnath Patil - Inventory","Van","PI-1059750","A112503","Canopy_Sea Sand Ivory_Ameza_GV5","0.00","0","0.00","10/12/2024"
"","Premnath Patil - Inventory","Van","PI-1064132","A073401","Downrod_Earth Brown_CF_Studio+_GV4","0.00","60","0.00","10/12/2024"
"","Premnath Patil - Inventory","Van","PI-1067986","A064113","Blade_Aluminium_SS Ivory_Renesa Prime _GV5","0.00","0","0.00","10/12/2024"
"","Premnath Patil - Inventory","Van","PI-1293318","RA1237","Blade_Aluminium_Sand Grey_1200mm_Renesa+/Renesa Smart_GV3","0.00","600","0.00","10/12/2024"
"","Premnath Patil - Inventory","Van","PI-1441136","A1X0827","GV5 PCB Mounting Plate_CF","2.00","50","2.00","10/12/2024"
"","Premnath Patil - Inventory","Van","PI-1441137","A1X0137","Blade_Aluminium_White_1200mm_Ikano_GV5","0.00","600","0.00","10/12/2024"
"","Premnath Patil - Inventory","Van","PI-1508524","SRA2M0150","BLDC Motor_Renesa_TPW","0.00","700","0.00","10/12/2024"
"","Premnath Patil - Inventory","Van","PI-1600694","A181204","(Telescopic Canopy)Middle Canopy upper + Lower assly_sand Grey_Studio+_GV5","0.00","0","0.00","10/12/2024"
"","Premnath Patil - Inventory","Van","PI-1600695","A181304","(Telescopic Canopy)Top+Bottom Canopy assly_sand Grey_Studio+_GV5","0.00","0","0.00","10/12/2024"
"","Premnath Patil - Inventory","Van","PI-1600696","RA0863","(Old canopy) Canopy_Plate_Sand Grey_CF_Studio+_GV4","0.00","60","0.00","10/12/2024"
"","Premnath Patil - Inventory","Van","PI-1600697","A1X0138","Blade_Aluminium_Black_1200mm_Ikano_GV5","0.00","600","0.00","10/12/2024"
"","Premnath Patil - Inventory","Van","PI-1600698","RA0855","(Old canopy) Bottom_Canopy_Sand Grey_CF_Studio+_GV4","0.00","85","0.00","10/12/2024"
"","Premnath Patil - Inventory","Van","PI-1600699","A1X1087","Canopy_White Set_Erica_GV5","0.00","150","0.00","10/12/2024"
"","Premnath Patil - Inventory","Van","PI-1600700","A160204","(Telescopic Canopy)Top Plate Canopy_sand Grey_Studio+_GV5","0.00","0","0.00","10/12/2024"
"","Premnath Patil - Inventory","Van","PI-1656333","RA0082","Blade_Aluminium_Brown_1400mm_Renesa/Renesa+/Renesa Smart_GV3 & GV5","0.00","599","0.00","10/12/2024"
"","Premnath Patil - Inventory","Van","PI-1656335","RA0074","Blade_Aluminium_Matt Brown_1200mm_Renesa_GV3","0.00","599","0.00","10/12/2024"
"","Premnath Patil - Inventory","Van","PI-1680962","EA17701","PCB 41W_Aris non-starlight_GV5","0.00","0","0.00","10/12/2024"
"","Premnath Patil - Inventory","Van","PI-1868985","A159801","MG1.1 SS Jar Set with Lids Service","1.00","0","1.00","10/12/2024"
"","Premnath Patil - Inventory","Van","PI-2096247","DS","","0.00","1","0.00","10/12/2024"
"","Premnath Patil - Inventory","Van","PI-2380685","A142202","Blade_Aluminium_Brown_1200mm_Efficio/Efficio+/Studio_GV2","0.00","599","0.00","10/12/2024"
"","Premnath Patil - Inventory","Van","PI-2896673","A1X0139","Blade_Aluminium_Gloss Brown_1200mm_Ikano_GV5","0.00","600","0.00","10/12/2024"
"","Premnath Patil - Inventory","Van","PI-3110675","A091903","Plastic Bottom Cover along with Screw_Gloss Brown_Ameza_GV5","2.00","0","2.00","10/12/2024"
"","Premnath Patil - Inventory","Van","PI-3716074","EA12701","Smart PCB_Flamingo_6LED_1200mm_Renesa/Renesa+/Halo/Studio+_GV5","0.00","0","0.00","10/12/2024"
"","Premnath Patil - Inventory","Van","PI-3799298","A091904","Plastic Bottom Cover along with Screw_Gloss Ivory_Ameza_GV5","2.00","0","2.00","10/12/2024"
"","Premnath Patil - Inventory","Van","PI-3853225","A159327","Lid Assembly_Chutney Jar_Xiana MG","1.00","280","0.00","10/12/2024"
"","Premnath Patil - Inventory","Van","PI-3853226","EA08401","PCB_Renesa Prime_GV5 (Capacitor)","1.00","500","1.00","10/12/2024"
"","Usman Shaikh - Inventory","Van","PI-95374","SRA003502","Motor_Marble White_Startlight_CF_1200mm_Aris_IOT_GV5","0.00","2500","0.00","10/12/2024"
"","Usman Shaikh - Inventory","Van","PI-95375","RA0086","Blade_Aluminium_Pearl White_1400mm_Renesa+/Renesa Smart_GV3","0.00","600","0.00","10/12/2024"
"","Usman Shaikh - Inventory","Van","PI-3399","SA0087","PCB_Main_1200mm_Ozeo_GV4","0.00","500","0.00","10/12/2024"
"","Usman Shaikh - Inventory","Van","PI-3400","B1X0031","Liquidizer jar sub assembly MG1.0","0.00","500","0.00","10/12/2024"
"","Usman Shaikh - Inventory","Van","PI-3401","SA0056","Stator_CF_1200mm_Renesa/Renesa+/Renesa Smart_GV3","0.00","500","0.00","10/12/2024"
"","Usman Shaikh - Inventory","Van","PI-3402","SA0043","Motor Housing_Ivory_CF_Renesa_GV3","0.00","590","0.00","10/12/2024"
"","Usman Shaikh - Inventory","Van","PI-3403","RA1238","Deactivated - Motor Housing_Golden_CF_Renesa+/Renesa Smart_GV3","0.00","600","0.00","10/12/2024"
"","Usman Shaikh - Inventory","Van","PI-3404","RA1239","Deactivated - Motor Housing_Sandan Grey_CF_Renesa+/Renesa Smart_GV3","0.00","600","0.00","10/12/2024"
"","Usman Shaikh - Inventory","Van","PI-3405","SA0040","Motor Housing_Black_CF_Renesa_GV3","0.00","590","0.00","10/12/2024"
"","Usman Shaikh - Inventory","Van","PI-3406","SA0041","Motor Housing_White_CF_Renesa_GV3","0.00","590","0.00","10/12/2024"
"","Usman Shaikh - Inventory","Van","PI-3407","SA0011","Consolidate PCB GV3_CF_Renesa+_GV3","0.00","350","0.00","10/12/2024"
"","Usman Shaikh - Inventory","Van","PI-3408","SA0055","Stator_CF_600mm_Renesa/Renesa+/Renesa Smart_GV3","0.00","500","0.00","10/12/2024"
"","Usman Shaikh - Inventory","Van","PI-3409","B1X0151","Chopper Jar Assembly_MG1/Zenova/Yulia_MG","0.00","550","0.00","10/12/2024"
"","Usman Shaikh - Inventory","Van","PI-3410","SA0044","Motor Housing_Pearl White_CF_Renesa+/Renesa Smart_GV3","0.00","590","0.00","10/12/2024"
"","Usman Shaikh - Inventory","Van","PI-3411","SA0019","Consolidate PCB GV2_CF__Efficio_GV2","0.00","500","0.00","10/12/2024"
"","Usman Shaikh - Inventory","Van","PI-3412","SA0042","Motor Housing_Brown_CF_Renesa_GV3","0.00","590","0.00","10/12/2024"
"","Usman Shaikh - Inventory","Van","PI-3413","SA0039","PCB_Remote_1200mm_Studio+_GV4","0.00","500","0.00","10/12/2024"
"","Usman Shaikh - Inventory","Van","PI-3569","SA0061","Power PCB (Without Potting) WH_CF_Renesa_GV3","0.00","400","0.00","10/12/2024"
"","Usman Shaikh - Inventory","Van","PI-3570","B1X0056","Chutney jar sub assembly MG1.0","0.00","450","0.00","10/12/2024"
"","Usman Shaikh - Inventory","Van","PI-3571","SA0060","Power PCB (Without Potting) BL_CF_Renesa_GV3","0.00","400","0.00","10/12/2024"
"","Usman Shaikh - Inventory","Van","PI-3572","B1X0044","Wet/Dry jar sub asssembly MG1.0","0.00","450","0.00","10/12/2024"
"","Usman Shaikh - Inventory","Van","PI-3573","EA04101","PCB_Renesa/Renesa+/Ikano/Sudio+ STM8s, 70micron  (6 LED)_GV5","0.00","500","0.00","10/12/2024"
"","Usman Shaikh - Inventory","Van","PI-3574","EA01701","PCB_Erica/Ameza/Renesa Zen_GV5 (STM8s,70micron single LED)","0.00","500","0.00","10/12/2024"
"","Usman Shaikh - Inventory","Van","PI-3605","EA03001","Smart PCB Phoenix Led_PCB_1200mm_GV5","0.00","700","0.00","10/12/2024"
"","Usman Shaikh - Inventory","Van","PI-3606","SA0010","Digital PCB_1200mm_Renesa Smart+_GV3","0.00","350","0.00","10/12/2024"
"","Usman Shaikh - Inventory","Van","PI-3693","A1C0009","Deactivated - PCB_Studio+/Ikano_(STM8s, 35micron Six LED)_GV5","0.00","500","0.00","10/12/2024"
"","Usman Shaikh - Inventory","Van","PI-4117","SA0021","Main PCB_CF_1200mm_Efficio_Reg_28W_GV2","0.00","500","0.00","10/12/2024"
"","Usman Shaikh - Inventory","Van","PI-4118","SA0001","Rotor_Efficio_GV2","0.00","300","0.00","10/12/2024"
"","Usman Shaikh - Inventory","Van","PI-4119","SRMASS0157","Main PCB_Efficio_EXH","0.00","450","0.00","10/12/2024"
"","Usman Shaikh - Inventory","Van","PI-4120","SRMASS0056","Control PCB_Efficio+_Pedestal_TPW","0.00","349","0.00","10/12/2024"
"","Usman Shaikh - Inventory","Van","PI-4121","A2C0002","Power PCB_Renesa Pedestal Non Swing_TPW","0.00","500","0.00","10/12/2024"
"","Usman Shaikh - Inventory","Van","PI-4122","RA0173","Sensor Holder_CF","0.00","30","0.00","10/12/2024"
"","Usman Shaikh - Inventory","Van","PI-4123","SRMASS0074","Power PCB_Efficio+_Pedestal_TPW","0.00","499","0.00","10/12/2024"
"","Usman Shaikh - Inventory","Van","PI-4124","RA0038","Spring_CF_Renesa_GV3","0.00","25","0.00","10/12/2024"
"","Usman Shaikh - Inventory","Van","PI-4125","SRMASS0159","Main PCB_Studio+_EXH","0.00","450","0.00","10/12/2024"
"","Usman Shaikh - Inventory","Van","PI-4126","RA0345","Circlip Pin_CF_Renesa_GV3","0.00","9","0.00","10/12/2024"
"","Usman Shaikh - Inventory","Van","PI-4127","SA0020","Sensor PCB_CF","0.00","60","0.00","10/12/2024"
"","Usman Shaikh - Inventory","Van","PI-4128","RA1105","Master Remote (Tech Use only)","0.00","250","0.00","10/12/2024"
"","Usman Shaikh - Inventory","Van","PI-4129","SA0057","Stator_CF_1200mm_Efficio/Efficio+/Studio_GV2","0.00","500","0.00","10/12/2024"
"","Usman Shaikh - Inventory","Van","PI-4130","SRMASS0118","Main PCB_Efficio_Walla Mount_TPW","0.00","450","0.00","10/12/2024"
"","Usman Shaikh - Inventory","Van","PI-4131","RA0157","Remote_CF_Renesa_GV3","0.00","150","0.00","10/12/2024"
"","Usman Shaikh - Inventory","Van","PI-4132","SRMASS0075","Power PCB_Efficio+_Wall Mount_TPW","0.00","499","0.00","10/12/2024"
"","Usman Shaikh - Inventory","Van","PI-4133","SRMASS0149","Diffuser Opener Tool_CF_Renesa+_GV3","0.00","4720","0.00","10/12/2024"
"","Usman Shaikh - Inventory","Van","PI-4134","SRMASS0062","Main PCB_Efficio_Pedestal_TPW","0.00","450","0.00","10/12/2024"
"","Usman Shaikh - Inventory","Van","PI-4135","A1X0601","CF_Universal Remote New","0.00","250","0.00","10/12/2024"
"","Usman Shaikh - Inventory","Van","PI-35033","B1C0003","MG 1 Sensor PCB","0.00","150","0.00","10/12/2024"
"","Usman Shaikh - Inventory","Van","PI-35034","SA0045","Motor Housing_Earth Brown_CF_Renesa+/Renesa Smart_GV3","0.00","590","0.00","10/12/2024"
"","Usman Shaikh - Inventory","Van","PI-35035","SA0038","PCB_Regulator_1200mm_Renesa Alpha_GV4","0.00","500","0.00","10/12/2024"
"","Usman Shaikh - Inventory","Van","PI-39815","RA0070","Blade_Aluminium_White_1200mm_Renesa_GV3","0.00","599","0.00","10/12/2024"
"","Usman Shaikh - Inventory","Van","PI-39816","A022804","Motor Housing_Black_1200mm_Renesa+_GV5","0.00","600","0.00","10/12/2024"
"","Usman Shaikh - Inventory","Van","PI-39817","RA0946","BLDC Motor_Efficio+_TPW","0.00","599","0.00","10/12/2024"
"","Usman Shaikh - Inventory","Van","PI-40167","SA0059","Stator_CF_1050/900mm_Efficio_GV2","0.00","500","0.00","10/12/2024"
"","Usman Shaikh - Inventory","Van","PI-40168","RA0028","Bearing 6202_CF","0.00","60","0.00","10/12/2024"
"","Usman Shaikh - Inventory","Van","PI-44061","RA0156","Remote_CF_Efficio_GV2","0.00","150","0.00","10/12/2024"
"","Usman Shaikh - Inventory","Van","PI-44919","SA0099","Stator_1200mm_Erica/Ikano/Ameza/Studio+Reboot/Renesa Reboot/Prime/Zen_GV5","0.00","500","0.00","10/12/2024"
"","Usman Shaikh - Inventory","Van","PI-44920","A1X0802","(Old canopy) Canopy TOP_Pearl White_CF_Studio+_GV4","0.00","150","0.00","10/12/2024"
"","Usman Shaikh - Inventory","Van","PI-44921","RA1409","Blade_Aluminium_Midnight Black_600mm_Renesa_GV3","0.00","600","0.00","10/12/2024"
"","Usman Shaikh - Inventory","Van","PI-44922","A1X0804","Canopy Plate_Pearl White_CF_Studio+_GV4","0.00","60","0.00","10/12/2024"
"","Usman Shaikh - Inventory","Van","PI-44923","SA0102","Motor Housing_Aegean Blue_CF_Renesa+/Renesa Smart_GV3","0.00","600","0.00","10/12/2024"
"","Usman Shaikh - Inventory","Van","PI-44924","A1X0801","(Old canopy) Canopy Bottom_Pearl White_CF_Studio+_GV4","0.00","85","0.00","10/12/2024"
"","Usman Shaikh - Inventory","Van","PI-45751","RA0918","Deactivated - (old code) Blade_Aluminium_White_1200mm_Renesa Alpha_GV4","0.00","599","0.00","10/12/2024"
"","Usman Shaikh - Inventory","Van","PI-50124","SRMASS0058","Digital PCB_Efficio+_Wall Mount_TPW","0.00","350","0.00","10/12/2024"
"","Usman Shaikh - Inventory","Van","PI-50125","SRMF0008","Motor_Brown_1200mm_Efficio_GV2","0.00","2500","0.00","10/12/2024"
"","Usman Shaikh - Inventory","Van","PI-50126","SA0098","Stator_CF_1400mm_Renesa/Renesa+/Renesa Smart_GV3","0.00","500","0.00","10/12/2024"
"","Usman Shaikh - Inventory","Van","PI-50178","RA0040","Blade_Aluminium_Ivory_1200mm_Efficio_GV2","0.00","599","0.00","10/12/2024"
"","Usman Shaikh - Inventory","Van","PI-50179","RA0037","Spring_Efficio_ Gv2a_GV2","0.00","25","0.00","10/12/2024"
"","Usman Shaikh - Inventory","Van","PI-50180","RA0073","Blade_Aluminium_Ivory_1200mm_Renesa_GV3","0.00","599","0.00","10/12/2024"
"","Usman Shaikh - Inventory","Van","PI-52566","SA0097","Stator_CF_0900mm_Renesa/Renesa+/Renesa Smart_GV3","0.00","500","0.00","10/12/2024"
"","Usman Shaikh - Inventory","Van","PI-52567","RA0087","Blade_Aluminium_Pearl White_900mm_Renesa+/Renesa Smart_GV3","0.00","599","0.00","10/12/2024"
"","Usman Shaikh - Inventory","Van","PI-52568","A1X0805","Blade_Aluminium_Pearl White_1200mm_Studio+_GV4","0.00","599","0.00","10/12/2024"
"","Usman Shaikh - Inventory","Van","PI-52569","A1X1217","Stator_1200mm_Studio+/Renesa Alpha/Naveo_GV4","0.00","500","0.00","10/12/2024"
"","Usman Shaikh - Inventory","Van","PI-53612","A142201","Blade_Aluminium_White_1200mm_Efficio/Efficio+/Studio_GV2","0.00","599","0.00","10/12/2024"
"","Usman Shaikh - Inventory","Van","PI-53627","RA0072","Blade_Aluminium_Pearl White_1200mm_Renesa+/Renesa Smart_GV3","0.00","599","0.00","10/12/2024"
"","Usman Shaikh - Inventory","Van","PI-55092","RA0182","Diffuser (Bottom Cap)_White_Renesa_GV3","0.00","60","0.00","10/12/2024"
"","Usman Shaikh - Inventory","Van","PI-55093","RA0183","Diffuser (Bottom Cap)_Black_Renesa_GV3","0.00","60","0.00","10/12/2024"
"","Usman Shaikh - Inventory","Van","PI-72089","SA0104","Motor Housing_Golden_CF_Renesa+/Renesa Smart_GV3","0.00","600","0.00","10/12/2024"
"","Usman Shaikh - Inventory","Van","PI-72090","SA0103","Motor Housing_Sandan Grey_CF_Renesa+/Renesa Smart_GV3","0.00","600","0.00","10/12/2024"
"","Usman Shaikh - Inventory","Van","PI-72730","SRMASS0060","Display PCB_Efficio+_Pedestal_TPW","0.00","349","0.00","10/12/2024"
"","Usman Shaikh - Inventory","Van","PI-72731","EA05301","SMART PCBA /Phoenix-1 LED_PCB_GV5","0.00","700","0.00","10/12/2024"
"","Usman Shaikh - Inventory","Van","PI-72732","RA0031","Oc Connector_CF","0.00","15","0.00","10/12/2024"
"","Usman Shaikh - Inventory","Van","PI-72733","EA03201","PCB Without LED Strip_PCB_GV5","0.00","500","0.00","10/12/2024"
"","Usman Shaikh - Inventory","Van","PI-72734","EA17601","PCB With LED Strip__Aris Starlight_GV5","0.00","500","0.00","10/12/2024"
"","Usman Shaikh - Inventory","Van","PI-72735","EA05401","Power PCB_Renesa Pedestal/Wall/Table_TPW","0.00","300","0.00","10/12/2024"
"","Usman Shaikh - Inventory","Van","PI-72736","SA0058","Stator_CF_1400mm_Efficio/Efficio+/Studio_GV2","0.00","500","0.00","10/12/2024"
"","Usman Shaikh - Inventory","Van","PI-72737","A023101","Motor Housing_Grey_Renesa+_GV5","0.00","600","0.00","10/12/2024"
"","Usman Shaikh - Inventory","Van","PI-72738","A004001","Motor Bldc_150mm_Studio_EXH","0.00","599","0.00","10/12/2024"
"","Usman Shaikh - Inventory","Van","PI-86659","EA08401","PCB_Renesa Prime_GV5 (Capacitor)","0.00","500","0.00","10/12/2024"
"","Usman Shaikh - Inventory","Van","PI-87218","A022801","Motor Housing White_Renesa/Renesa+/Renesa Smart+ GV5","0.00","500","0.00","10/12/2024"
"","Usman Shaikh - Inventory","Van","PI-87597","SRA023209","Motor_Pearl White_1200mm_Renesa Smart+_GV5","0.00","2500","0.00","10/12/2024"
"","Usman Shaikh - Inventory","Van","PI-87598","A1X1082","Blade_Aluminium_White_900mm_Renesa_GV3","0.00","600","0.00","10/12/2024"
"","Usman Shaikh - Inventory","Van","PI-97286","A141701","Surge Protection Device Module Assembly_CF","0.00","0","0.00","10/12/2024"
"","Usman Shaikh - Inventory","Van","PI-99276","RA0082","Blade_Aluminium_Brown_1400mm_Renesa/Renesa+/Renesa Smart_GV3 & GV5","0.00","599","0.00","10/12/2024"
"","Usman Shaikh - Inventory","Van","PI-99277","A1X0137","Blade_Aluminium_White_1200mm_Ikano_GV5","0.00","600","0.00","10/12/2024"
"","Usman Shaikh - Inventory","Van","PI-99278","A1X0139","Blade_Aluminium_Gloss Brown_1200mm_Ikano_GV5","0.00","600","0.00","10/12/2024"
"","Usman Shaikh - Inventory","Van","PI-100959","RA0148","Canopy_White_CF_Renesa_GV3","0.00","150","0.00","10/12/2024"
"","Usman Shaikh - Inventory","Van","PI-101881","SA0086","Motor Housing_Gloss Black_Efficio Alpha/Ikano/Ameza _GV5","0.00","300","0.00","10/12/2024"
"","Usman Shaikh - Inventory","Van","PI-102902","EA12401","PCB_White LED_Efficio Alpha/Enzel _GV5","0.00","500","0.00","10/12/2024"
"","Usman Shaikh - Inventory","Van","PI-102903","A040002","Blade_Aluminium_White_1200mm_Studio+Reboot_GV5","0.00","600","0.00","10/12/2024"
"","Usman Shaikh - Inventory","Van","PI-103674","A029702","Blade_Plastic_White_1200mm_Aris_IOT_GV5","0.00","600","0.00","10/12/2024"
"","Usman Shaikh - Inventory","Van","PI-105789","A091902","Plastic Bottom Cover along with Screw_Gloss Black_Ikano/Efficio Alpha/Ameza_GV5","0.00","0","0.00","10/12/2024"
"","Usman Shaikh - Inventory","Van","PI-106059","RA0137","Canopy_Brown_CF_Efficio_GV2","0.00","150","0.00","10/12/2024"
"","Usman Shaikh - Inventory","Van","PI-106061","A142202","Blade_Aluminium_Brown_1200mm_Efficio/Efficio+/Studio_GV2","0.00","599","0.00","10/12/2024"
"","Usman Shaikh - Inventory","Van","PI-107061","EA07701","PCB_Renesa_900mm/1400mm_GV5.0 Reboot PCBA _Nuvoton+UCC-70 Micron_GV5","0.00","500","0.00","10/12/2024"
"","Usman Shaikh - Inventory","Van","PI-107062","A158201","Liquidizer Jar Lid Assembly with Gasket_Plastic_Zenova_(MG1.1)","0.00","0","0.00","10/12/2024"
"","Usman Shaikh - Inventory","Van","PI-107063","A013001","Chutney/Multipurpose Jar Lid Assembly with Gasket_Plastic_Zenova_(MG1.1)","0.00","0","0.00","10/12/2024"
"","Usman Shaikh - Inventory","Van","PI-107064","A091905","Plastic Bottom Cover along with Screw_Gloss White_Ikano/Efficio Alpha_GV5","0.00","0","0.00","10/12/2024"
"","Usman Shaikh - Inventory","Van","PI-107651","RA1236","Blade_Aluminium_Golden_1200mm_Renesa+/Renesa Smart_GV3","0.00","600","0.00","10/12/2024"
"","Usman Shaikh - Inventory","Van","PI-107815","SRA2M0150","BLDC Motor_Renesa_TPW","0.00","700","0.00","10/12/2024"
"","Usman Shaikh - Inventory","Van","PI-108635","RA0080","Blade_Aluminium_White_1400mm_Renesa_GV3 & GV5","0.00","599","0.00","10/12/2024"
"","Usman Shaikh - Inventory","Van","PI-109041","A091907","Plastic Bottom Cover along with Screw_Gloss Ivory_Ikano/Efficio Alpha_GV5","0.00","0","0.00","10/12/2024"
"","Usman Shaikh - Inventory","Van","PI-112742","A159801","MG1.1 SS Jar Set with Lids Service","0.00","0","0.00","10/12/2024"
"","Usman Shaikh - Inventory","Van","PI-113315","A022807","Motor Housing_Pearl white_Renesa+_GV5","0.00","600","0.00","10/12/2024"
"","Usman Shaikh - Inventory","Van","PI-113839","RA0075","Blade_Aluminium_G-Oak_1200mm_Renesa+/Renesa Smart_GV3","0.00","599","0.00","10/12/2024"
"","Usman Shaikh - Inventory","Van","PI-115625","RA0130","Blade_Aluminium_Earth Brown_1200mm_Studio_GV2","0.00","599","0.00","10/12/2024"
"","Usman Shaikh - Inventory","Van","PI-115626","RA0071","Blade_Aluminium_Earth Brown_1200mm_Renesa+/Renesa Smart_GV3","0.00","599","0.00","10/12/2024"
"","Usman Shaikh - Inventory","Van","PI-116452","RA0924","Body_Top Plastic Assembly_Gloss Black_Alpha/Renesa Zen/Prime_GV5","0.00","220","0.00","10/12/2024"
"","Usman Shaikh - Inventory","Van","PI-116453","RA0143","Canopy_Earth Brown_CF_Renesa Smart+_GV3","0.00","150","0.00","10/12/2024"
"","Usman Shaikh - Inventory","Van","PI-116454","RA0923","Deactivated - (old code) Blade_Aluminium_Gloss Brown_1200mm_Renesa Alpha_GV4","0.00","599","0.00","10/12/2024"
"","Usman Shaikh - Inventory","Van","PI-116455","RA0822","Capacitor 8µF_Renesa Alpha/Prime/Enario_GV4/GV5","0.00","150","0.00","10/12/2024"
"","Usman Shaikh - Inventory","Van","PI-124596","A1X1004","Motor Housing_Snow White_Erica_GV5","0.00","220","0.00","10/12/2024"
"","Usman Shaikh - Inventory","Van","PI-125379","A2X0023","Swivel Bearing_Renesa Pedestal/Wall/Table/Stelios Pro Pedestal_TPW","0.00","0","0.00","10/12/2024"
"","Usman Shaikh - Inventory","Van","PI-125380","A002902","Top Cover Assembly_White_Aris_IOT_GV5","0.00","220","0.00","10/12/2024"
"","Usman Shaikh - Inventory","Van","PI-125381","A2X0027","Synchronous Motor_Renesa/Stelios/Stelios Pro_TPW","0.00","150","0.00","10/12/2024"
"","Usman Shaikh - Inventory","Van","PI-125382","A003401","Stator_1200mm_Aris_GV5","0.00","0","0.00","10/12/2024"
"","Usman Shaikh - Inventory","Van","PI-127572","A1X1038","Bottom Cover_Umber Brown_1200mm_Erica Smart_GV5","0.00","220","0.00","10/12/2024"
"","Usman Shaikh - Inventory","Van","PI-127573","RA0078","Blade_Aluminium_Brown_600mm_Renesa_GV3","0.00","599","0.00","10/12/2024"
"","Usman Shaikh - Inventory","Van","PI-127726","A064106","Blade_Aluminium_Enzel/Renesa Zen_1200mm_Gloss White_GV5","0.00","600","0.00","10/12/2024"
"","Usman Shaikh - Inventory","Van","PI-128229","A3X0037","Neck Base wall Midnight black","0.00","80","0.00","10/12/2024"
"","Usman Shaikh - Inventory","Van","PI-128383","B1H0024","Jar Coupler_Plastic_MG_1.0","0.00","50","0.00","10/12/2024"
"","Usman Shaikh - Inventory","Van","PI-128384","B1H0013","MG1.0 Motor coupler - Push type","0.00","4720","0.00","10/12/2024"
"","Usman Shaikh - Inventory","Van","PI-128385","A074801","Jar Assembly _SS_Metal_Chutney Jar_Zenova_(MG1.1)","0.00","0","0.00","10/12/2024"
"","Usman Shaikh - Inventory","Van","PI-140084","SA0100","Stator_900mm_CF_GV5","0.00","220","0.00","10/12/2024"
"","Usman Shaikh - Inventory","Van","PI-140085","RA1245","Rope Switch_Black_Wall mount_Renesa_TPW","0.00","20","0.00","10/12/2024"
"","Usman Shaikh - Inventory","Van","PI-140830","A3X0036","Remote_Renesa Pedestal/Wall/Table/Stelios Pro/Izar Pedestal_TPW","0.00","250","0.00","10/12/2024"
"","Usman Shaikh - Inventory","Van","PI-140831","A1X0140","Blade_Aluminium_Gloss Ivory_1200mm_Ikano_GV5","0.00","600","0.00","10/12/2024"
"","Usman Shaikh - Inventory","Van","PI-143544","A091904","Plastic Bottom Cover along with Screw_Gloss Ivory_Ameza_GV5","0.00","0","0.00","10/12/2024"
"","Usman Shaikh - Inventory","Van","PI-797211","TestProduct","Test PCB","0.00","0","0.00","10/12/2024"
"","Usman Shaikh - Inventory","Van","PI-823712","EA18601","Updated STM32_PCB_White LED_Efficio Alpha/Enzel/Azor _GV5","0.00","0","0.00","10/12/2024"
"","Usman Shaikh - Inventory","Van","PI-826225","EA20801","Updated STM32_PCB_Enerio 28W_GV5","0.00","0","0.00","10/12/2024"
"","Usman Shaikh - Inventory","Van","PI-828021","EA12301","Updated STM32 PCB C0_0.6M/0.9M/1.2M/ 1.4M_ Renesa/Renesa+/Studio+/Ikano/Prime_GV5","0.00","0","0.00","10/12/2024"
"","Usman Shaikh - Inventory","Van","PI-849787","A068801","Stator Assembly_Aris Contour_GV5","0.00","0","0.00","10/12/2024"
"","Usman Shaikh - Inventory","Van","PI-849788","A082201","Motor Housing_Marble White_Aris Contour_GV5","0.00","0","0.00","10/12/2024"
"","Usman Shaikh - Inventory","Van","PI-852099","A101801","Canopy top plate_White_1200mm_Aris_IOT_GV5","0.00","150","0.00","10/12/2024"
"","Usman Shaikh - Inventory","Van","PI-852100","A101701","Top Canopy_White_1200mm_Aris_IOT_GV5","0.00","150","0.00","10/12/2024"
"","Usman Shaikh - Inventory","Van","PI-856812","SPR0172","Top Motor Housing_Metal_Studio+_GV4","0.00","484","0.00","10/12/2024"
"","Usman Shaikh - Inventory","Van","PI-858038","A1X1106","Blade_Aluminium_Pearl White_600mm_Renesa+/Renesa Smart_GV3","0.00","600","0.00","10/12/2024"
"","Usman Shaikh - Inventory","Van","PI-858039","A091906","Plastic Bottom Cover along with Screw_Gloss Brown_Ikano/Efficio Alpha_GV5","0.00","0","0.00","10/12/2024"
"","Usman Shaikh - Inventory","Van","PI-858040","RA0914","Body_Top Plastic Assembly_Gloss White_Alpha/Renesa Zen/Prime_GV5","0.00","150","0.00","10/12/2024"
"","Usman Shaikh - Inventory","Van","PI-859992","A3H0017","5 Pin Wire harness_Renesa Walrus/Pedestal_Black_TPW","0.00","0","0.00","10/12/2024"
"","Usman Shaikh - Inventory","Van","PI-864859","A064116","Blade_Aluminium_Enzel/Renesa Zen_1200mm_Dark Walnut_GV5","0.00","0","0.00","10/12/2024"
"","Usman Shaikh - Inventory","Van","PI-867401","A064120","Blade_Aluminium_Enzel/Renesa Zen_1200mm_Maplewood_GV5","0.00","0","0.00","10/12/2024"
"","Usman Shaikh - Inventory","Van","PI-869943","A064118","Blade_Aluminium_Enzel/Renesa Zen_1200mm_Mistly Teal_GV5","0.00","0","0.00","10/12/2024"
"","Usman Shaikh - Inventory","Van","PI-872485","A064119","Blade_Aluminium_Enzel/Renesa Zen_1200mm_Pebble Grey_GV5","0.00","0","0.00","10/12/2024"
"","Usman Shaikh - Inventory","Van","PI-875027","A170501","Updated Motor housing_Renesa Prime_GV5","0.00","0","0.00","10/12/2024"
"","Usman Shaikh - Inventory","Van","PI-890400","SA0105","Updated Plastic body with screw_Pebble Grey_Prime/Enzel/Zen_GV5","0.00","0","0.00","10/12/2024"
"","Usman Shaikh - Inventory","Van","PI-892953","SA0106","Updated Plastic body with screw_Gloss White_Prime/Enzel/Zen_GV5","0.00","0","0.00","10/12/2024"
"","Usman Shaikh - Inventory","Van","PI-895506","SA0107","Updated Plastic body with screw_Gloss Black_Prime/Enzel/Zen_GV5","0.00","0","0.00","10/12/2024"
"","Usman Shaikh - Inventory","Van","PI-898059","SA0108","Updated Plastic body with screw_Gloss Brown_Prime/Enzel/Zen_GV5","0.00","0","0.00","10/12/2024"
"","Usman Shaikh - Inventory","Van","PI-916832","TestSa001","PCB_Regulator_1200mm_Renesa Alpha_GV4Test","0.00","0","0.00","10/12/2024"
"","Usman Shaikh - Inventory","Van","PI-917627","SA0022","Main PCB_CF_1400mm_Efficio_Reg_35W_GV2","0.00","500","0.00","10/12/2024"
"","Usman Shaikh - Inventory","Van","PI-920125","A064110","Blade_Aluminium_Gloss White_Renesa Prime_GV5","0.00","600","0.00","10/12/2024"
"","Usman Shaikh - Inventory","Van","PI-922071","EA07101","Sensor PCB_Zenova_MG","0.00","0","0.00","10/12/2024"
"","Usman Shaikh - Inventory","Van","PI-961784","A029703","Blade_Plastic_Steller Black_1200mm_Aris_IOT_GV5","0.00","0","0.00","10/12/2024"
"","Usman Shaikh - Inventory","Van","PI-964385","A101703","Top Canopy_Steller Black_1200mm_Aris_IOT_GV5","0.00","0","0.00","10/12/2024"
"","Usman Shaikh - Inventory","Van","PI-966986","A101803","Canopy top Plate_steller black_1200mm_Aris_IOT_GV5","0.00","0","0.00","10/12/2024"
"","Usman Shaikh - Inventory","Van","PI-969587","A102003","Middle upper canopy_Steller black_Aris_GV5","0.00","0","0.00","10/12/2024"
"","Usman Shaikh - Inventory","Van","PI-972188","A102203","Middle Lower canopy_Steller black_Aris_GV5","0.00","0","0.00","10/12/2024"
"","Usman Shaikh - Inventory","Van","PI-974789","A102403","Bottom Canopy_Steller Black_1220mm_Aris_IOT_GV5","0.00","0","0.00","10/12/2024"
"","Usman Shaikh - Inventory","Van","PI-977390","A006402","False cover_Aris_GV5","0.00","0","0.00","10/12/2024"
"","Usman Shaikh - Inventory","Van","PI-979991","A006505","Bottom cover_Steller black_Aris_GV5","0.00","0","0.00","10/12/2024"
"","Usman Shaikh - Inventory","Van","PI-982592","A002903","Motor Housing_Steller Black_1200mm_Aris_IOT_GV5","0.00","0","0.00","10/12/2024"
"","Usman Shaikh - Inventory","Van","PI-990636","A158402","Motor & Jar Coupler Set_MG1.0/Zenova/Maple_MG","0.00","0","0.00","10/12/2024"
"","Usman Shaikh - Inventory","Van","PI-993237","SA0110","Grill Belt Assembly_Black_Renesa Pedestal/Wall/Table/Stelios Pro/Izar Pedestal_TPW","0.00","0","0.00","10/12/2024"
"","Usman Shaikh - Inventory","Van","PI-995838","SA0109","Grill belt assembly_White_Renesa/Stelios/Izar Pedestal_TPW","0.00","0","0.00","10/12/2024"
"","Usman Shaikh - Inventory","Van","PI-1002006","RA1348","FG replacement Tags","0.00","0","0.00","10/12/2024"
"","Usman Shaikh - Inventory","Van","PI-1005770","RA1631","Service Cello Tape (Yellow - 3INX65M)","0.00","0","0.00","10/12/2024"
"","Usman Shaikh - Inventory","Van","PI-1008375","RA1632","Defective Spares Tag","0.00","0","0.00","10/12/2024"
"","Usman Shaikh - Inventory","Van","PI-1010980","RA1633","Defective FG Replacement seal","0.00","0","0.00","10/12/2024"
"","Usman Shaikh - Inventory","Van","PI-1026440","A073415","Downrod_Aegean Blue_CF","0.00","0","0.00","10/12/2024"
"","Usman Shaikh - Inventory","Van","PI-1050715","A073406","Downrod_Golden_CF","0.00","0","0.00","10/12/2024"
"","Usman Shaikh - Inventory","Van","PI-1053727","A091911","Bottom Cover_Ameza_GV5","0.00","0","0.00","10/12/2024"
"","Usman Shaikh - Inventory","Van","PI-1056739","EA16901","Updated_PCB STM32_1200mm_Erica/Ameza/Renesa Zen_1 LED_GV5","0.00","0","0.00","10/12/2024"
"","Usman Shaikh - Inventory","Van","PI-1059751","A112503","Canopy_Sea Sand Ivory_Ameza_GV5","0.00","0","0.00","10/12/2024"
"","Usman Shaikh - Inventory","Van","PI-1064133","A073401","Downrod_Earth Brown_CF_Studio+_GV4","0.00","60","0.00","10/12/2024"
"","Usman Shaikh - Inventory","Van","PI-1067987","A064113","Blade_Aluminium_SS Ivory_Renesa Prime _GV5","0.00","0","0.00","10/12/2024"
"","Usman Shaikh - Inventory","Van","PI-1068880","A1X1039","Motor Housing_White_1200mm_Erica Smart_GV5","0.00","220","0.00","10/12/2024"
"","Usman Shaikh - Inventory","Van","PI-1228205","A039901","Blade_Aluminium_White_1200mm_Erica_GV5","0.00","600","0.00","10/12/2024"
"","Usman Shaikh - Inventory","Van","PI-1294698","A1X1083","Blade_Aluminium_Midnight Black_900mm_Renesa_GV3","0.00","600","0.00","10/12/2024"
"","Usman Shaikh - Inventory","Van","PI-1294699","RA0089","Blade_Aluminium_G-Oak_900mm_Renesa+/Renesa Smart_GV3","0.00","599","0.00","10/12/2024"
"","Usman Shaikh - Inventory","Van","PI-1384108","RA0083","Blade_Aluminium_Earth Brown_1400mm_Renesa+/Renesa Smart_GV3","0.00","599","0.00","10/12/2024"
"","Usman Shaikh - Inventory","Van","PI-1404403","A1X0051","Blade_Aluminium_Sand Grey_1200mm_Studio+Reboot_GV5","0.00","600","0.00","10/12/2024"
"","Usman Shaikh - Inventory","Van","PI-1415529","SA0083","Motor Housing_white_1200mm_Ikano/Enerio_GV5","0.00","300","0.00","10/12/2024"
"","Usman Shaikh - Inventory","Van","PI-1415530","SA0085","Motor Housing_Gloss Ivory_Efficio Alpha/Ikano/Ameza_GV5","0.00","300","0.00","10/12/2024"
"","Usman Shaikh - Inventory","Van","PI-1424201","RA1242","Canopy_Sand Grey_CF_Renesa+_GV3","0.00","150","0.00","10/12/2024"
"","Usman Shaikh - Inventory","Van","PI-1428422","A2X0015","PD_Neck_base_Snow White","0.00","80","0.00","10/12/2024"
"","Usman Shaikh - Inventory","Van","PI-1441278","B1X0116","MG1.0 Knob Assembly","0.00","80","0.00","10/12/2024"
"","Usman Shaikh - Inventory","Van","PI-1441383","RA1240","Blade_Aluminium_Midnight Black_1200mm_Renesa_GV3","0.00","600","0.00","10/12/2024"
"","Usman Shaikh - Inventory","Van","PI-1441384","A144001","Extention Rod (Long) Black_TPW","0.00","80","0.00","10/12/2024"
"","Usman Shaikh - Inventory","Van","PI-1458268","A033006","Canopy Midnight Black Set Pack_GV5","0.00","150","0.00","10/12/2024"
"","Usman Shaikh - Inventory","Van","PI-1463185","RA0146","Canopy_Black_CF_Renesa_GV3","0.00","150","0.00","10/12/2024"
"","Usman Shaikh - Inventory","Van","PI-1463695","EA08501","Digital PCB _Aris Contour_GV5","0.00","0","0.00","10/12/2024"
"","Usman Shaikh - Inventory","Van","PI-1463696","EA07501","Main Power PCB_Aris Contour_GV5","0.00","0","0.00","10/12/2024"
"","Usman Shaikh - Inventory","Van","PI-1465368","EA06301","Driver/Main PCB_Zenova_(MG1.1)","0.00","0","0.00","10/12/2024"
"","Usman Shaikh - Inventory","Van","PI-1467464","A102401","Bottom Canopy_White_1220mm_Aris_IOT_GV5","0.00","0","0.00","10/12/2024"
"","Usman Shaikh - Inventory","Van","PI-1467465","A102201","Middle Lower canopy_White_Aris_GV5","0.00","0","0.00","10/12/2024"
"","Usman Shaikh - Inventory","Van","PI-1467515","A056101","Blade_Aluminium_Renesa+ Reboot _1200_1200MM - UMBER BROWN_GV5","0.00","600","0.00","10/12/2024"
"","Usman Shaikh - Inventory","Van","PI-1467867","A009003","Knob Assembly_Plastic_Zenova_(MG1.1)","0.00","0","0.00","10/12/2024"
"","Usman Shaikh - Inventory","Van","PI-1477852","RA0844","Capacitor Clamp_Renesa alpha/Prime GV5","0.00","60","0.00","10/12/2024"
"","Usman Shaikh - Inventory","Van","PI-1482063","SA0084","Motor Housing_Gloss Brown_Efficio Alpha/Ikano/Ameza_GV5","0.00","300","0.00","10/12/2024"
"","Usman Shaikh - Inventory","Van","PI-1489296","SA0048","Body_Aluminium_Matt Brown_Efficio_GV2","0.00","300","0.00","10/12/2024"
"","Usman Shaikh - Inventory","Van","PI-1489297","A052701","Blade_Aluminium_Renesa_1400mm Midnight Black_GV3 & GV5","0.00","600","0.00","10/12/2024"
"","Usman Shaikh - Inventory","Van","PI-1489375","A3X0011","TPW Renesa With Swing  Power PCB Plate","0.00","500","0.00","10/12/2024"
"","Usman Shaikh - Inventory","Van","PI-1509951","RA0915","Bottom Cover_Gloss White_Prime_GV5","0.00","200","0.00","10/12/2024"
"","Usman Shaikh - Inventory","Van","PI-1565228","A1X0170","Blade_Aluminium_Marble White_1200mm_Studio+_GV5","0.00","600","0.00","10/12/2024"
"","Usman Shaikh - Inventory","Van","PI-1565231","A064112","Blade_Gloss Brown_1200mm_Renesa Prime_GV5","0.00","0","0.00","10/12/2024"
"","Usman Shaikh - Inventory","Van","PI-1565339","SA0036","Motor Housing_Renesa Prime/Enzel/Zen_GV5","0.00","250","0.00","10/12/2024"
"","Usman Shaikh - Inventory","Van","PI-1569641","SRMASS0158","BLDC Motor_200mm_Efficio_EXH","0.00","635","0.00","10/12/2024"
"","Usman Shaikh - Inventory","Van","PI-1569649","RA0057","Blade_Aluminium_Black_1200mm_Efficio/Efficio+/Studio_GV2","0.00","599","0.00","10/12/2024"
"","Usman Shaikh - Inventory","Van","PI-1569650","A1X1007","Bottom Cover Assembly_White_Erica_GV5","0.00","220","0.00","10/12/2024"
"","Usman Shaikh - Inventory","Van","PI-1586403","RA1408","Blade_Aluminium_Sand Grey_900mm_Renesa+/Renesa Smart_GV3","0.00","600","0.00","10/12/2024"
"","Usman Shaikh - Inventory","Van","PI-1680957","EA17701","PCB 41W_Aris non-starlight_GV5","0.00","0","0.00","10/12/2024"
"","Usman Shaikh - Inventory","Van","PI-1732126","A064108","Blade_Aluminium_Enzel/Renesa Zen_1200mm_Gloss Brown_GV5","0.00","600","0.00","10/12/2024"
"","Usman Shaikh - Inventory","Van","PI-1732182","A091903","Plastic Bottom Cover along with Screw_Gloss Brown_Ameza_GV5","0.00","0","0.00","10/12/2024"
"","Usman Shaikh - Inventory","Van","PI-1745436","RA1021","Canopy_Brown_Efficio/Ozeo/Alpha/Ikano/Ameza_GV5","0.00","150","0.00","10/12/2024"
"","Usman Shaikh - Inventory","Van","PI-1754974","RA1237","Blade_Aluminium_Sand Grey_1200mm_Renesa+/Renesa Smart_GV3","0.00","600","0.00","10/12/2024"
"","Usman Shaikh - Inventory","Van","PI-1795089","A158701","Chutney/Multipurpose Jar Lid Gasket_Rubber_Zenova_(MG1.1)","0.00","0","0.00","10/12/2024"
"","Usman Shaikh - Inventory","Van","PI-1795090","A098103","Canopy Plate_Regent Grey_Aris Contour_GV5","0.00","0","0.00","10/12/2024"
"","Usman Shaikh - Inventory","Van","PI-1805801","A1X0827","GV5 PCB Mounting Plate_CF","0.00","50","0.00","10/12/2024"
"","Usman Shaikh - Inventory","Van","PI-1839523","A086901","Plastic Blade_Marble White_Aris Contour_GV5","0.00","0","0.00","10/12/2024"
"","Usman Shaikh - Inventory","Van","PI-1839524","RA0074","Blade_Aluminium_Matt Brown_1200mm_Renesa_GV3","0.00","599","0.00","10/12/2024"
"","Usman Shaikh - Inventory","Van","PI-1864112","A2X0165","Blade_Plastic_Black__Renesa Pedestal/Wall/Table_TPW","0.00","600","0.00","10/12/2024"
"","Usman Shaikh - Inventory","Van","PI-1921965","A039904","Blade_Aluminium_Umber Brown_1200mm_Erica_GV5","0.00","600","0.00","10/12/2024"
"","Usman Shaikh - Inventory","Van","PI-1921972","A195604","Blade Aluminium_1200mm_Umber Brown_Erica Nuvo_GV5","0.00","0","0.00","10/12/2024"
"","Usman Shaikh - Inventory","Van","PI-1921973","A086903","Plastic Blade_Grey_Aris Contour_GV5","0.00","0","0.00","10/12/2024"
"","Usman Shaikh - Inventory","Van","PI-2021701","RA0077","Blade_Aluminium_White_600mm_Renesa_GV3","0.00","599","0.00","10/12/2024"
"","Usman Shaikh - Inventory","Van","PI-2031768","A1X1260","Motor Housing_Marble White_Studio+Reboot_GV5","0.00","220","0.00","10/12/2024"
"","Usman Shaikh - Inventory","Van","PI-2062681","A029701","Blade_Plastic_Dark wood_1200mm_Aris_IOT_GV5","0.00","600","0.00","10/12/2024"
"","Usman Shaikh - Inventory","Van","PI-2096245","DS","","0.00","1","0.00","10/12/2024"
"","Usman Shaikh - Inventory","Van","PI-2163344","A036602","Stator_600mm_Renesa Reboot_GV5","0.00","0","0.00","10/12/2024"
"","Usman Shaikh - Inventory","Van","PI-2163345","A082702","Bottom Cover_Black_Aris Contour_GV5","0.00","0","0.00","10/12/2024"
"","Usman Shaikh - Inventory","Van","PI-2190003","A3X0016","Grill Decor Snow white_Renesa Pedesatal_Non Swing_TPW","0.00","80","0.00","10/12/2024"
"","Usman Shaikh - Inventory","Van","PI-2190027","A090802","Middle Canopy_Black_Aris Contour_GV5","0.00","0","0.00","10/12/2024"
"","Usman Shaikh - Inventory","Van","PI-2190028","A086302","Top Canopy_Black_Aris Contour_GV5","0.00","0","0.00","10/12/2024"
"","Usman Shaikh - Inventory","Van","PI-2190029","A086502","Bottom Canopy_Black_Aris Contour_GV5","0.00","0","0.00","10/12/2024"
"","Usman Shaikh - Inventory","Van","PI-2265995","A234406","Blade_1200mm_Sea Sand Ivory_Renesa Halo_GV5","0.00","0","0.00","10/12/2024"
"","Usman Shaikh - Inventory","Van","PI-2266087","A1X1104","Blade_Aluminium_Golden Oak_600mm_Renesa+/Renesa Smart_GV3","0.00","600","0.00","10/12/2024"
"","Usman Shaikh - Inventory","Van","PI-2270657","EA19401","Power PCB_Renesa Elite/Studio Nexus_GV5","0.00","0","0.00","10/12/2024"
"","Usman Shaikh - Inventory","Van","PI-2270658","EA20701","Digital Smart PCB_Renesa Elite/Studio Nexus_GV5","0.00","0","0.00","10/12/2024"
"","Usman Shaikh - Inventory","Van","PI-2270659","A159324","Chutney Jar Assembly_Xiana MG","0.00","0","0.00","10/12/2024"
"","Usman Shaikh - Inventory","Van","PI-2270660","A010402","BLDC Motor_Zenova_(MG1.1)","0.00","0","0.00","10/12/2024"
"","Usman Shaikh - Inventory","Van","PI-2277912","EA02401","Digital PCB_Renesa Wall Mount_TPW","0.00","350","0.00","10/12/2024"
"","Usman Shaikh - Inventory","Van","PI-2289456","A033013","Canopy_Sea Sand Ivory Set Pack_GV5","0.00","0","0.00","10/12/2024"
"","Usman Shaikh - Inventory","Van","PI-2301080","A153102","Lid Gasket_Chutney Jar_Xiana_MG","0.00","280","0.00","10/12/2024"
"","Usman Shaikh - Inventory","Van","PI-2301083","A159327","Lid Assembly_Chutney Jar_Xiana MG","0.00","280","0.00","10/12/2024"
"","Usman Shaikh - Inventory","Van","PI-2306386","A027401","Rear Grill_Snow White_Stelios Pro Pedestal/Izar Pedestal_TPW","0.00","0","0.00","10/12/2024"
"","Usman Shaikh - Inventory","Van","PI-2306387","A095001","Canopy_Sea Sand Ivory_Renesa Prime/Enzel/Zen_GV5","0.00","150","0.00","10/12/2024"
"","Usman Shaikh - Inventory","Van","PI-2306388","A075001","Jar Assembly_SS_Metal_Liquidizer Jar_Zenova_(MG1.1)","0.00","0","0.00","10/12/2024"
"","Usman Shaikh - Inventory","Van","PI-2306389","A056202","Blade_Aluminium_Renesa+_1200mm - DARK WALNUT_GV3","0.00","600","0.00","10/12/2024"
"","Usman Shaikh - Inventory","Van","PI-2309257","A064111","Blade_Aluminium_Gloss Black_Renesa Prime_GV5","0.00","600","0.00","10/12/2024"
"","Usman Shaikh - Inventory","Van","PI-2311343","A102001","Middle upper canopy_White_Aris_GV5","0.00","0","0.00","10/12/2024"
"","Usman Shaikh - Inventory","Van","PI-2313925","RA0142","Canopy_White_CF_Efficio_GV2","0.00","150","0.00","10/12/2024"
"","Usman Shaikh - Inventory","Van","PI-2349067","A101702","Top Canopy_Black_1200mm_Aris_IOT_GV5","0.00","150","0.00","10/12/2024"
"","Usman Shaikh - Inventory","Van","PI-2351280","A2X0136","Neck Male_Black_Renesa Pedestal/Table/Stelios Pro/Izar Pedestal_TPW","0.00","0","0.00","10/12/2024"
"","Usman Shaikh - Inventory","Van","PI-2351281","A2X0138","Neck Female_Black_Renesa Pedestal/Table/Stelios Pro/Izar Pedestal_TPW","0.00","0","0.00","10/12/2024"
"","Usman Shaikh - Inventory","Van","PI-2362811","EA11101","Driver PCB_Yulia Mixer Grinder_MG","0.00","1372","0.00","10/12/2024"
"","Usman Shaikh - Inventory","Van","PI-2362906","A234402","Blade_1200mm_Gloss White_Renesa Halo_GV5","0.00","0","0.00","10/12/2024"
"","Usman Shaikh - Inventory","Van","PI-2368798","EA26101","Surge Protection Device (SPD) Remote+Regulator_CF","0.00","0","0.00","10/12/2024"
"","Usman Shaikh - Inventory","Van","PI-2380865","A238201","Blade_900mm_Gloss White_Renesa Halo_GV5","0.00","0","0.00","10/12/2024"
"","Usman Shaikh - Inventory","Van","PI-2381060","A047001","Blade_Aluminium_Ikano_900mm - GLOSS WHITE_GV5","0.00","600","0.00","10/12/2024"
"","Usman Shaikh - Inventory","Van","PI-2381061","A063801","Blade_Aluminium_Efficio Alpha/Enerio Blade_1200mm_Gloss White_GV5","0.00","600","0.00","10/12/2024"
"","Usman Shaikh - Inventory","Van","PI-2392514","A234403","Blade_1200mm_Misty Teal_Renesa Halo_GV5","0.00","0","0.00","10/12/2024"
"","Usman Shaikh - Inventory","Van","PI-2392517","A027302","Front Grill_Renesa Pedestal/Wall/Table_Midnight Black_iTPW","0.00","0","0.00","10/12/2024"
"","Usman Shaikh - Inventory","Van","PI-2392518","A027402","Rear Grill_Black_Renesa Pedestal/Wall/Table/Stelios Pro/Izar Pedestal_TPW","0.00","0","0.00","10/12/2024"
"","Usman Shaikh - Inventory","Van","PI-2392519","A135202","Grill Belt_Stelios/Stelios Pro Pedestal_Midnight Black_iTPW","0.00","0","0.00","10/12/2024"
"","Usman Shaikh - Inventory","Van","PI-2392520","A3X0033","Front Grill Décor_Black_Renesa Pedestal/Table_TPW","0.00","80","0.00","10/12/2024"
"","Usman Shaikh - Inventory","Van","PI-2404695","A177717","Pulp Collector Jar_Cold Press Pulp_Althea","0.00","177","0.00","10/12/2024"
"","Usman Shaikh - Inventory","Van","PI-2404696","A177716","Juice Collector Jar_Cold Press Juice_Althea","0.00","177","0.00","10/12/2024"
"","Usman Shaikh - Inventory","Van","PI-2405063","A033005","Canopy_Pearl White_Renesa+_GV5","0.00","150","0.00","10/12/2024"
"","Usman Shaikh - Inventory","Van","PI-2405224","B1C0001","MG 1 Driver PCB","0.00","1000","0.00","10/12/2024"
"","Usman Shaikh - Inventory","Van","PI-2485325","RA0041","Blade_Aluminium_Matt Brown_900mm_Efficio/Efficio+/Studio_GV2","0.00","599","0.00","10/12/2024"
"","Usman Shaikh - Inventory","Van","PI-2485672","A157902","Liquidising Jar Assembly_Yulia Mixer Grinder_MG","0.00","1180","0.00","10/12/2024"
"","Usman Shaikh - Inventory","Van","PI-2485673","A157802","Wet/Dry Jar Assembly_Yulia Mixer Grinder_MG","0.00","1180","0.00","10/12/2024"
"","Usman Shaikh - Inventory","Van","PI-2485674","A122301","Lid Assembly_Chutney & Wet/Dry Jar_Yulia_MG","0.00","280","0.00","10/12/2024"
"","Usman Shaikh - Inventory","Van","PI-2485675","A158202","Lid Assembly_Liquidising  Jar_Yulia_MG","0.00","280","0.00","10/12/2024"
"","Usman Shaikh - Inventory","Van","PI-2717297","RA0147","Canopy_Pearl White_CF_Renesa Smart+_GV3","0.00","150","0.00","10/12/2024"
"","Usman Shaikh - Inventory","Van","PI-2717355","A102006","Middle upper canopy_Pearl White_Aris_GV5","0.00","0","0.00","10/12/2024"
"","Usman Shaikh - Inventory","Van","PI-2717356","A102206","Middle Lower canopy_Pearl White_Aris_GV5","0.00","0","0.00","10/12/2024"
"","Usman Shaikh - Inventory","Van","PI-2717357","A102406","Bottom canopy_Pearl White_Aris_GV5","0.00","0","0.00","10/12/2024"
"","Usman Shaikh - Inventory","Van","PI-2717358","A101706","Top Canopy_Pearl White_Aris_GV5","0.00","0","0.00","10/12/2024"
"","Usman Shaikh - Inventory","Van","PI-2717359","A101806","Canopy Plate_Pearl White_Aris_GV5","0.00","0","0.00","10/12/2024"
"","Usman Shaikh - Inventory","Van","PI-2717354","A171135","Blade Aluminium_1400mm_Dark Walnut_Renesa Elite_GV5","0.00","0","0.00","10/12/2024"
"","Usman Shaikh - Inventory","Van","PI-2844940","A428701","BLDC Motor Assembly (New)_Renesa Pedestal/Wall/Table Fan_TPW","0.00","1475","0.00","10/12/2024"
"","Usman Shaikh - Inventory","Van","PI-2896784","A125418","Blade_1200mm_Sea Sand Ivory_Ikano_GV5","0.00","0","0.00","10/12/2024"
"","Usman Shaikh - Inventory","Van","PI-2911483","A189601","Blade_Plastic_White_900mm_Aris_IOT_GV5","0.00","0","0.00","10/12/2024"
"","Usman Shaikh - Inventory","Van","PI-2930812","RA0088","Blade_Aluminium_Earth Brown_900mm_Renesa+/Renesa Smart_GV3","0.00","599","0.00","10/12/2024"
"","Usman Shaikh - Inventory","Van","PI-2960908","A033014","Canopy_Blaze Brown Set Pack_GV5","0.00","0","0.00","10/12/2024"
"","Usman Shaikh - Inventory","Van","PI-2960916","A033001","Canopy_White_Renesa+_GV5","0.00","150","0.00","10/12/2024"
"","Usman Shaikh - Inventory","Van","PI-2971050","A096501","Blade_Aluminium_Misty Teal_1200mm_Renesa Roobot Smart_GV5","0.00","600","0.00","10/12/2024"
"","Usman Shaikh - Inventory","Van","PI-2971051","A022805","Motor Housing_Earth Brown_Renesa+_GV5","0.00","220","0.00","10/12/2024"
"","Usman Shaikh - Inventory","Van","PI-3131904","A177007","Canopy Bottom_Gloss White_Studio Nexus_GV5","0.00","0","0.00","10/12/2024"
"","Usman Shaikh - Inventory","Van","PI-3131905","A163207","Canopy Top_Gloss White_Studio Nexus_GV5","0.00","0","0.00","10/12/2024"
"","Usman Shaikh - Inventory","Van","PI-3131906","A163411","Canopy Plate_Gloss White_Studio Nexus_GV5","0.00","0","0.00","10/12/2024"
"","Usman Shaikh - Inventory","Van","PI-3134299","A238301","Blade Renesa Halo 1.4M Gloss White","0.00","0","0.00","10/12/2024"
"","Usman Shaikh - Inventory","Van","PI-3134300","RA0085","Blade_Aluminium_Golden Oak_1400mm_Renesa+/Renesa Smart_GV3","0.00","599","0.00","10/12/2024"
"","Usman Shaikh - Inventory","Van","PI-3134301","EA24701","Smart PCB Flamingo_ 6 LED Blue PCB_600mm_GV5","0.00","0","0.00","10/12/2024"
"","Usman Shaikh - Inventory","Van","PI-3265433","EA24601","PCB_Phoenix_1400mm_Renesa Halo_GV5","0.00","0","0.00","10/12/2024"
"","Usman Shaikh - Inventory","Van","PI-3265434","A098102","Canopy Plate_Black_Aris Contour_GV5","0.00","0","0.00","10/12/2024"
"","Usman Shaikh - Inventory","Van","PI-3302352","A179801","Neck Base(New)_White_Renesa Table/Pedestal Fan_TPW","0.00","207","0.00","10/12/2024"
"","Usman Shaikh - Inventory","Van","PI-3322203","A090801","Middle Canopy_Marble White_Aris Contour_GV5","0.00","0","0.00","10/12/2024"
"","Usman Shaikh - Inventory","Van","PI-3322204","A086301","Top Canopy_Marble White_Aris Contour_GV5","0.00","0","0.00","10/12/2024"
"","Usman Shaikh - Inventory","Van","PI-3338609","A019301","Power Cord_Zenova_(MG1.1)","0.00","0","0.00","10/12/2024"
"","Usman Shaikh - Inventory","Van","PI-3338610","EA30901","PCB_Aluminum_STM32_1200mm_Renesa Prime/Crest/Ikano_GV5","0.00","0","0.00","10/12/2024"
"","Anees  Idrisi - Inventory","Van","PI-88693","B1X0106","Motor_MG_Wine Red","0.00","2500","0.00","10/12/2024"
"","Anees  Idrisi - Inventory","Van","PI-91292","SA0039","PCB_Remote_1200mm_Studio+_GV4","0.00","500","0.00","10/12/2024"
"","Anees  Idrisi - Inventory","Van","PI-91293","SRMASS0074","Power PCB_Efficio+_Pedestal_TPW","1.00","499","1.00","10/12/2024"
"","Anees  Idrisi - Inventory","Van","PI-91294","SA0038","PCB_Regulator_1200mm_Renesa Alpha_GV4","0.00","500","0.00","10/12/2024"
"","Anees  Idrisi - Inventory","Van","PI-91295","A2C0003","Interface PCB_Renesa Pedestal Non Swing_TPW","0.00","150","0.00","10/12/2024"
"","Anees  Idrisi - Inventory","Van","PI-91296","SA0056","Stator_CF_1200mm_Renesa/Renesa+/Renesa Smart_GV3","5.00","500","5.00","10/12/2024"
"","Anees  Idrisi - Inventory","Van","PI-91297","A033006","Canopy Midnight Black Set Pack_GV5","0.00","150","0.00","10/12/2024"
"","Anees  Idrisi - Inventory","Van","PI-91298","A2C0002","Power PCB_Renesa Pedestal Non Swing_TPW","0.00","500","0.00","10/12/2024"
"","Anees  Idrisi - Inventory","Van","PI-91299","A033001","Canopy_White_Renesa+_GV5","1.00","150","1.00","10/12/2024"
"","Anees  Idrisi - Inventory","Van","PI-91300","RA0028","Bearing 6202_CF","0.00","60","0.00","10/12/2024"
"","Anees  Idrisi - Inventory","Van","PI-91301","SA0044","Motor Housing_Pearl White_CF_Renesa+/Renesa Smart_GV3","2.00","590","2.00","10/12/2024"
"","Anees  Idrisi - Inventory","Van","PI-95382","A2X0027","Deactivated (Duplicacy) Synchronous Motor_TPW","0.00","2500","0.00","10/12/2024"
"","Anees  Idrisi - Inventory","Van","PI-95383","SRA2M0150","BLDC Motor_Renesa_TPW","1.00","700","1.00","10/12/2024"
"","Anees  Idrisi - Inventory","Van","PI-95384","A091904","Plastic Bottom Cover along with Screw_Gloss Ivory_Ameza_GV5","0.00","0","0.00","10/12/2024"
"","Anees  Idrisi - Inventory","Van","PI-95385","EA03001","Smart PCB Phoenix Led_PCB_1200mm_GV5","0.00","700","0.00","10/12/2024"
"","Anees  Idrisi - Inventory","Van","PI-95386","EA05401","Power PCB_Renesa Pedestal/Wall/Table_TPW","1.00","300","1.00","10/12/2024"
"","Anees  Idrisi - Inventory","Van","PI-52632","SA0060","Power PCB (Without Potting) BL_CF_Renesa_GV3","8.00","400","8.00","10/12/2024"
"","Anees  Idrisi - Inventory","Van","PI-52633","SA0061","Power PCB (Without Potting) WH_CF_Renesa_GV3","6.00","400","6.00","10/12/2024"
"","Anees  Idrisi - Inventory","Van","PI-52634","SA0011","Consolidate PCB GV3_CF_Renesa+_GV3","3.00","350","3.00","10/12/2024"
"","Anees  Idrisi - Inventory","Van","PI-52638","EA04101","PCB_Renesa/Renesa+/Ikano/Sudio+ STM8s, 70micron  (6 LED)_GV5","0.00","500","0.00","10/12/2024"
"","Anees  Idrisi - Inventory","Van","PI-85034","EA03201","PCB Without LED Strip_PCB_GV5","0.00","500","0.00","10/12/2024"
"","Anees  Idrisi - Inventory","Van","PI-85035","EA17601","PCB With LED Strip__Aris Starlight_GV5","0.00","500","0.00","10/12/2024"
"","Anees  Idrisi - Inventory","Van","PI-85036","SA0019","Consolidate PCB GV2_CF__Efficio_GV2","3.00","500","3.00","10/12/2024"
"","Anees  Idrisi - Inventory","Van","PI-85037","A1X0601","CF_Universal Remote New","2.00","250","2.00","10/12/2024"
"","Anees  Idrisi - Inventory","Van","PI-97287","A141701","Surge Protection Device Module Assembly_CF","0.00","0","0.00","10/12/2024"
"","Anees  Idrisi - Inventory","Van","PI-100260","SA0080","Oscillation Motor_Efficio_Pedeastal_TPW","0.00","199","0.00","10/12/2024"
"","Anees  Idrisi - Inventory","Van","PI-100261","EA01701","PCB_Erica/Ameza/Renesa Zen_GV5 (STM8s,70micron single LED)","0.00","500","0.00","10/12/2024"
"","Anees  Idrisi - Inventory","Van","PI-100951","RA0070","Blade_Aluminium_White_1200mm_Renesa_GV3","0.00","599","0.00","10/12/2024"
"","Anees  Idrisi - Inventory","Van","PI-100952","B1X0056","Chutney jar sub assembly MG1.0","0.00","450","0.00","10/12/2024"
"","Anees  Idrisi - Inventory","Van","PI-100953","RA1240","Blade_Aluminium_Midnight Black_1200mm_Renesa_GV3","0.00","600","0.00","10/12/2024"
"","Anees  Idrisi - Inventory","Van","PI-118638","SA0001","Rotor_Efficio_GV2","0.00","300","0.00","10/12/2024"
"","Anees  Idrisi - Inventory","Van","PI-118639","RA0146","Canopy_Black_CF_Renesa_GV3","0.00","150","0.00","10/12/2024"
"","Anees  Idrisi - Inventory","Van","PI-797212","TestProduct","Test PCB","0.00","0","0.00","10/12/2024"
"","Anees  Idrisi - Inventory","Van","PI-823713","EA18601","Updated STM32_PCB_White LED_Efficio Alpha/Enzel/Azor _GV5","1.00","0","1.00","10/12/2024"
"","Anees  Idrisi - Inventory","Van","PI-826226","EA20801","Updated STM32_PCB_Enerio 28W_GV5","0.00","0","0.00","10/12/2024"
"","Anees  Idrisi - Inventory","Van","PI-859993","A3H0017","5 Pin Wire harness_Renesa Walrus/Pedestal_Black_TPW","0.00","0","0.00","10/12/2024"
"","Anees  Idrisi - Inventory","Van","PI-864860","A064116","Blade_Aluminium_Enzel/Renesa Zen_1200mm_Dark Walnut_GV5","0.00","0","0.00","10/12/2024"
"","Anees  Idrisi - Inventory","Van","PI-867402","A064120","Blade_Aluminium_Enzel/Renesa Zen_1200mm_Maplewood_GV5","0.00","0","0.00","10/12/2024"
"","Anees  Idrisi - Inventory","Van","PI-869944","A064118","Blade_Aluminium_Enzel/Renesa Zen_1200mm_Mistly Teal_GV5","0.00","0","0.00","10/12/2024"
"","Anees  Idrisi - Inventory","Van","PI-872486","A064119","Blade_Aluminium_Enzel/Renesa Zen_1200mm_Pebble Grey_GV5","0.00","0","0.00","10/12/2024"
"","Anees  Idrisi - Inventory","Van","PI-875028","A170501","Updated Motor housing_Renesa Prime_GV5","0.00","0","0.00","10/12/2024"
"","Anees  Idrisi - Inventory","Van","PI-890401","SA0105","Updated Plastic body with screw_Pebble Grey_Prime/Enzel/Zen_GV5","0.00","0","0.00","10/12/2024"
"","Anees  Idrisi - Inventory","Van","PI-892954","SA0106","Updated Plastic body with screw_Gloss White_Prime/Enzel/Zen_GV5","0.00","0","0.00","10/12/2024"
"","Anees  Idrisi - Inventory","Van","PI-895507","SA0107","Updated Plastic body with screw_Gloss Black_Prime/Enzel/Zen_GV5","0.00","0","0.00","10/12/2024"
"","Anees  Idrisi - Inventory","Van","PI-898060","SA0108","Updated Plastic body with screw_Gloss Brown_Prime/Enzel/Zen_GV5","0.00","0","0.00","10/12/2024"
"","Anees  Idrisi - Inventory","Van","PI-916833","TestSa001","PCB_Regulator_1200mm_Renesa Alpha_GV4Test","0.00","0","0.00","10/12/2024"
"","Anees  Idrisi - Inventory","Van","PI-922072","EA07101","Sensor PCB_Zenova_MG","0.00","0","0.00","10/12/2024"
"","Anees  Idrisi - Inventory","Van","PI-961785","A029703","Blade_Plastic_Steller Black_1200mm_Aris_IOT_GV5","0.00","0","0.00","10/12/2024"
"","Anees  Idrisi - Inventory","Van","PI-964386","A101703","Top Canopy_Steller Black_1200mm_Aris_IOT_GV5","0.00","0","0.00","10/12/2024"
"","Anees  Idrisi - Inventory","Van","PI-966987","A101803","Canopy top Plate_steller black_1200mm_Aris_IOT_GV5","0.00","0","0.00","10/12/2024"
"","Anees  Idrisi - Inventory","Van","PI-969588","A102003","Middle upper canopy_Steller black_Aris_GV5","0.00","0","0.00","10/12/2024"
"","Anees  Idrisi - Inventory","Van","PI-972189","A102203","Middle Lower canopy_Steller black_Aris_GV5","0.00","0","0.00","10/12/2024"
"","Anees  Idrisi - Inventory","Van","PI-974790","A102403","Bottom Canopy_Steller Black_1220mm_Aris_IOT_GV5","0.00","0","0.00","10/12/2024"
"","Anees  Idrisi - Inventory","Van","PI-977391","A006402","False cover_Aris_GV5","0.00","0","0.00","10/12/2024"
"","Anees  Idrisi - Inventory","Van","PI-979992","A006505","Bottom cover_Steller black_Aris_GV5","0.00","0","0.00","10/12/2024"
"","Anees  Idrisi - Inventory","Van","PI-982593","A002903","Motor Housing_Steller Black_1200mm_Aris_IOT_GV5","0.00","0","0.00","10/12/2024"
"","Anees  Idrisi - Inventory","Van","PI-990637","A158402","Motor & Jar Coupler Set_MG1.0/Zenova/Maple_MG","0.00","0","0.00","10/12/2024"
"","Anees  Idrisi - Inventory","Van","PI-993238","SA0110","Grill Belt Assembly_Black_Renesa Pedestal/Wall/Table/Stelios Pro/Izar Pedestal_TPW","0.00","0","0.00","10/12/2024"
"","Anees  Idrisi - Inventory","Van","PI-995839","SA0109","Grill belt assembly_White_Renesa/Stelios/Izar Pedestal_TPW","0.00","0","0.00","10/12/2024"
"","Anees  Idrisi - Inventory","Van","PI-1002007","RA1348","FG replacement Tags","0.00","0","0.00","10/12/2024"
"","Anees  Idrisi - Inventory","Van","PI-1005771","RA1631","Service Cello Tape (Yellow - 3INX65M)","0.00","0","0.00","10/12/2024"
"","Anees  Idrisi - Inventory","Van","PI-1008376","RA1632","Defective Spares Tag","0.00","0","0.00","10/12/2024"
"","Anees  Idrisi - Inventory","Van","PI-1010981","RA1633","Defective FG Replacement seal","0.00","0","0.00","10/12/2024"
"","Anees  Idrisi - Inventory","Van","PI-1026441","A073415","Downrod_Aegean Blue_CF","0.00","0","0.00","10/12/2024"
"","Anees  Idrisi - Inventory","Van","PI-1050716","A073406","Downrod_Golden_CF","0.00","0","0.00","10/12/2024"
"","Anees  Idrisi - Inventory","Van","PI-1053728","A091911","Bottom Cover_Ameza_GV5","0.00","0","0.00","10/12/2024"
"","Anees  Idrisi - Inventory","Van","PI-1056740","EA16901","Updated_PCB STM32_1200mm_Erica/Ameza/Renesa Zen_1 LED_GV5","1.00","0","1.00","10/12/2024"
"","Anees  Idrisi - Inventory","Van","PI-1059752","A112503","Canopy_Sea Sand Ivory_Ameza_GV5","0.00","0","0.00","10/12/2024"
"","Anees  Idrisi - Inventory","Van","PI-1064134","A073401","Downrod_Earth Brown_CF_Studio+_GV4","0.00","60","0.00","10/12/2024"
"","Anees  Idrisi - Inventory","Van","PI-1067988","A064113","Blade_Aluminium_SS Ivory_Renesa Prime _GV5","0.00","0","0.00","10/12/2024"
"","Anees  Idrisi - Inventory","Van","PI-1404445","RA0072","Blade_Aluminium_Pearl White_1200mm_Renesa+/Renesa Smart_GV3","0.00","599","0.00","10/12/2024"
"","Anees  Idrisi - Inventory","Van","PI-1404446","A1X0051","Blade_Aluminium_Sand Grey_1200mm_Studio+Reboot_GV5","0.00","600","0.00","10/12/2024"
"","Anees  Idrisi - Inventory","Van","PI-1409944","A1X1082","Blade_Aluminium_White_900mm_Renesa_GV3","0.00","600","0.00","10/12/2024"
"","Anees  Idrisi - Inventory","Van","PI-1418772","A033601","Remote_Aris_IOT_GV5","4.00","250","4.00","10/12/2024"
"","Anees  Idrisi - Inventory","Van","PI-1424240","RA0071","Blade_Aluminium_Earth Brown_1200mm_Renesa+/Renesa Smart_GV3","0.00","599","0.00","10/12/2024"
"","Anees  Idrisi - Inventory","Van","PI-1430027","RA1236","Blade_Aluminium_Golden_1200mm_Renesa+/Renesa Smart_GV3","0.00","600","0.00","10/12/2024"
"","Anees  Idrisi - Inventory","Van","PI-1430183","EA12301","Updated STM32 PCB C0_0.6M/0.9M/1.2M/ 1.4M_ Renesa/Renesa+/Studio+/Ikano/Prime_GV5","2.00","0","2.00","10/12/2024"
"","Anees  Idrisi - Inventory","Van","PI-1430197","SA0057","Stator_CF_1200mm_Efficio/Efficio+/Studio_GV2","0.00","500","0.00","10/12/2024"
"","Anees  Idrisi - Inventory","Van","PI-1430386","A2X0015","PD_Neck_base_Snow White","0.00","80","0.00","10/12/2024"
"","Anees  Idrisi - Inventory","Van","PI-1430387","RA0790","Neck_400mm_Wall Mount_TPW","0.00","199","0.00","10/12/2024"
"","Anees  Idrisi - Inventory","Van","PI-1430388","A3X0004","Neck Base wall Snow white","0.00","80","0.00","10/12/2024"
"","Anees  Idrisi - Inventory","Van","PI-1430389","A3X0011","TPW Renesa With Swing  Power PCB Plate","0.00","500","0.00","10/12/2024"
"","Anees  Idrisi - Inventory","Van","PI-1432756","EA07701","PCB_Renesa_900mm/1400mm_GV5.0 Reboot PCBA _Nuvoton+UCC-70 Micron_GV5","0.00","500","0.00","10/12/2024"
"","Anees  Idrisi - Inventory","Van","PI-1432953","EA12401","PCB_White LED_Efficio Alpha/Enzel _GV5","2.00","500","2.00","10/12/2024"
"","Anees  Idrisi - Inventory","Van","PI-1439710","RA1242","Canopy_Sand Grey_CF_Renesa+_GV3","0.00","150","0.00","10/12/2024"
"","Anees  Idrisi - Inventory","Van","PI-1439719","SRMASS0060","Display PCB_Efficio+_Pedestal_TPW","1.00","349","1.00","10/12/2024"
"","Anees  Idrisi - Inventory","Van","PI-1439720","RA0946","BLDC Motor_Efficio+_TPW","2.00","599","2.00","10/12/2024"
"","Anees  Idrisi - Inventory","Van","PI-1439721","SRMASS0056","Control PCB_Efficio+_Pedestal_TPW","1.00","349","1.00","10/12/2024"
"","Anees  Idrisi - Inventory","Van","PI-1439731","A159801","MG1.1 SS Jar Set with Lids Service","0.00","0","0.00","10/12/2024"
"","Anees  Idrisi - Inventory","Van","PI-1439733","RA0147","Canopy_Pearl White_CF_Renesa Smart+_GV3","0.00","150","0.00","10/12/2024"
"","Anees  Idrisi - Inventory","Van","PI-1451218","RA0089","Blade_Aluminium_G-Oak_900mm_Renesa+/Renesa Smart_GV3","0.00","599","0.00","10/12/2024"
"","Anees  Idrisi - Inventory","Van","PI-1458849","RA0156","Remote_CF_Efficio_GV2","0.00","150","0.00","10/12/2024"
"","Anees  Idrisi - Inventory","Van","PI-1463196","A1X1085","Blade_Aluminium_Matte brown_900mm_Renesa_GV3","0.00","600","0.00","10/12/2024"
"","Anees  Idrisi - Inventory","Van","PI-1463197","RA0144","Canopy_Plastic_Ivory_GV3","0.00","150","0.00","10/12/2024"
"","Anees  Idrisi - Inventory","Van","PI-1463198","A064110","Blade_Aluminium_Gloss White_Renesa Prime_GV5","0.00","600","0.00","10/12/2024"
"","Anees  Idrisi - Inventory","Van","PI-1463199","A142202","Blade_Aluminium_Brown_1200mm_Efficio/Efficio+/Studio_GV2","0.00","599","0.00","10/12/2024"
"","Anees  Idrisi - Inventory","Van","PI-1463200","A005401","Blade_Aluminium_Metallic Gold_1200mm_Efficio+(with Trim)_GV2","0.00","599","0.00","10/12/2024"
"","Anees  Idrisi - Inventory","Van","PI-1463201","RA0182","Diffuser (Bottom Cap)_White_Renesa_GV3","1.00","60","1.00","10/12/2024"
"","Anees  Idrisi - Inventory","Van","PI-1463202","RA0057","Blade_Aluminium_Black_1200mm_Efficio/Efficio+/Studio_GV2","0.00","599","0.00","10/12/2024"
"","Anees  Idrisi - Inventory","Van","PI-1463203","A1X1104","Blade_Aluminium_Golden Oak_600mm_Renesa+/Renesa Smart_GV3","0.00","600","0.00","10/12/2024"
"","Anees  Idrisi - Inventory","Van","PI-1463204","A039904","Blade_Aluminium_Umber Brown_1200mm_Erica_GV5","0.00","600","0.00","10/12/2024"
"","Anees  Idrisi - Inventory","Van","PI-1463205","EA05301","SMART PCBA /Phoenix-1 LED_PCB_GV5","2.00","700","2.00","10/12/2024"
"","Anees  Idrisi - Inventory","Van","PI-1463206","SA0055","Stator_CF_600mm_Renesa/Renesa+/Renesa Smart_GV3","1.00","500","1.00","10/12/2024"
"","Anees  Idrisi - Inventory","Van","PI-1464243","RA0345","Circlip Pin_CF_Renesa_GV3","0.00","9","0.00","10/12/2024"
"","Anees  Idrisi - Inventory","Van","PI-1465478","SA0020","Sensor PCB_CF","1.00","60","1.00","10/12/2024"
"","Anees  Idrisi - Inventory","Van","PI-1477911","A082201","Motor Housing_Marble White_Aris Contour_GV5","0.00","0","0.00","10/12/2024"
"","Anees  Idrisi - Inventory","Van","PI-1489118","SRACC0090","Plastic RIM_400mm_Wall Mount E+_TPW","0.00","90","0.00","10/12/2024"
"","Anees  Idrisi - Inventory","Van","PI-1501219","EA02401","Digital PCB_Renesa Wall Mount_TPW","0.00","350","0.00","10/12/2024"
"","Anees  Idrisi - Inventory","Van","PI-1684474","A2X0175","PD_Neck_base_Midnight Black","1.00","80","1.00","10/12/2024"
"","Anees  Idrisi - Inventory","Van","PI-1684557","A085702","Face Plate_Black_Stelios/Stelios Pro Pedestal/Izar Pedestal_TPW","0.00","0","0.00","10/12/2024"
"","Anees  Idrisi - Inventory","Van","PI-1773167","A004001","Motor Bldc_150mm_Studio_EXH","1.00","599","1.00","10/12/2024"
"","Anees  Idrisi - Inventory","Van","PI-1775223","RA0092","Downrod_Earth Brown_CF_Efficio+_GV2","0.00","60","0.00","10/12/2024"
"","Anees  Idrisi - Inventory","Van","PI-1795043","A029702","Blade_Plastic_White_1200mm_Aris_IOT_GV5","0.00","600","0.00","10/12/2024"
"","Anees  Idrisi - Inventory","Van","PI-1795050","SA0042","Motor Housing_Brown_CF_Renesa_GV3","1.00","590","1.00","10/12/2024"
"","Anees  Idrisi - Inventory","Van","PI-1795091","A033007","Canopy_Ivory_Renesa+_GV5","0.00","150","0.00","10/12/2024"
"","Anees  Idrisi - Inventory","Van","PI-1811616","A022803","Motor Housing_Matt Brown_Renesa_GV5","0.00","220","0.00","10/12/2024"
"","Anees  Idrisi - Inventory","Van","PI-1811617","SA0099","Stator_1200mm_Erica/Ikano/Ameza/Studio+Reboot/Renesa Reboot/Prime/Zen_GV5","2.00","500","2.00","10/12/2024"
"","Anees  Idrisi - Inventory","Van","PI-1852830","EA07501","Main Power PCB_Aris Contour_GV5","0.00","0","0.00","10/12/2024"
"","Anees  Idrisi - Inventory","Van","PI-2255776","SA0097","Stator_CF_0900mm_Renesa/Renesa+/Renesa Smart_GV3","2.00","500","2.00","10/12/2024"
"","Anees  Idrisi - Inventory","Van","PI-2255777","SA0040","Motor Housing_Black_CF_Renesa_GV3","5.00","590","5.00","10/12/2024"
"","Anees  Idrisi - Inventory","Van","PI-2269791","DS","","0.00","1","0.00","10/12/2024"
"","Anees  Idrisi - Inventory","Van","PI-3085066","EA17701","PCB 41W_Aris non-starlight_GV5","0.00","0","0.00","10/12/2024"
"","Anees  Idrisi - Inventory","Van","PI-3142852","A022804","Motor Housing_Black_1200mm_Renesa+_GV5","3.00","600","3.00","10/12/2024"
"","Anees  Idrisi - Inventory","Van","PI-3142853","SA0100","Stator_900mm_CF_GV5","4.00","220","4.00","10/12/2024"
"","Anees  Idrisi - Inventory","Van","PI-3617017","EA08401","PCB_Renesa Prime_GV5 (Capacitor)","2.00","500","2.00","10/12/2024"
"","Anees  Idrisi - Inventory","Van","PI-3681220","EA12701","Smart PCB_Flamingo_6LED_1200mm_Renesa/Renesa+/Halo/Studio+_GV5","0.00","0","0.00","10/12/2024"
"","Anees  Idrisi - Inventory","Van","PI-3716137","B1C0001","MG 1 Driver PCB","1.00","1000","1.00","10/12/2024"
"","Anees  Idrisi - Inventory","Van","PI-3716138","A102002","Middle upper canopy_Black_Aris_GV5","1.00","0","1.00","10/12/2024"
"","Anees  Idrisi - Inventory","Van","PI-3716139","A102202","Middle Lower canopy_Black_Aris_GV5","1.00","0","1.00","10/12/2024"
"","Anees  Idrisi - Inventory","Van","PI-3716140","A036602","Stator_600mm_Renesa Reboot_GV5","1.00","0","1.00","10/12/2024"
"","Anees  Idrisi - Inventory","Van","PI-3716141","A006502","Diffuser_Marble White_CF_Aris_IOT_GV5","1.00","80","1.00","10/12/2024"
"","Bharat Chudhary - Inventory","Van","PI-95233","A141701","Surge Protection Device Module Assembly_CF","0.00","0","0.00","10/12/2024"
"","Bharat Chudhary - Inventory","Van","PI-66036","B1X0044","Wet/Dry jar sub asssembly MG1.0","0.00","450","0.00","10/12/2024"
"","Bharat Chudhary - Inventory","Van","PI-66037","B1X0056","Chutney jar sub assembly MG1.0","0.00","450","0.00","10/12/2024"
"","Bharat Chudhary - Inventory","Van","PI-66241","A004001","Motor Bldc_150mm_Studio_EXH","0.00","599","0.00","10/12/2024"
"","Bharat Chudhary - Inventory","Van","PI-66329","SA0039","PCB_Remote_1200mm_Studio+_GV4","0.00","500","0.00","10/12/2024"
"","Bharat Chudhary - Inventory","Van","PI-66333","EA04101","PCB_Renesa/Renesa+/Ikano/Sudio+ STM8s, 70micron  (6 LED)_GV5","0.00","500","0.00","10/12/2024"
"","Bharat Chudhary - Inventory","Van","PI-66334","SA0010","Digital PCB_1200mm_Renesa Smart+_GV3","0.00","350","0.00","10/12/2024"
"","Bharat Chudhary - Inventory","Van","PI-66335","SA0011","Consolidate PCB GV3_CF_Renesa+_GV3","0.00","350","0.00","10/12/2024"
"","Bharat Chudhary - Inventory","Van","PI-66336","SA0061","Power PCB (Without Potting) WH_CF_Renesa_GV3","0.00","400","0.00","10/12/2024"
"","Bharat Chudhary - Inventory","Van","PI-66337","SA0019","Consolidate PCB GV2_CF__Efficio_GV2","0.00","500","0.00","10/12/2024"
"","Bharat Chudhary - Inventory","Van","PI-66338","RA0345","Circlip Pin_CF_Renesa_GV3","0.00","9","0.00","10/12/2024"
"","Bharat Chudhary - Inventory","Van","PI-66339","SA0060","Power PCB (Without Potting) BL_CF_Renesa_GV3","0.00","400","0.00","10/12/2024"
"","Bharat Chudhary - Inventory","Van","PI-68613","EA01701","PCB_Erica/Ameza/Renesa Zen_GV5 (STM8s,70micron single LED)","0.00","500","0.00","10/12/2024"
"","Bharat Chudhary - Inventory","Van","PI-68789","SRMF0031","Motor_White_1200mm_Renesa_GV3","0.00","2500","0.00","10/12/2024"
"","Bharat Chudhary - Inventory","Van","PI-68790","RA0028","Bearing 6202_CF","0.00","60","0.00","10/12/2024"
"","Bharat Chudhary - Inventory","Van","PI-68791","SA0099","Stator_1200mm_Erica/Ikano/Ameza/Studio+Reboot/Renesa Reboot/Prime/Zen_GV5","0.00","500","0.00","10/12/2024"
"","Bharat Chudhary - Inventory","Van","PI-68792","SA0097","Stator_CF_0900mm_Renesa/Renesa+/Renesa Smart_GV3","0.00","500","0.00","10/12/2024"
"","Bharat Chudhary - Inventory","Van","PI-68985","SA0057","Stator_CF_1200mm_Efficio/Efficio+/Studio_GV2","0.00","500","0.00","10/12/2024"
"","Bharat Chudhary - Inventory","Van","PI-68986","SA0021","Main PCB_CF_1200mm_Efficio_Reg_28W_GV2","0.00","500","0.00","10/12/2024"
"","Bharat Chudhary - Inventory","Van","PI-68987","SA0001","Rotor_Efficio_GV2","0.00","300","0.00","10/12/2024"
"","Bharat Chudhary - Inventory","Van","PI-72296","RA0072","Blade_Aluminium_Pearl White_1200mm_Renesa+/Renesa Smart_GV3","0.00","599","0.00","10/12/2024"
"","Bharat Chudhary - Inventory","Van","PI-72688","A1X0135","Deactivated - Bottom Body Assembly_Brown_Efficio Alpha/Ikano_GV5","0.00","220","0.00","10/12/2024"
"","Bharat Chudhary - Inventory","Van","PI-73157","A1X0051","Blade_Aluminium_Sand Grey_1200mm_Studio+Reboot_GV5","0.00","600","0.00","10/12/2024"
"","Bharat Chudhary - Inventory","Van","PI-73186","RA0037","Spring_Efficio_ Gv2a_GV2","0.00","25","0.00","10/12/2024"
"","Bharat Chudhary - Inventory","Van","PI-73671","RA0087","Blade_Aluminium_Pearl White_900mm_Renesa+/Renesa Smart_GV3","0.00","599","0.00","10/12/2024"
"","Bharat Chudhary - Inventory","Van","PI-73672","SA0020","Sensor PCB_CF","0.00","60","0.00","10/12/2024"
"","Bharat Chudhary - Inventory","Van","PI-73673","B1H0013","MG1.0 Motor coupler - Push type","0.00","4720","0.00","10/12/2024"
"","Bharat Chudhary - Inventory","Van","PI-73969","SRA023204","Motor_Pearl White_1200mm_Renesa+Reboot_GV5","0.00","2500","0.00","10/12/2024"
"","Bharat Chudhary - Inventory","Van","PI-73971","SRMF0128","Motor_Sand Grey_1200mm_Renesa+_GV3","0.00","2500","0.00","10/12/2024"
"","Bharat Chudhary - Inventory","Van","PI-74197","A1X0827","GV5 PCB Mounting Plate_CF","0.00","50","0.00","10/12/2024"
"","Bharat Chudhary - Inventory","Van","PI-74661","RA0075","Blade_Aluminium_G-Oak_1200mm_Renesa+/Renesa Smart_GV3","0.00","599","0.00","10/12/2024"
"","Bharat Chudhary - Inventory","Van","PI-74948","SA0040","Motor Housing_Black_CF_Renesa_GV3","0.00","590","0.00","10/12/2024"
"","Bharat Chudhary - Inventory","Van","PI-74949","RA0988","oscillation Motor_Efficio+_Walal Mount_TPW","0.00","199","0.00","10/12/2024"
"","Bharat Chudhary - Inventory","Van","PI-74950","SA0056","Stator_CF_1200mm_Renesa/Renesa+/Renesa Smart_GV3","0.00","500","0.00","10/12/2024"
"","Bharat Chudhary - Inventory","Van","PI-75212","SA0080","Oscillation Motor_Efficio_Pedeastal_TPW","0.00","199","0.00","10/12/2024"
"","Bharat Chudhary - Inventory","Van","PI-75469","A1X0102","(Old canopy) Canopy_Studio+ LH_Earth Brown_GV5","0.00","50","0.00","10/12/2024"
"","Bharat Chudhary - Inventory","Van","PI-75470","A1X0103","(Old canopy) Canopy_Studio+ RH_Earth Brown_GV5","0.00","50","0.00","10/12/2024"
"","Bharat Chudhary - Inventory","Van","PI-76834","SA0045","Motor Housing_Earth Brown_CF_Renesa+/Renesa Smart_GV3","0.00","590","0.00","10/12/2024"
"","Bharat Chudhary - Inventory","Van","PI-77584","SA0042","Motor Housing_Brown_CF_Renesa_GV3","0.00","590","0.00","10/12/2024"
"","Bharat Chudhary - Inventory","Van","PI-77585","SA0103","Motor Housing_Sandan Grey_CF_Renesa+/Renesa Smart_GV3","0.00","600","0.00","10/12/2024"
"","Bharat Chudhary - Inventory","Van","PI-77586","RA0078","Blade_Aluminium_Brown_600mm_Renesa_GV3","0.00","599","0.00","10/12/2024"
"","Bharat Chudhary - Inventory","Van","PI-77587","SRA023205","Motor_Midnight Black_1200mm_Renesa+Reboot_GV5","0.00","2500","0.00","10/12/2024"
"","Bharat Chudhary - Inventory","Van","PI-77947","EA03001","Smart PCB Phoenix Led_PCB_1200mm_GV5","0.00","700","0.00","10/12/2024"
"","Bharat Chudhary - Inventory","Van","PI-77948","EA05301","SMART PCBA /Phoenix-1 LED_PCB_GV5","0.00","700","0.00","10/12/2024"
"","Bharat Chudhary - Inventory","Van","PI-78526","SA0044","Motor Housing_Pearl White_CF_Renesa+/Renesa Smart_GV3","0.00","590","0.00","10/12/2024"
"","Bharat Chudhary - Inventory","Van","PI-78827","RA1240","Blade_Aluminium_Midnight Black_1200mm_Renesa_GV3","0.00","600","0.00","10/12/2024"
"","Bharat Chudhary - Inventory","Van","PI-78828","RA0156","Remote_CF_Efficio_GV2","0.00","150","0.00","10/12/2024"
"","Bharat Chudhary - Inventory","Van","PI-78829","A022804","Motor Housing_Black_1200mm_Renesa+_GV5","0.00","600","0.00","10/12/2024"
"","Bharat Chudhary - Inventory","Van","PI-78853","SRA022904","Motor_Mn Black_1200mm_Renesa Reboot_GV5","0.00","2500","0.00","10/12/2024"
"","Bharat Chudhary - Inventory","Van","PI-101040","B1X0031","Liquidizer jar sub assembly MG1.0","0.00","500","0.00","10/12/2024"
"","Bharat Chudhary - Inventory","Van","PI-101041","A091907","Plastic Bottom Cover along with Screw_Gloss Ivory_Ikano/Efficio Alpha_GV5","0.00","0","0.00","10/12/2024"
"","Bharat Chudhary - Inventory","Van","PI-101042","A091902","Plastic Bottom Cover along with Screw_Gloss Black_Ikano/Efficio Alpha/Ameza_GV5","0.00","0","0.00","10/12/2024"
"","Bharat Chudhary - Inventory","Van","PI-105787","EA03201","PCB Without LED Strip_PCB_GV5","0.00","500","0.00","10/12/2024"
"","Bharat Chudhary - Inventory","Van","PI-109035","EA07701","PCB_Renesa_900mm/1400mm_GV5.0 Reboot PCBA _Nuvoton+UCC-70 Micron_GV5","0.00","500","0.00","10/12/2024"
"","Bharat Chudhary - Inventory","Van","PI-112505","A159801","MG1.1 SS Jar Set with Lids Service","0.00","0","0.00","10/12/2024"
"","Bharat Chudhary - Inventory","Van","PI-115751","RA0914","Body_Top Plastic Assembly_Gloss White_Alpha/Renesa Zen/Prime_GV5","0.00","150","0.00","10/12/2024"
"","Bharat Chudhary - Inventory","Van","PI-118376","SRA2M0150","BLDC Motor_Renesa_TPW","0.00","700","0.00","10/12/2024"
"","Bharat Chudhary - Inventory","Van","PI-118377","RA0916","Canopy_Gloss White_Alpha/Renesa Zen/Prime_GV5","0.00","150","0.00","10/12/2024"
"","Bharat Chudhary - Inventory","Van","PI-119650","A074801","Jar Assembly _SS_Metal_Chutney Jar_Zenova_(MG1.1)","0.00","0","0.00","10/12/2024"
"","Bharat Chudhary - Inventory","Van","PI-120443","B1C0001","MG 1 Driver PCB","0.00","1000","0.00","10/12/2024"
"","Bharat Chudhary - Inventory","Van","PI-121176","RA0147","Canopy_Pearl White_CF_Renesa Smart+_GV3","0.00","150","0.00","10/12/2024"
"","Bharat Chudhary - Inventory","Van","PI-127183","A1X0601","CF_Universal Remote New","0.00","250","0.00","10/12/2024"
"","Bharat Chudhary - Inventory","Van","PI-127184","B1C0003","MG 1 Sensor PCB","0.00","150","0.00","10/12/2024"
"","Bharat Chudhary - Inventory","Van","PI-128047","RA0070","Blade_Aluminium_White_1200mm_Renesa_GV3","0.00","599","0.00","10/12/2024"
"","Bharat Chudhary - Inventory","Van","PI-128537","SA0104","Motor Housing_Golden_CF_Renesa+/Renesa Smart_GV3","0.00","600","0.00","10/12/2024"
"","Bharat Chudhary - Inventory","Van","PI-128554","A142201","Blade_Aluminium_White_1200mm_Efficio/Efficio+/Studio_GV2","0.00","599","0.00","10/12/2024"
"","Bharat Chudhary - Inventory","Van","PI-128887","RA0074","Blade_Aluminium_Matt Brown_1200mm_Renesa_GV3","0.00","599","0.00","10/12/2024"
"","Bharat Chudhary - Inventory","Van","PI-140412","B1X0117","Motor_MG_Black","0.00","2500","0.00","10/12/2024"
"","Bharat Chudhary - Inventory","Van","PI-140531","EA05401","Power PCB_Renesa Pedestal/Wall/Table_TPW","0.00","300","0.00","10/12/2024"
"","Bharat Chudhary - Inventory","Van","PI-143566","A029702","Blade_Plastic_White_1200mm_Aris_IOT_GV5","0.00","600","0.00","10/12/2024"
"","Bharat Chudhary - Inventory","Van","PI-143672","EA12401","PCB_White LED_Efficio Alpha/Enzel _GV5","0.00","500","0.00","10/12/2024"
"","Bharat Chudhary - Inventory","Van","PI-146056","RA0924","Body_Top Plastic Assembly_Gloss Black_Alpha/Renesa Zen/Prime_GV5","0.00","220","0.00","10/12/2024"
"","Bharat Chudhary - Inventory","Van","PI-796693","TestProduct","Test PCB","0.00","0","0.00","10/12/2024"
"","Bharat Chudhary - Inventory","Van","PI-816124","A1X1106","Blade_Aluminium_Pearl White_600mm_Renesa+/Renesa Smart_GV3","0.00","600","0.00","10/12/2024"
"","Bharat Chudhary - Inventory","Van","PI-823194","EA18601","Updated STM32_PCB_White LED_Efficio Alpha/Enzel/Azor _GV5","0.00","0","0.00","10/12/2024"
"","Bharat Chudhary - Inventory","Van","PI-825707","EA20801","Updated STM32_PCB_Enerio 28W_GV5","0.00","0","0.00","10/12/2024"
"","Bharat Chudhary - Inventory","Van","PI-847433","RA0077","Blade_Aluminium_White_600mm_Renesa_GV3","0.00","599","0.00","10/12/2024"
"","Bharat Chudhary - Inventory","Van","PI-855566","EA12301","Updated STM32 PCB C0_0.6M/0.9M/1.2M/ 1.4M_ Renesa/Renesa+/Studio+/Ikano/Prime_GV5","0.00","0","0.00","10/12/2024"
"","Bharat Chudhary - Inventory","Van","PI-856807","RA1237","Blade_Aluminium_Sand Grey_1200mm_Renesa+/Renesa Smart_GV3","0.00","600","0.00","10/12/2024"
"","Bharat Chudhary - Inventory","Van","PI-859472","A3H0017","5 Pin Wire harness_Renesa Walrus/Pedestal_Black_TPW","0.00","0","0.00","10/12/2024"
"","Bharat Chudhary - Inventory","Van","PI-864339","A064116","Blade_Aluminium_Enzel/Renesa Zen_1200mm_Dark Walnut_GV5","0.00","0","0.00","10/12/2024"
"","Bharat Chudhary - Inventory","Van","PI-866881","A064120","Blade_Aluminium_Enzel/Renesa Zen_1200mm_Maplewood_GV5","0.00","0","0.00","10/12/2024"
"","Bharat Chudhary - Inventory","Van","PI-869423","A064118","Blade_Aluminium_Enzel/Renesa Zen_1200mm_Mistly Teal_GV5","0.00","0","0.00","10/12/2024"
"","Bharat Chudhary - Inventory","Van","PI-871965","A064119","Blade_Aluminium_Enzel/Renesa Zen_1200mm_Pebble Grey_GV5","0.00","0","0.00","10/12/2024"
"","Bharat Chudhary - Inventory","Van","PI-874507","A170501","Updated Motor housing_Renesa Prime_GV5","0.00","0","0.00","10/12/2024"
"","Bharat Chudhary - Inventory","Van","PI-889880","SA0105","Updated Plastic body with screw_Pebble Grey_Prime/Enzel/Zen_GV5","0.00","0","0.00","10/12/2024"
"","Bharat Chudhary - Inventory","Van","PI-892433","SA0106","Updated Plastic body with screw_Gloss White_Prime/Enzel/Zen_GV5","0.00","0","0.00","10/12/2024"
"","Bharat Chudhary - Inventory","Van","PI-894986","SA0107","Updated Plastic body with screw_Gloss Black_Prime/Enzel/Zen_GV5","0.00","0","0.00","10/12/2024"
"","Bharat Chudhary - Inventory","Van","PI-897539","SA0108","Updated Plastic body with screw_Gloss Brown_Prime/Enzel/Zen_GV5","0.00","0","0.00","10/12/2024"
"","Bharat Chudhary - Inventory","Van","PI-916312","TestSa001","PCB_Regulator_1200mm_Renesa Alpha_GV4Test","0.00","0","0.00","10/12/2024"
"","Bharat Chudhary - Inventory","Van","PI-917572","A2C0002","Power PCB_Renesa Pedestal Non Swing_TPW","0.00","500","0.00","10/12/2024"
"","Bharat Chudhary - Inventory","Van","PI-917573","A2C0003","Interface PCB_Renesa Pedestal Non Swing_TPW","0.00","150","0.00","10/12/2024"
"","Bharat Chudhary - Inventory","Van","PI-921551","EA07101","Sensor PCB_Zenova_MG","0.00","0","0.00","10/12/2024"
"","Bharat Chudhary - Inventory","Van","PI-961264","A029703","Blade_Plastic_Steller Black_1200mm_Aris_IOT_GV5","0.00","0","0.00","10/12/2024"
"","Bharat Chudhary - Inventory","Van","PI-963865","A101703","Top Canopy_Steller Black_1200mm_Aris_IOT_GV5","0.00","0","0.00","10/12/2024"
"","Bharat Chudhary - Inventory","Van","PI-966466","A101803","Canopy top Plate_steller black_1200mm_Aris_IOT_GV5","0.00","0","0.00","10/12/2024"
"","Bharat Chudhary - Inventory","Van","PI-969067","A102003","Middle upper canopy_Steller black_Aris_GV5","0.00","0","0.00","10/12/2024"
"","Bharat Chudhary - Inventory","Van","PI-971668","A102203","Middle Lower canopy_Steller black_Aris_GV5","0.00","0","0.00","10/12/2024"
"","Bharat Chudhary - Inventory","Van","PI-974269","A102403","Bottom Canopy_Steller Black_1220mm_Aris_IOT_GV5","0.00","0","0.00","10/12/2024"
"","Bharat Chudhary - Inventory","Van","PI-976870","A006402","False cover_Aris_GV5","0.00","0","0.00","10/12/2024"
"","Bharat Chudhary - Inventory","Van","PI-979471","A006505","Bottom cover_Steller black_Aris_GV5","0.00","0","0.00","10/12/2024"
"","Bharat Chudhary - Inventory","Van","PI-982072","A002903","Motor Housing_Steller Black_1200mm_Aris_IOT_GV5","0.00","0","0.00","10/12/2024"
"","Bharat Chudhary - Inventory","Van","PI-990116","A158402","Motor & Jar Coupler Set_MG1.0/Zenova/Maple_MG","0.00","0","0.00","10/12/2024"
"","Bharat Chudhary - Inventory","Van","PI-992717","SA0110","Grill Belt Assembly_Black_Renesa Pedestal/Wall/Table/Stelios Pro/Izar Pedestal_TPW","0.00","0","0.00","10/12/2024"
"","Bharat Chudhary - Inventory","Van","PI-995318","SA0109","Grill belt assembly_White_Renesa/Stelios/Izar Pedestal_TPW","0.00","0","0.00","10/12/2024"
"","Bharat Chudhary - Inventory","Van","PI-1001486","RA1348","FG replacement Tags","0.00","0","0.00","10/12/2024"
"","Bharat Chudhary - Inventory","Van","PI-1005250","RA1631","Service Cello Tape (Yellow - 3INX65M)","0.00","0","0.00","10/12/2024"
"","Bharat Chudhary - Inventory","Van","PI-1007855","RA1632","Defective Spares Tag","0.00","0","0.00","10/12/2024"
"","Bharat Chudhary - Inventory","Van","PI-1010460","RA1633","Defective FG Replacement seal","0.00","0","0.00","10/12/2024"
"","Bharat Chudhary - Inventory","Van","PI-1025920","A073415","Downrod_Aegean Blue_CF","0.00","0","0.00","10/12/2024"
"","Bharat Chudhary - Inventory","Van","PI-1050195","A073406","Downrod_Golden_CF","0.00","0","0.00","10/12/2024"
"","Bharat Chudhary - Inventory","Van","PI-1053207","A091911","Bottom Cover_Ameza_GV5","0.00","0","0.00","10/12/2024"
"","Bharat Chudhary - Inventory","Van","PI-1056219","EA16901","Updated_PCB STM32_1200mm_Erica/Ameza/Renesa Zen_1 LED_GV5","0.00","0","0.00","10/12/2024"
"","Bharat Chudhary - Inventory","Van","PI-1059231","A112503","Canopy_Sea Sand Ivory_Ameza_GV5","0.00","0","0.00","10/12/2024"
"","Bharat Chudhary - Inventory","Van","PI-1063219","A073401","Downrod_Earth Brown_CF_Studio+_GV4","0.00","60","0.00","10/12/2024"
"","Bharat Chudhary - Inventory","Van","PI-1067307","A064113","Blade_Aluminium_SS Ivory_Renesa Prime _GV5","0.00","0","0.00","10/12/2024"
"","Bharat Chudhary - Inventory","Van","PI-1565342","SA0036","Motor Housing_Renesa Prime/Enzel/Zen_GV5","0.00","250","0.00","10/12/2024"
"","Bharat Chudhary - Inventory","Van","PI-1835638","RA0173","Sensor Holder_CF","0.00","30","0.00","10/12/2024"
"","Bharat Chudhary - Inventory","Van","PI-1835639","RA0038","Spring_CF_Renesa_GV3","0.00","25","0.00","10/12/2024"
"","Bharat Chudhary - Inventory","Van","PI-1835640","RA0098","Downrod_Brown_CF_Efficio_GV2","0.00","60","0.00","10/12/2024"
"","Bharat Chudhary - Inventory","Van","PI-1835641","RA0114","Downrod_White_CF_Efficio_GV2","0.00","60","0.00","10/12/2024"
"","Bharat Chudhary - Inventory","Van","PI-2311432","SA0098","Stator_CF_1400mm_Renesa/Renesa+/Renesa Smart_GV3","0.00","500","0.00","10/12/2024"
"","Bharat Chudhary - Inventory","Van","PI-2311433","RA1236","Blade_Aluminium_Golden_1200mm_Renesa+/Renesa Smart_GV3","0.00","600","0.00","10/12/2024"
"","Deepak Mohite - Inventory","Van","PI-54492","SA0056","Stator_CF_1200mm_Renesa/Renesa+/Renesa Smart_GV3","0.00","500","0.00","10/12/2024"
"","Deepak Mohite - Inventory","Van","PI-54493","B1X0056","Chutney jar sub assembly MG1.0","0.00","450","0.00","10/12/2024"
"","Deepak Mohite - Inventory","Van","PI-54494","B1X0044","Wet/Dry jar sub asssembly MG1.0","0.00","450","0.00","10/12/2024"
"","Deepak Mohite - Inventory","Van","PI-54495","B1X0031","Liquidizer jar sub assembly MG1.0","0.00","500","0.00","10/12/2024"
"","Deepak Mohite - Inventory","Van","PI-54496","SA0061","Power PCB (Without Potting) WH_CF_Renesa_GV3","0.00","400","0.00","10/12/2024"
"","Deepak Mohite - Inventory","Van","PI-54497","SA0040","Motor Housing_Black_CF_Renesa_GV3","0.00","590","0.00","10/12/2024"
"","Deepak Mohite - Inventory","Van","PI-54498","SA0060","Power PCB (Without Potting) BL_CF_Renesa_GV3","0.00","400","0.00","10/12/2024"
"","Deepak Mohite - Inventory","Van","PI-54499","SA0011","Consolidate PCB GV3_CF_Renesa+_GV3","0.00","350","0.00","10/12/2024"
"","Deepak Mohite - Inventory","Van","PI-54500","SA0041","Motor Housing_White_CF_Renesa_GV3","0.00","590","0.00","10/12/2024"
"","Deepak Mohite - Inventory","Van","PI-54501","A1X0805","Blade_Aluminium_Pearl White_1200mm_Studio+_GV4","0.00","599","0.00","10/12/2024"
"","Deepak Mohite - Inventory","Van","PI-54502","SA0097","Stator_CF_0900mm_Renesa/Renesa+/Renesa Smart_GV3","0.00","500","0.00","10/12/2024"
"","Deepak Mohite - Inventory","Van","PI-54503","SA0019","Consolidate PCB GV2_CF__Efficio_GV2","0.00","500","0.00","10/12/2024"
"","Deepak Mohite - Inventory","Van","PI-54504","EA04101","PCB_Renesa/Renesa+/Ikano/Sudio+ STM8s, 70micron  (6 LED)_GV5","0.00","500","0.00","10/12/2024"
"","Deepak Mohite - Inventory","Van","PI-54505","SA0044","Motor Housing_Pearl White_CF_Renesa+/Renesa Smart_GV3","0.00","590","0.00","10/12/2024"
"","Deepak Mohite - Inventory","Van","PI-55681","FG0124","Atomberg Studio+ Ceiling Fan 1200mm - Earth Brown_GV4","0.00","4000","0.00","10/12/2024"
"","Deepak Mohite - Inventory","Van","PI-797106","TestProduct","Test PCB","0.00","0","0.00","10/12/2024"
"","Deepak Mohite - Inventory","Van","PI-823607","EA18601","Updated STM32_PCB_White LED_Efficio Alpha/Enzel/Azor _GV5","0.00","0","0.00","10/12/2024"
"","Deepak Mohite - Inventory","Van","PI-826120","EA20801","Updated STM32_PCB_Enerio 28W_GV5","0.00","0","0.00","10/12/2024"
"","Deepak Mohite - Inventory","Van","PI-859885","A3H0017","5 Pin Wire harness_Renesa Walrus/Pedestal_Black_TPW","0.00","0","0.00","10/12/2024"
"","Deepak Mohite - Inventory","Van","PI-864752","A064116","Blade_Aluminium_Enzel/Renesa Zen_1200mm_Dark Walnut_GV5","0.00","0","0.00","10/12/2024"
"","Deepak Mohite - Inventory","Van","PI-867294","A064120","Blade_Aluminium_Enzel/Renesa Zen_1200mm_Maplewood_GV5","0.00","0","0.00","10/12/2024"
"","Deepak Mohite - Inventory","Van","PI-869836","A064118","Blade_Aluminium_Enzel/Renesa Zen_1200mm_Mistly Teal_GV5","0.00","0","0.00","10/12/2024"
"","Deepak Mohite - Inventory","Van","PI-872378","A064119","Blade_Aluminium_Enzel/Renesa Zen_1200mm_Pebble Grey_GV5","0.00","0","0.00","10/12/2024"
"","Deepak Mohite - Inventory","Van","PI-874920","A170501","Updated Motor housing_Renesa Prime_GV5","0.00","0","0.00","10/12/2024"
"","Deepak Mohite - Inventory","Van","PI-890293","SA0105","Updated Plastic body with screw_Pebble Grey_Prime/Enzel/Zen_GV5","0.00","0","0.00","10/12/2024"
"","Deepak Mohite - Inventory","Van","PI-892846","SA0106","Updated Plastic body with screw_Gloss White_Prime/Enzel/Zen_GV5","0.00","0","0.00","10/12/2024"
"","Deepak Mohite - Inventory","Van","PI-895399","SA0107","Updated Plastic body with screw_Gloss Black_Prime/Enzel/Zen_GV5","0.00","0","0.00","10/12/2024"
"","Deepak Mohite - Inventory","Van","PI-897952","SA0108","Updated Plastic body with screw_Gloss Brown_Prime/Enzel/Zen_GV5","0.00","0","0.00","10/12/2024"
"","Deepak Mohite - Inventory","Van","PI-916725","TestSa001","PCB_Regulator_1200mm_Renesa Alpha_GV4Test","0.00","0","0.00","10/12/2024"
"","Deepak Mohite - Inventory","Van","PI-921964","EA07101","Sensor PCB_Zenova_MG","0.00","0","0.00","10/12/2024"
"","Deepak Mohite - Inventory","Van","PI-961677","A029703","Blade_Plastic_Steller Black_1200mm_Aris_IOT_GV5","0.00","0","0.00","10/12/2024"
"","Deepak Mohite - Inventory","Van","PI-964278","A101703","Top Canopy_Steller Black_1200mm_Aris_IOT_GV5","0.00","0","0.00","10/12/2024"
"","Deepak Mohite - Inventory","Van","PI-966879","A101803","Canopy top Plate_steller black_1200mm_Aris_IOT_GV5","0.00","0","0.00","10/12/2024"
"","Deepak Mohite - Inventory","Van","PI-969480","A102003","Middle upper canopy_Steller black_Aris_GV5","0.00","0","0.00","10/12/2024"
"","Deepak Mohite - Inventory","Van","PI-972081","A102203","Middle Lower canopy_Steller black_Aris_GV5","0.00","0","0.00","10/12/2024"
"","Deepak Mohite - Inventory","Van","PI-974682","A102403","Bottom Canopy_Steller Black_1220mm_Aris_IOT_GV5","0.00","0","0.00","10/12/2024"
"","Deepak Mohite - Inventory","Van","PI-977283","A006402","False cover_Aris_GV5","0.00","0","0.00","10/12/2024"
"","Deepak Mohite - Inventory","Van","PI-979884","A006505","Bottom cover_Steller black_Aris_GV5","0.00","0","0.00","10/12/2024"
"","Deepak Mohite - Inventory","Van","PI-982485","A002903","Motor Housing_Steller Black_1200mm_Aris_IOT_GV5","0.00","0","0.00","10/12/2024"
"","Deepak Mohite - Inventory","Van","PI-990529","A158402","Motor & Jar Coupler Set_MG1.0/Zenova/Maple_MG","0.00","0","0.00","10/12/2024"
"","Deepak Mohite - Inventory","Van","PI-993130","SA0110","Grill Belt Assembly_Black_Renesa Pedestal/Wall/Table/Stelios Pro/Izar Pedestal_TPW","0.00","0","0.00","10/12/2024"
"","Deepak Mohite - Inventory","Van","PI-995731","SA0109","Grill belt assembly_White_Renesa/Stelios/Izar Pedestal_TPW","0.00","0","0.00","10/12/2024"
"","Deepak Mohite - Inventory","Van","PI-1001899","RA1348","FG replacement Tags","0.00","0","0.00","10/12/2024"
"","Deepak Mohite - Inventory","Van","PI-1005663","RA1631","Service Cello Tape (Yellow - 3INX65M)","0.00","0","0.00","10/12/2024"
"","Deepak Mohite - Inventory","Van","PI-1008268","RA1632","Defective Spares Tag","0.00","0","0.00","10/12/2024"
"","Deepak Mohite - Inventory","Van","PI-1010873","RA1633","Defective FG Replacement seal","0.00","0","0.00","10/12/2024"
"","Deepak Mohite - Inventory","Van","PI-1026333","A073415","Downrod_Aegean Blue_CF","0.00","0","0.00","10/12/2024"
"","Deepak Mohite - Inventory","Van","PI-1050608","A073406","Downrod_Golden_CF","0.00","0","0.00","10/12/2024"
"","Deepak Mohite - Inventory","Van","PI-1053620","A091911","Bottom Cover_Ameza_GV5","0.00","0","0.00","10/12/2024"
"","Deepak Mohite - Inventory","Van","PI-1056632","EA16901","Updated_PCB STM32_1200mm_Erica/Ameza/Renesa Zen_1 LED_GV5","0.00","0","0.00","10/12/2024"
"","Deepak Mohite - Inventory","Van","PI-1059644","A112503","Canopy_Sea Sand Ivory_Ameza_GV5","0.00","0","0.00","10/12/2024"
"","Deepak Mohite - Inventory","Van","PI-1064026","A073401","Downrod_Earth Brown_CF_Studio+_GV4","0.00","60","0.00","10/12/2024"
"","Deepak Mohite - Inventory","Van","PI-1067911","A064113","Blade_Aluminium_SS Ivory_Renesa Prime _GV5","0.00","0","0.00","10/12/2024"
"","Lovlesh Kumar - Inventory","Van","PI-50365","SA0041","Motor Housing_White_CF_Renesa_GV3","0.00","590","0.00","10/12/2024"
"","Lovlesh Kumar - Inventory","Van","PI-50366","EA01701","PCB_Erica/Ameza/Renesa Zen_GV5 (STM8s,70micron single LED)","0.00","500","0.00","10/12/2024"
"","Lovlesh Kumar - Inventory","Van","PI-50367","SA0040","Motor Housing_Black_CF_Renesa_GV3","0.00","590","0.00","10/12/2024"
"","Lovlesh Kumar - Inventory","Van","PI-50368","SA0011","Consolidate PCB GV3_CF_Renesa+_GV3","0.00","350","0.00","10/12/2024"
"","Lovlesh Kumar - Inventory","Van","PI-50369","EA04101","PCB_Renesa/Renesa+/Ikano/Sudio+ STM8s, 70micron  (6 LED)_GV5","0.00","500","0.00","10/12/2024"
"","Lovlesh Kumar - Inventory","Van","PI-50370","SA0061","Power PCB (Without Potting) WH_CF_Renesa_GV3","0.00","400","0.00","10/12/2024"
"","Lovlesh Kumar - Inventory","Van","PI-50371","SA0019","Consolidate PCB GV2_CF__Efficio_GV2","0.00","500","0.00","10/12/2024"
"","Lovlesh Kumar - Inventory","Van","PI-50372","SA0056","Stator_CF_1200mm_Renesa/Renesa+/Renesa Smart_GV3","0.00","500","0.00","10/12/2024"
"","Lovlesh Kumar - Inventory","Van","PI-50373","SA0060","Power PCB (Without Potting) BL_CF_Renesa_GV3","0.00","400","0.00","10/12/2024"
"","Lovlesh Kumar - Inventory","Van","PI-797107","TestProduct","Test PCB","0.00","0","0.00","10/12/2024"
"","Lovlesh Kumar - Inventory","Van","PI-823608","EA18601","Updated STM32_PCB_White LED_Efficio Alpha/Enzel/Azor _GV5","0.00","0","0.00","10/12/2024"
"","Lovlesh Kumar - Inventory","Van","PI-826121","EA20801","Updated STM32_PCB_Enerio 28W_GV5","0.00","0","0.00","10/12/2024"
"","Lovlesh Kumar - Inventory","Van","PI-859886","A3H0017","5 Pin Wire harness_Renesa Walrus/Pedestal_Black_TPW","0.00","0","0.00","10/12/2024"
"","Lovlesh Kumar - Inventory","Van","PI-864753","A064116","Blade_Aluminium_Enzel/Renesa Zen_1200mm_Dark Walnut_GV5","0.00","0","0.00","10/12/2024"
"","Lovlesh Kumar - Inventory","Van","PI-867295","A064120","Blade_Aluminium_Enzel/Renesa Zen_1200mm_Maplewood_GV5","0.00","0","0.00","10/12/2024"
"","Lovlesh Kumar - Inventory","Van","PI-869837","A064118","Blade_Aluminium_Enzel/Renesa Zen_1200mm_Mistly Teal_GV5","0.00","0","0.00","10/12/2024"
"","Lovlesh Kumar - Inventory","Van","PI-872379","A064119","Blade_Aluminium_Enzel/Renesa Zen_1200mm_Pebble Grey_GV5","0.00","0","0.00","10/12/2024"
"","Lovlesh Kumar - Inventory","Van","PI-874921","A170501","Updated Motor housing_Renesa Prime_GV5","0.00","0","0.00","10/12/2024"
"","Lovlesh Kumar - Inventory","Van","PI-890294","SA0105","Updated Plastic body with screw_Pebble Grey_Prime/Enzel/Zen_GV5","0.00","0","0.00","10/12/2024"
"","Lovlesh Kumar - Inventory","Van","PI-892847","SA0106","Updated Plastic body with screw_Gloss White_Prime/Enzel/Zen_GV5","0.00","0","0.00","10/12/2024"
"","Lovlesh Kumar - Inventory","Van","PI-895400","SA0107","Updated Plastic body with screw_Gloss Black_Prime/Enzel/Zen_GV5","0.00","0","0.00","10/12/2024"
"","Lovlesh Kumar - Inventory","Van","PI-897953","SA0108","Updated Plastic body with screw_Gloss Brown_Prime/Enzel/Zen_GV5","0.00","0","0.00","10/12/2024"
"","Lovlesh Kumar - Inventory","Van","PI-916726","TestSa001","PCB_Regulator_1200mm_Renesa Alpha_GV4Test","0.00","0","0.00","10/12/2024"
"","Lovlesh Kumar - Inventory","Van","PI-921965","EA07101","Sensor PCB_Zenova_MG","0.00","0","0.00","10/12/2024"
"","Lovlesh Kumar - Inventory","Van","PI-961678","A029703","Blade_Plastic_Steller Black_1200mm_Aris_IOT_GV5","0.00","0","0.00","10/12/2024"
"","Lovlesh Kumar - Inventory","Van","PI-964279","A101703","Top Canopy_Steller Black_1200mm_Aris_IOT_GV5","0.00","0","0.00","10/12/2024"
"","Lovlesh Kumar - Inventory","Van","PI-966880","A101803","Canopy top Plate_steller black_1200mm_Aris_IOT_GV5","0.00","0","0.00","10/12/2024"
"","Lovlesh Kumar - Inventory","Van","PI-969481","A102003","Middle upper canopy_Steller black_Aris_GV5","0.00","0","0.00","10/12/2024"
"","Lovlesh Kumar - Inventory","Van","PI-972082","A102203","Middle Lower canopy_Steller black_Aris_GV5","0.00","0","0.00","10/12/2024"
"","Lovlesh Kumar - Inventory","Van","PI-974683","A102403","Bottom Canopy_Steller Black_1220mm_Aris_IOT_GV5","0.00","0","0.00","10/12/2024"
"","Lovlesh Kumar - Inventory","Van","PI-977284","A006402","False cover_Aris_GV5","0.00","0","0.00","10/12/2024"
"","Lovlesh Kumar - Inventory","Van","PI-979885","A006505","Bottom cover_Steller black_Aris_GV5","0.00","0","0.00","10/12/2024"
"","Lovlesh Kumar - Inventory","Van","PI-982486","A002903","Motor Housing_Steller Black_1200mm_Aris_IOT_GV5","0.00","0","0.00","10/12/2024"
"","Lovlesh Kumar - Inventory","Van","PI-990530","A158402","Motor & Jar Coupler Set_MG1.0/Zenova/Maple_MG","0.00","0","0.00","10/12/2024"
"","Lovlesh Kumar - Inventory","Van","PI-993131","SA0110","Grill Belt Assembly_Black_Renesa Pedestal/Wall/Table/Stelios Pro/Izar Pedestal_TPW","0.00","0","0.00","10/12/2024"
"","Lovlesh Kumar - Inventory","Van","PI-995732","SA0109","Grill belt assembly_White_Renesa/Stelios/Izar Pedestal_TPW","0.00","0","0.00","10/12/2024"
"","Lovlesh Kumar - Inventory","Van","PI-1001900","RA1348","FG replacement Tags","0.00","0","0.00","10/12/2024"
"","Lovlesh Kumar - Inventory","Van","PI-1005664","RA1631","Service Cello Tape (Yellow - 3INX65M)","0.00","0","0.00","10/12/2024"
"","Lovlesh Kumar - Inventory","Van","PI-1008269","RA1632","Defective Spares Tag","0.00","0","0.00","10/12/2024"
"","Lovlesh Kumar - Inventory","Van","PI-1010874","RA1633","Defective FG Replacement seal","0.00","0","0.00","10/12/2024"
"","Lovlesh Kumar - Inventory","Van","PI-1026334","A073415","Downrod_Aegean Blue_CF","0.00","0","0.00","10/12/2024"
"","Lovlesh Kumar - Inventory","Van","PI-1050609","A073406","Downrod_Golden_CF","0.00","0","0.00","10/12/2024"
"","Lovlesh Kumar - Inventory","Van","PI-1053621","A091911","Bottom Cover_Ameza_GV5","0.00","0","0.00","10/12/2024"
"","Lovlesh Kumar - Inventory","Van","PI-1056633","EA16901","Updated_PCB STM32_1200mm_Erica/Ameza/Renesa Zen_1 LED_GV5","0.00","0","0.00","10/12/2024"
"","Lovlesh Kumar - Inventory","Van","PI-1059645","A112503","Canopy_Sea Sand Ivory_Ameza_GV5","0.00","0","0.00","10/12/2024"
"","Lovlesh Kumar - Inventory","Van","PI-1064027","A073401","Downrod_Earth Brown_CF_Studio+_GV4","0.00","60","0.00","10/12/2024"
"","Lovlesh Kumar - Inventory","Van","PI-1067912","A064113","Blade_Aluminium_SS Ivory_Renesa Prime _GV5","0.00","0","0.00","10/12/2024"
"","Prasad Shete Inventory","Van","PI-0005","SA0041","Motor Housing_White_CF_Renesa_GV3","0.00","590","0.00","10/12/2024"
"","Prasad Shete Inventory","Van","PI-0006","SA0039","PCB_Remote_1200mm_Studio+_GV4","0.00","500","0.00","10/12/2024"
"","Prasad Shete Inventory","Van","PI-0007","RA0038","Spring_CF_Renesa_GV3","0.00","25","0.00","10/12/2024"
"","Prasad Shete Inventory","Van","PI-0008","RA0037","Spring_Efficio_ Gv2a_GV2","0.00","25","0.00","10/12/2024"
"","Prasad Shete Inventory","Van","PI-0009","SA0020","Sensor PCB_CF","0.00","60","0.00","10/12/2024"
"","Prasad Shete Inventory","Van","PI-0010","SA0001","Rotor_Efficio_GV2","0.00","300","0.00","10/12/2024"
"","Prasad Shete Inventory","Van","PI-0011","RA0074","Blade_Aluminium_Matt Brown_1200mm_Renesa_GV3","0.00","599","0.00","10/12/2024"
"","Prasad Shete Inventory","Van","PI-0012","SA0010","Digital PCB_1200mm_Renesa Smart+_GV3","0.00","350","0.00","10/12/2024"
"","Prasad Shete Inventory","Van","PI-0013","SA0061","Power PCB (Without Potting) WH_CF_Renesa_GV3","0.00","400","0.00","10/12/2024"
"","Prasad Shete Inventory","Van","PI-0014","SA0060","Power PCB (Without Potting) BL_CF_Renesa_GV3","0.00","400","0.00","10/12/2024"
"","Prasad Shete Inventory","Van","PI-0015","RA0031","Oc Connector_CF","0.00","15","0.00","10/12/2024"
"","Prasad Shete Inventory","Van","PI-0016","B1X0162","MG1.0 Chopper Jar Lid","0.00","80","0.00","10/12/2024"
"","Prasad Shete Inventory","Van","PI-0017","EA01701","PCB_Erica/Ameza/Renesa Zen_GV5 (STM8s,70micron single LED)","0.00","500","0.00","10/12/2024"
"","Prasad Shete Inventory","Van","PI-0018","RA0072","Blade_Aluminium_Pearl White_1200mm_Renesa+/Renesa Smart_GV3","0.00","599","0.00","10/12/2024"
"","Prasad Shete Inventory","Van","PI-0019","SA0011","Consolidate PCB GV3_CF_Renesa+_GV3","1.00","350","1.00","10/12/2024"
"","Prasad Shete Inventory","Van","PI-0020","SA0019","Consolidate PCB GV2_CF__Efficio_GV2","0.00","500","0.00","10/12/2024"
"","Prasad Shete Inventory","Van","PI-0021","RA0345","Circlip Pin_CF_Renesa_GV3","0.00","9","0.00","10/12/2024"
"","Prasad Shete Inventory","Van","PI-0022","A1X0601","CF_Universal Remote New","0.00","250","0.00","10/12/2024"
"","Prasad Shete Inventory","Van","PI-0023","SA0040","Motor Housing_Black_CF_Renesa_GV3","0.00","590","0.00","10/12/2024"
"","Prasad Shete Inventory","Van","PI-0024","SA0056","Stator_CF_1200mm_Renesa/Renesa+/Renesa Smart_GV3","0.00","500","0.00","10/12/2024"
"","Prasad Shete Inventory","Van","PI-0025","RA0028","Bearing 6202_CF","0.00","60","0.00","10/12/2024"
"","Prasad Shete Inventory","Van","PI-2827","EA04101","PCB_Renesa/Renesa+/Ikano/Sudio+ STM8s, 70micron  (6 LED)_GV5","1.00","500","1.00","10/12/2024"
"","Prasad Shete Inventory","Van","PI-3370","SA0045","Motor Housing_Earth Brown_CF_Renesa+/Renesa Smart_GV3","0.00","590","0.00","10/12/2024"
"","Prasad Shete Inventory","Van","PI-3421","RA0071","Blade_Aluminium_Earth Brown_1200mm_Renesa+/Renesa Smart_GV3","0.00","599","0.00","10/12/2024"
"","Prasad Shete Inventory","Van","PI-3562","B1X0044","Wet/Dry jar sub asssembly MG1.0","0.00","450","0.00","10/12/2024"
"","Prasad Shete Inventory","Van","PI-3563","SA0098","Stator_CF_1400mm_Renesa/Renesa+/Renesa Smart_GV3","0.00","500","0.00","10/12/2024"
"","Prasad Shete Inventory","Van","PI-3564","B1X0031","Liquidizer jar sub assembly MG1.0","0.00","500","0.00","10/12/2024"
"","Prasad Shete Inventory","Van","PI-3565","B1C0001","MG 1 Driver PCB","0.00","1000","0.00","10/12/2024"
"","Prasad Shete Inventory","Van","PI-3628","B1X0056","Chutney jar sub assembly MG1.0","0.00","450","0.00","10/12/2024"
"","Prasad Shete Inventory","Van","PI-3629","A1C0009","Deactivated - PCB_Studio+/Ikano_(STM8s, 35micron Six LED)_GV5","0.00","500","0.00","10/12/2024"
"","Prasad Shete Inventory","Van","PI-3637","RA1238","Deactivated - Motor Housing_Golden_CF_Renesa+/Renesa Smart_GV3","0.00","600","0.00","10/12/2024"
"","Prasad Shete Inventory","Van","PI-3653","RA1239","Deactivated - Motor Housing_Sandan Grey_CF_Renesa+/Renesa Smart_GV3","0.00","600","0.00","10/12/2024"
"","Prasad Shete Inventory","Van","PI-3658","SA0102","Motor Housing_Aegean Blue_CF_Renesa+/Renesa Smart_GV3","0.00","600","0.00","10/12/2024"
"","Prasad Shete Inventory","Van","PI-3659","SA0043","Motor Housing_Ivory_CF_Renesa_GV3","0.00","590","0.00","10/12/2024"
"","Prasad Shete Inventory","Van","PI-3660","SA0042","Motor Housing_Brown_CF_Renesa_GV3","0.00","590","0.00","10/12/2024"
"","Prasad Shete Inventory","Van","PI-3655","SRMASS0074","Power PCB_Efficio+_Pedestal_TPW","0.00","499","0.00","10/12/2024"
"","Prasad Shete Inventory","Van","PI-3656","SA0080","Oscillation Motor_Efficio_Pedeastal_TPW","0.00","199","0.00","10/12/2024"
"","Prasad Shete Inventory","Van","PI-3661","SA0044","Motor Housing_Pearl White_CF_Renesa+/Renesa Smart_GV3","0.00","590","0.00","10/12/2024"
"","Prasad Shete Inventory","Van","PI-4068","SRMF0046","Motor_Black_1200mm_Renesa_GV3","0.00","2500","0.00","10/12/2024"
"","Prasad Shete Inventory","Van","PI-35018","SRMASS0158","BLDC Motor_200mm_Efficio_EXH","0.00","635","0.00","10/12/2024"
"","Prasad Shete Inventory","Van","PI-35019","SRMASS0157","Main PCB_Efficio_EXH","0.00","450","0.00","10/12/2024"
"","Prasad Shete Inventory","Van","PI-37736","SA0038","PCB_Regulator_1200mm_Renesa Alpha_GV4","0.00","500","0.00","10/12/2024"
"","Prasad Shete Inventory","Van","PI-37737","RA0183","Diffuser (Bottom Cap)_Black_Renesa_GV3","0.00","60","0.00","10/12/2024"
"","Prasad Shete Inventory","Van","PI-37738","A2C0002","Power PCB_Renesa Pedestal Non Swing_TPW","0.00","500","0.00","10/12/2024"
"","Prasad Shete Inventory","Van","PI-38544","SRA1X1279","Motor_Gloss Black_1200mm_Ikano_GV5","0.00","2500","0.00","10/12/2024"
"","Prasad Shete Inventory","Van","PI-47135","A1X0139","Blade_Aluminium_Gloss Brown_1200mm_Ikano_GV5","0.00","600","0.00","10/12/2024"
"","Prasad Shete Inventory","Van","PI-47322","SA0087","PCB_Main_1200mm_Ozeo_GV4","0.00","500","0.00","10/12/2024"
"","Prasad Shete Inventory","Van","PI-48019","SRA022903","Motor_Matt Brown_1200mm_Renesa Reboot_GV5","0.00","2500","0.00","10/12/2024"
"","Prasad Shete Inventory","Van","PI-48027","SRA023203","Motor_Mettalic Golden_1200mm_Renesa+Reboot_GV5","0.00","2500","0.00","10/12/2024"
"","Prasad Shete Inventory","Van","PI-48028","SRMF0038","Motor_Earth Brown_1200mm_Renesa+_GV3","0.00","2500","0.00","10/12/2024"
"","Prasad Shete Inventory","Van","PI-48719","RA1240","Blade_Aluminium_Midnight Black_1200mm_Renesa_GV3","0.00","600","0.00","10/12/2024"
"","Prasad Shete Inventory","Van","PI-48939","SA0097","Stator_CF_0900mm_Renesa/Renesa+/Renesa Smart_GV3","0.00","500","0.00","10/12/2024"
"","Prasad Shete Inventory","Van","PI-49629","RA0075","Blade_Aluminium_G-Oak_1200mm_Renesa+/Renesa Smart_GV3","0.00","599","0.00","10/12/2024"
"","Prasad Shete Inventory","Van","PI-50593","SRA1X1280","Motor_Gloss Brown_1200mm_Ikano_GV5","0.00","2500","0.00","10/12/2024"
"","Prasad Shete Inventory","Van","PI-53230","A022804","Motor Housing_Black_1200mm_Renesa+_GV5","0.00","600","0.00","10/12/2024"
"","Prasad Shete Inventory","Van","PI-53403","EA05401","Power PCB_Renesa Pedestal/Wall/Table_TPW","0.00","300","0.00","10/12/2024"
"","Prasad Shete Inventory","Van","PI-53404","RA0946","BLDC Motor_Efficio+_TPW","0.00","599","0.00","10/12/2024"
"","Prasad Shete Inventory","Van","PI-53986","SRMASS0160","BLDC Motor_150mm_Studio+_EXH","0.00","599","0.00","10/12/2024"
"","Prasad Shete Inventory","Van","PI-54687","SRMF0036","Motor_Earth Brown_900mm_Renesa+_GV3","0.00","2500","0.00","10/12/2024"
"","Prasad Shete Inventory","Van","PI-55235","SRA036401","Motor_Snow White_1200mm_Erica Smart_GV5","0.00","2500","0.00","10/12/2024"
"","Prasad Shete Inventory","Van","PI-55831","SRMF0040","Motor_Earth Brown_1400mm_Renesa+_GV3","0.00","2500","0.00","10/12/2024"
"","Prasad Shete Inventory","Van","PI-795631","TestProduct","Test PCB","0.00","0","0.00","10/12/2024"
"","Prasad Shete Inventory","Van","PI-822132","EA18601","Updated STM32_PCB_White LED_Efficio Alpha/Enzel/Azor _GV5","0.00","0","0.00","10/12/2024"
"","Prasad Shete Inventory","Van","PI-824645","EA20801","Updated STM32_PCB_Enerio 28W_GV5","0.00","0","0.00","10/12/2024"
"","Prasad Shete Inventory","Van","PI-858410","A3H0017","5 Pin Wire harness_Renesa Walrus/Pedestal_Black_TPW","0.00","0","0.00","10/12/2024"
"","Prasad Shete Inventory","Van","PI-863277","A064116","Blade_Aluminium_Enzel/Renesa Zen_1200mm_Dark Walnut_GV5","0.00","0","0.00","10/12/2024"
"","Prasad Shete Inventory","Van","PI-865819","A064120","Blade_Aluminium_Enzel/Renesa Zen_1200mm_Maplewood_GV5","0.00","0","0.00","10/12/2024"
"","Prasad Shete Inventory","Van","PI-868361","A064118","Blade_Aluminium_Enzel/Renesa Zen_1200mm_Mistly Teal_GV5","0.00","0","0.00","10/12/2024"
"","Prasad Shete Inventory","Van","PI-870903","A064119","Blade_Aluminium_Enzel/Renesa Zen_1200mm_Pebble Grey_GV5","0.00","0","0.00","10/12/2024"
"","Prasad Shete Inventory","Van","PI-873445","A170501","Updated Motor housing_Renesa Prime_GV5","0.00","0","0.00","10/12/2024"
"","Prasad Shete Inventory","Van","PI-888818","SA0105","Updated Plastic body with screw_Pebble Grey_Prime/Enzel/Zen_GV5","0.00","0","0.00","10/12/2024"
"","Prasad Shete Inventory","Van","PI-891371","SA0106","Updated Plastic body with screw_Gloss White_Prime/Enzel/Zen_GV5","0.00","0","0.00","10/12/2024"
"","Prasad Shete Inventory","Van","PI-893924","SA0107","Updated Plastic body with screw_Gloss Black_Prime/Enzel/Zen_GV5","0.00","0","0.00","10/12/2024"
"","Prasad Shete Inventory","Van","PI-896477","SA0108","Updated Plastic body with screw_Gloss Brown_Prime/Enzel/Zen_GV5","0.00","0","0.00","10/12/2024"
"","Prasad Shete Inventory","Van","PI-915250","TestSa001","PCB_Regulator_1200mm_Renesa Alpha_GV4Test","0.00","0","0.00","10/12/2024"
"","Prasad Shete Inventory","Van","PI-920489","EA07101","Sensor PCB_Zenova_MG","0.00","0","0.00","10/12/2024"
"","Prasad Shete Inventory","Van","PI-960202","A029703","Blade_Plastic_Steller Black_1200mm_Aris_IOT_GV5","0.00","0","0.00","10/12/2024"
"","Prasad Shete Inventory","Van","PI-962803","A101703","Top Canopy_Steller Black_1200mm_Aris_IOT_GV5","0.00","0","0.00","10/12/2024"
"","Prasad Shete Inventory","Van","PI-965404","A101803","Canopy top Plate_steller black_1200mm_Aris_IOT_GV5","0.00","0","0.00","10/12/2024"
"","Prasad Shete Inventory","Van","PI-968005","A102003","Middle upper canopy_Steller black_Aris_GV5","0.00","0","0.00","10/12/2024"
"","Prasad Shete Inventory","Van","PI-970606","A102203","Middle Lower canopy_Steller black_Aris_GV5","0.00","0","0.00","10/12/2024"
"","Prasad Shete Inventory","Van","PI-973207","A102403","Bottom Canopy_Steller Black_1220mm_Aris_IOT_GV5","0.00","0","0.00","10/12/2024"
"","Prasad Shete Inventory","Van","PI-975808","A006402","False cover_Aris_GV5","0.00","0","0.00","10/12/2024"
"","Prasad Shete Inventory","Van","PI-978409","A006505","Bottom cover_Steller black_Aris_GV5","0.00","0","0.00","10/12/2024"
"","Prasad Shete Inventory","Van","PI-981010","A002903","Motor Housing_Steller Black_1200mm_Aris_IOT_GV5","0.00","0","0.00","10/12/2024"
"","Prasad Shete Inventory","Van","PI-989054","A158402","Motor & Jar Coupler Set_MG1.0/Zenova/Maple_MG","0.00","0","0.00","10/12/2024"
"","Prasad Shete Inventory","Van","PI-991655","SA0110","Grill Belt Assembly_Black_Renesa Pedestal/Wall/Table/Stelios Pro/Izar Pedestal_TPW","0.00","0","0.00","10/12/2024"
"","Prasad Shete Inventory","Van","PI-994256","SA0109","Grill belt assembly_White_Renesa/Stelios/Izar Pedestal_TPW","0.00","0","0.00","10/12/2024"
"","Prasad Shete Inventory","Van","PI-1000424","RA1348","FG replacement Tags","0.00","0","0.00","10/12/2024"
"","Prasad Shete Inventory","Van","PI-1004188","RA1631","Service Cello Tape (Yellow - 3INX65M)","0.00","0","0.00","10/12/2024"
"","Prasad Shete Inventory","Van","PI-1006793","RA1632","Defective Spares Tag","0.00","0","0.00","10/12/2024"
"","Prasad Shete Inventory","Van","PI-1009398","RA1633","Defective FG Replacement seal","0.00","0","0.00","10/12/2024"
"","Prasad Shete Inventory","Van","PI-1024858","A073415","Downrod_Aegean Blue_CF","0.00","0","0.00","10/12/2024"
"","Prasad Shete Inventory","Van","PI-1049133","A073406","Downrod_Golden_CF","0.00","0","0.00","10/12/2024"
"","Prasad Shete Inventory","Van","PI-1052145","A091911","Bottom Cover_Ameza_GV5","0.00","0","0.00","10/12/2024"
"","Prasad Shete Inventory","Van","PI-1055157","EA16901","Updated_PCB STM32_1200mm_Erica/Ameza/Renesa Zen_1 LED_GV5","0.00","0","0.00","10/12/2024"
"","Prasad Shete Inventory","Van","PI-1058169","A112503","Canopy_Sea Sand Ivory_Ameza_GV5","0.00","0","0.00","10/12/2024"
"","Prasad Shete Inventory","Van","PI-1061381","A073401","Downrod_Earth Brown_CF_Studio+_GV4","0.00","60","0.00","10/12/2024"
"","Prasad Shete Inventory","Van","PI-1065766","A064113","Blade_Aluminium_SS Ivory_Renesa Prime _GV5","0.00","0","0.00","10/12/2024"
"","Mahadeo Inventory","Van","PI-0026","SA0041","Motor Housing_White_CF_Renesa_GV3","0.00","590","0.00","10/12/2024"
"","Mahadeo Inventory","Van","PI-0027","SA0039","PCB_Remote_1200mm_Studio+_GV4","0.00","500","0.00","10/12/2024"
"","Mahadeo Inventory","Van","PI-0028","RA0038","Spring_CF_Renesa_GV3","0.00","25","0.00","10/12/2024"
"","Mahadeo Inventory","Van","PI-0029","SA0020","Sensor PCB_CF","0.00","60","0.00","10/12/2024"
"","Mahadeo Inventory","Van","PI-0030","SA0010","Digital PCB_1200mm_Renesa Smart+_GV3","0.00","350","0.00","10/12/2024"
"","Mahadeo Inventory","Van","PI-0031","SA0038","PCB_Regulator_1200mm_Renesa Alpha_GV4","0.00","500","0.00","10/12/2024"
"","Mahadeo Inventory","Van","PI-0032","SA0061","Power PCB (Without Potting) WH_CF_Renesa_GV3","0.00","400","0.00","10/12/2024"
"","Mahadeo Inventory","Van","PI-0033","RA1237","Blade_Aluminium_Sand Grey_1200mm_Renesa+/Renesa Smart_GV3","0.00","600","0.00","10/12/2024"
"","Mahadeo Inventory","Van","PI-0034","SRMASS0157","Main PCB_Efficio_EXH","0.00","450","0.00","10/12/2024"
"","Mahadeo Inventory","Van","PI-0035","SA0011","Consolidate PCB GV3_CF_Renesa+_GV3","0.00","350","0.00","10/12/2024"
"","Mahadeo Inventory","Van","PI-0036","SA0019","Consolidate PCB GV2_CF__Efficio_GV2","0.00","500","0.00","10/12/2024"
"","Mahadeo Inventory","Van","PI-0037","RA0345","Circlip Pin_CF_Renesa_GV3","0.00","9","0.00","10/12/2024"
"","Mahadeo Inventory","Van","PI-0038","SA0040","Motor Housing_Black_CF_Renesa_GV3","0.00","590","0.00","10/12/2024"
"","Mahadeo Inventory","Van","PI-0039","RA0183","Diffuser (Bottom Cap)_Black_Renesa_GV3","0.00","60","0.00","10/12/2024"
"","Mahadeo Inventory","Van","PI-0040","RA0028","Bearing 6202_CF","0.00","60","0.00","10/12/2024"
"","Mahadeo Inventory","Van","PI-0041","SA0055","Stator_CF_600mm_Renesa/Renesa+/Renesa Smart_GV3","0.00","500","0.00","10/12/2024"
"","Mahadeo Inventory","Van","PI-4035","SA0060","Power PCB (Without Potting) BL_CF_Renesa_GV3","0.00","400","0.00","10/12/2024"
"","Mahadeo Inventory","Van","PI-4036","SA0056","Stator_CF_1200mm_Renesa/Renesa+/Renesa Smart_GV3","0.00","500","0.00","10/12/2024"
"","Mahadeo Inventory","Van","PI-4038","EA03001","Smart PCB Phoenix Led_PCB_1200mm_GV5","0.00","700","0.00","10/12/2024"
"","Mahadeo Inventory","Van","PI-4039","EA04101","PCB_Renesa/Renesa+/Ikano/Sudio+ STM8s, 70micron  (6 LED)_GV5","0.00","500","0.00","10/12/2024"
"","Mahadeo Inventory","Van","PI-50640","A2C0002","Power PCB_Renesa Pedestal Non Swing_TPW","0.00","500","0.00","10/12/2024"
"","Mahadeo Inventory","Van","PI-50641","B1X0056","Chutney jar sub assembly MG1.0","0.00","450","0.00","10/12/2024"
"","Mahadeo Inventory","Van","PI-50756","A1X0804","Deactivated - Plastic Supporting plate_CF_Studio+_GV4","0.00","60","0.00","10/12/2024"
"","Mahadeo Inventory","Van","PI-50757","RA0114","Downrod_White_CF_Efficio_GV2","0.00","60","0.00","10/12/2024"
"","Mahadeo Inventory","Van","PI-50758","A1X0804","Canopy Plate_Pearl White_CF_Studio+_GV4","0.00","60","0.00","10/12/2024"
"","Mahadeo Inventory","Van","PI-50759","A1X0801","(Old canopy) Canopy Bottom_Pearl White_CF_Studio+_GV4","0.00","85","0.00","10/12/2024"
"","Mahadeo Inventory","Van","PI-50760","A1X0802","(Old canopy) Canopy TOP_Pearl White_CF_Studio+_GV4","0.00","150","0.00","10/12/2024"
"","Mahadeo Inventory","Van","PI-795630","TestProduct","Test PCB","0.00","0","0.00","10/12/2024"
"","Mahadeo Inventory","Van","PI-822131","EA18601","Updated STM32_PCB_White LED_Efficio Alpha/Enzel/Azor _GV5","0.00","0","0.00","10/12/2024"
"","Mahadeo Inventory","Van","PI-824644","EA20801","Updated STM32_PCB_Enerio 28W_GV5","0.00","0","0.00","10/12/2024"
"","Mahadeo Inventory","Van","PI-858409","A3H0017","5 Pin Wire harness_Renesa Walrus/Pedestal_Black_TPW","0.00","0","0.00","10/12/2024"
"","Mahadeo Inventory","Van","PI-863276","A064116","Blade_Aluminium_Enzel/Renesa Zen_1200mm_Dark Walnut_GV5","0.00","0","0.00","10/12/2024"
"","Mahadeo Inventory","Van","PI-865818","A064120","Blade_Aluminium_Enzel/Renesa Zen_1200mm_Maplewood_GV5","0.00","0","0.00","10/12/2024"
"","Mahadeo Inventory","Van","PI-868360","A064118","Blade_Aluminium_Enzel/Renesa Zen_1200mm_Mistly Teal_GV5","0.00","0","0.00","10/12/2024"
"","Mahadeo Inventory","Van","PI-870902","A064119","Blade_Aluminium_Enzel/Renesa Zen_1200mm_Pebble Grey_GV5","0.00","0","0.00","10/12/2024"
"","Mahadeo Inventory","Van","PI-873444","A170501","Updated Motor housing_Renesa Prime_GV5","0.00","0","0.00","10/12/2024"
"","Mahadeo Inventory","Van","PI-888817","SA0105","Updated Plastic body with screw_Pebble Grey_Prime/Enzel/Zen_GV5","0.00","0","0.00","10/12/2024"
"","Mahadeo Inventory","Van","PI-891370","SA0106","Updated Plastic body with screw_Gloss White_Prime/Enzel/Zen_GV5","0.00","0","0.00","10/12/2024"
"","Mahadeo Inventory","Van","PI-893923","SA0107","Updated Plastic body with screw_Gloss Black_Prime/Enzel/Zen_GV5","0.00","0","0.00","10/12/2024"
"","Mahadeo Inventory","Van","PI-896476","SA0108","Updated Plastic body with screw_Gloss Brown_Prime/Enzel/Zen_GV5","0.00","0","0.00","10/12/2024"
"","Mahadeo Inventory","Van","PI-915249","TestSa001","PCB_Regulator_1200mm_Renesa Alpha_GV4Test","0.00","0","0.00","10/12/2024"
"","Mahadeo Inventory","Van","PI-920488","EA07101","Sensor PCB_Zenova_MG","0.00","0","0.00","10/12/2024"
"","Mahadeo Inventory","Van","PI-960201","A029703","Blade_Plastic_Steller Black_1200mm_Aris_IOT_GV5","0.00","0","0.00","10/12/2024"
"","Mahadeo Inventory","Van","PI-962802","A101703","Top Canopy_Steller Black_1200mm_Aris_IOT_GV5","0.00","0","0.00","10/12/2024"
"","Mahadeo Inventory","Van","PI-965403","A101803","Canopy top Plate_steller black_1200mm_Aris_IOT_GV5","0.00","0","0.00","10/12/2024"
"","Mahadeo Inventory","Van","PI-968004","A102003","Middle upper canopy_Steller black_Aris_GV5","0.00","0","0.00","10/12/2024"
"","Mahadeo Inventory","Van","PI-970605","A102203","Middle Lower canopy_Steller black_Aris_GV5","0.00","0","0.00","10/12/2024"
"","Mahadeo Inventory","Van","PI-973206","A102403","Bottom Canopy_Steller Black_1220mm_Aris_IOT_GV5","0.00","0","0.00","10/12/2024"
"","Mahadeo Inventory","Van","PI-975807","A006402","False cover_Aris_GV5","0.00","0","0.00","10/12/2024"
"","Mahadeo Inventory","Van","PI-978408","A006505","Bottom cover_Steller black_Aris_GV5","0.00","0","0.00","10/12/2024"
"","Mahadeo Inventory","Van","PI-981009","A002903","Motor Housing_Steller Black_1200mm_Aris_IOT_GV5","0.00","0","0.00","10/12/2024"
"","Mahadeo Inventory","Van","PI-989053","A158402","Motor & Jar Coupler Set_MG1.0/Zenova/Maple_MG","0.00","0","0.00","10/12/2024"
"","Mahadeo Inventory","Van","PI-991654","SA0110","Grill Belt Assembly_Black_Renesa Pedestal/Wall/Table/Stelios Pro/Izar Pedestal_TPW","0.00","0","0.00","10/12/2024"
"","Mahadeo Inventory","Van","PI-994255","SA0109","Grill belt assembly_White_Renesa/Stelios/Izar Pedestal_TPW","0.00","0","0.00","10/12/2024"
"","Mahadeo Inventory","Van","PI-1000423","RA1348","FG replacement Tags","0.00","0","0.00","10/12/2024"
"","Mahadeo Inventory","Van","PI-1004187","RA1631","Service Cello Tape (Yellow - 3INX65M)","0.00","0","0.00","10/12/2024"
"","Mahadeo Inventory","Van","PI-1006792","RA1632","Defective Spares Tag","0.00","0","0.00","10/12/2024"
"","Mahadeo Inventory","Van","PI-1009397","RA1633","Defective FG Replacement seal","0.00","0","0.00","10/12/2024"
"","Mahadeo Inventory","Van","PI-1024857","A073415","Downrod_Aegean Blue_CF","0.00","0","0.00","10/12/2024"
"","Mahadeo Inventory","Van","PI-1049132","A073406","Downrod_Golden_CF","0.00","0","0.00","10/12/2024"
"","Mahadeo Inventory","Van","PI-1052144","A091911","Bottom Cover_Ameza_GV5","0.00","0","0.00","10/12/2024"
"","Mahadeo Inventory","Van","PI-1055156","EA16901","Updated_PCB STM32_1200mm_Erica/Ameza/Renesa Zen_1 LED_GV5","0.00","0","0.00","10/12/2024"
"","Mahadeo Inventory","Van","PI-1058168","A112503","Canopy_Sea Sand Ivory_Ameza_GV5","0.00","0","0.00","10/12/2024"
"","Mahadeo Inventory","Van","PI-1061380","A073401","Downrod_Earth Brown_CF_Studio+_GV4","0.00","60","0.00","10/12/2024"
"","Mahadeo Inventory","Van","PI-1065765","A064113","Blade_Aluminium_SS Ivory_Renesa Prime _GV5","0.00","0","0.00","10/12/2024"
"","Devendra Bhagat Inventory","Van","PI-0042","SA0041","Motor Housing_White_CF_Renesa_GV3","0.00","590","0.00","10/12/2024"
"","Devendra Bhagat Inventory","Van","PI-0043","SA0059","Stator_CF_1050/900mm_Efficio_GV2","0.00","500","0.00","10/12/2024"
"","Devendra Bhagat Inventory","Van","PI-0044","RA0182","Diffuser (Bottom Cap)_White_Renesa_GV3","0.00","60","0.00","10/12/2024"
"","Devendra Bhagat Inventory","Van","PI-0045","B1X0044","Wet/Dry jar sub asssembly MG1.0","0.00","450","0.00","10/12/2024"
"","Devendra Bhagat Inventory","Van","PI-0046","RA0790","Neck_400mm_Wall Mount_TPW","0.00","199","0.00","10/12/2024"
"","Devendra Bhagat Inventory","Van","PI-0047","SA0057","Stator_CF_1200mm_Efficio/Efficio+/Studio_GV2","0.00","500","0.00","10/12/2024"
"","Devendra Bhagat Inventory","Van","PI-0048","SRMASS0118","Main PCB_Efficio_Walla Mount_TPW","0.00","450","0.00","10/12/2024"
"","Devendra Bhagat Inventory","Van","PI-0049","A1X1217","Stator_1200mm_Studio+/Renesa Alpha/Naveo_GV4","0.00","500","0.00","10/12/2024"
"","Devendra Bhagat Inventory","Van","PI-0050","SRMASS0075","Power PCB_Efficio+_Wall Mount_TPW","0.00","499","0.00","10/12/2024"
"","Devendra Bhagat Inventory","Van","PI-0051","SRMASS0058","Digital PCB_Efficio+_Wall Mount_TPW","0.00","350","0.00","10/12/2024"
"","Devendra Bhagat Inventory","Van","PI-0052","SA0058","Stator_CF_1400mm_Efficio/Efficio+/Studio_GV2","0.00","500","0.00","10/12/2024"
"","Devendra Bhagat Inventory","Van","PI-0053","A2C0002","Power PCB_Renesa Pedestal Non Swing_TPW","0.00","500","0.00","10/12/2024"
"","Devendra Bhagat Inventory","Van","PI-0054","SA0098","Stator_CF_1400mm_Renesa/Renesa+/Renesa Smart_GV3","0.00","500","0.00","10/12/2024"
"","Devendra Bhagat Inventory","Van","PI-0055","EA05401","Power PCB_Renesa Pedestal/Wall/Table_TPW","0.00","300","0.00","10/12/2024"
"","Devendra Bhagat Inventory","Van","PI-0056","SA0055","Stator_CF_600mm_Renesa/Renesa+/Renesa Smart_GV3","0.00","500","0.00","10/12/2024"
"","Devendra Bhagat Inventory","Van","PI-0057","A2C0003","Interface PCB_Renesa Pedestal Non Swing_TPW","0.00","150","0.00","10/12/2024"
"","Devendra Bhagat Inventory","Van","PI-0058","RA0848","Blade_Aluminium_Earth Brown_1200mm_Studio+_GV4","0.00","599","0.00","10/12/2024"
"","Devendra Bhagat Inventory","Van","PI-0059","SRMASS0160","BLDC Motor_150mm_Studio+_EXH","0.00","599","0.00","10/12/2024"
"","Devendra Bhagat Inventory","Van","PI-0060","RA0180","Diffuser_Sand Grey_Efficio_GV2","0.00","25","0.00","10/12/2024"
"","Devendra Bhagat Inventory","Van","PI-0061","RA0178","Diffuser_Pearl White_Efficio_GV2","0.00","25","0.00","10/12/2024"
"","Devendra Bhagat Inventory","Van","PI-0062","RA0038","Spring_CF_Renesa_GV3","0.00","25","0.00","10/12/2024"
"","Devendra Bhagat Inventory","Van","PI-0063","SA0020","Sensor PCB_CF","0.00","60","0.00","10/12/2024"
"","Devendra Bhagat Inventory","Van","PI-0064","SA0102","Motor Housing_Aegean Blue_CF_Renesa+/Renesa Smart_GV3","0.00","600","0.00","10/12/2024"
"","Devendra Bhagat Inventory","Van","PI-0065","RA0173","Sensor Holder_CF","0.00","30","0.00","10/12/2024"
"","Devendra Bhagat Inventory","Van","PI-0066","SA0001","Rotor_Efficio_GV2","0.00","300","0.00","10/12/2024"
"","Devendra Bhagat Inventory","Van","PI-0067","RA0088","Blade_Aluminium_Earth Brown_900mm_Renesa+/Renesa Smart_GV3","0.00","599","0.00","10/12/2024"
"","Devendra Bhagat Inventory","Van","PI-0068","RA0074","Blade_Aluminium_Matt Brown_1200mm_Renesa_GV3","0.00","599","0.00","10/12/2024"
"","Devendra Bhagat Inventory","Van","PI-0069","RA0028","Bearing 6202_CF","0.00","60","0.00","10/12/2024"
"","Devendra Bhagat Inventory","Van","PI-0070","SA0010","Digital PCB_1200mm_Renesa Smart+_GV3","0.00","350","0.00","10/12/2024"
"","Devendra Bhagat Inventory","Van","PI-0071","RA1239","Deactivated - Motor Housing_Sandan Grey_CF_Renesa+/Renesa Smart_GV3","0.00","600","0.00","10/12/2024"
"","Devendra Bhagat Inventory","Van","PI-0072","RA1238","Deactivated - Motor Housing_Golden_CF_Renesa+/Renesa Smart_GV3","0.00","600","0.00","10/12/2024"
"","Devendra Bhagat Inventory","Van","PI-0073","RA0146","Canopy_Black_CF_Renesa_GV3","0.00","150","0.00","10/12/2024"
"","Devendra Bhagat Inventory","Van","PI-0074","RA0157","Remote_CF_Renesa_GV3","0.00","150","0.00","10/12/2024"
"","Devendra Bhagat Inventory","Van","PI-0075","RA0183","Diffuser (Bottom Cap)_Black_Renesa_GV3","0.00","60","0.00","10/12/2024"
"","Devendra Bhagat Inventory","Van","PI-0076","RA0156","Remote_CF_Efficio_GV2","0.00","150","0.00","10/12/2024"
"","Devendra Bhagat Inventory","Van","PI-0077","SA0038","PCB_Regulator_1200mm_Renesa Alpha_GV4","0.00","500","0.00","10/12/2024"
"","Devendra Bhagat Inventory","Van","PI-0078","SA0061","Power PCB (Without Potting) WH_CF_Renesa_GV3","0.00","400","0.00","10/12/2024"
"","Devendra Bhagat Inventory","Van","PI-0079","SA0060","Power PCB (Without Potting) BL_CF_Renesa_GV3","0.00","400","0.00","10/12/2024"
"","Devendra Bhagat Inventory","Van","PI-0080","SRMASS0059","Display PCB_Efficio_Pedestal_TPW","0.00","350","0.00","10/12/2024"
"","Devendra Bhagat Inventory","Van","PI-0081","SA0040","Motor Housing_Black_CF_Renesa_GV3","0.00","590","0.00","10/12/2024"
"","Devendra Bhagat Inventory","Van","PI-0082","SRMASS0062","Main PCB_Efficio_Pedestal_TPW","0.00","450","0.00","10/12/2024"
"","Devendra Bhagat Inventory","Van","PI-0083","SRMASS0060","Display PCB_Efficio+_Pedestal_TPW","0.00","349","0.00","10/12/2024"
"","Devendra Bhagat Inventory","Van","PI-0084","SRMASS0056","Control PCB_Efficio+_Pedestal_TPW","0.00","349","0.00","10/12/2024"
"","Devendra Bhagat Inventory","Van","PI-0085","SRMASS0074","Power PCB_Efficio+_Pedestal_TPW","0.00","499","0.00","10/12/2024"
"","Devendra Bhagat Inventory","Van","PI-0086","SA0044","Motor Housing_Pearl White_CF_Renesa+/Renesa Smart_GV3","0.00","590","0.00","10/12/2024"
"","Devendra Bhagat Inventory","Van","PI-0087","RA0175","PCB Base_CF_Efficio_GV2","0.00","30","0.00","10/12/2024"
"","Devendra Bhagat Inventory","Van","PI-0088","SA0042","Motor Housing_Brown_CF_Renesa_GV3","0.00","590","0.00","10/12/2024"
"","Devendra Bhagat Inventory","Van","PI-0089","RA0031","Oc Connector_CF","0.00","15","0.00","10/12/2024"
"","Devendra Bhagat Inventory","Van","PI-0090","A1X0601","CF_Universal Remote New","0.00","250","0.00","10/12/2024"
"","Devendra Bhagat Inventory","Van","PI-0091","SPR0172","Top Motor Housing_Metal_Studio+_GV4","0.00","484","0.00","10/12/2024"
"","Devendra Bhagat Inventory","Van","PI-0092","SPR0031","Deactivated - Motor Screw_CF_Efficio_GV2","0.00","9","0.00","10/12/2024"
"","Devendra Bhagat Inventory","Van","PI-0093","B1H0013","MG1.0 Motor coupler - Push type","0.00","4720","0.00","10/12/2024"
"","Devendra Bhagat Inventory","Van","PI-0094","SA0087","PCB_Main_1200mm_Ozeo_GV4","0.00","500","0.00","10/12/2024"
"","Devendra Bhagat Inventory","Van","PI-0095","SA0043","Motor Housing_Ivory_CF_Renesa_GV3","0.00","590","0.00","10/12/2024"
"","Devendra Bhagat Inventory","Van","PI-0096","EA01701","PCB_Erica/Ameza/Renesa Zen_GV5 (STM8s,70micron single LED)","0.00","500","0.00","10/12/2024"
"","Devendra Bhagat Inventory","Van","PI-0097","SA0097","Stator_CF_0900mm_Renesa/Renesa+/Renesa Smart_GV3","0.00","500","0.00","10/12/2024"
"","Devendra Bhagat Inventory","Van","PI-0098","RA1237","Blade_Aluminium_Sand Grey_1200mm_Renesa+/Renesa Smart_GV3","0.00","600","0.00","10/12/2024"
"","Devendra Bhagat Inventory","Van","PI-0099","RA1236","Blade_Aluminium_Golden_1200mm_Renesa+/Renesa Smart_GV3","0.00","600","0.00","10/12/2024"
"","Devendra Bhagat Inventory","Van","PI-0100","RA1242","Canopy_Sand Grey_CF_Renesa+_GV3","0.00","150","0.00","10/12/2024"
"","Devendra Bhagat Inventory","Van","PI-0101","RA0177","Diffuser_Pearl Ivory_Efficio_GV2","0.00","25","0.00","10/12/2024"
"","Devendra Bhagat Inventory","Van","PI-0102","RA0179","Diffuser_Brown_Efficio_GV2","0.00","25","0.00","10/12/2024"
"","Devendra Bhagat Inventory","Van","PI-0103","SRMASS0157","Main PCB_Efficio_EXH","0.00","450","0.00","10/12/2024"
"","Devendra Bhagat Inventory","Van","PI-0104","SRMASS0158","BLDC Motor_200mm_Efficio_EXH","0.00","635","0.00","10/12/2024"
"","Devendra Bhagat Inventory","Van","PI-0105","SA0011","Consolidate PCB GV3_CF_Renesa+_GV3","0.00","350","0.00","10/12/2024"
"","Devendra Bhagat Inventory","Van","PI-0106","SA0019","Consolidate PCB GV2_CF__Efficio_GV2","0.00","500","0.00","10/12/2024"
"","Devendra Bhagat Inventory","Van","PI-89020","A091902","Plastic Bottom Cover along with Screw_Gloss Black_Ikano/Efficio Alpha/Ameza_GV5","0.00","0","0.00","10/12/2024"
"","Devendra Bhagat Inventory","Van","PI-90589","A091905","Plastic Bottom Cover along with Screw_Gloss White_Ikano/Efficio Alpha_GV5","0.00","0","0.00","10/12/2024"
"","Devendra Bhagat Inventory","Van","PI-94229","EA05301","SMART PCBA /Phoenix-1 LED_PCB_GV5","0.00","700","0.00","10/12/2024"
"","Devendra Bhagat Inventory","Van","PI-94519","B1C0001","MG 1 Driver PCB","0.00","1000","0.00","10/12/2024"
"","Devendra Bhagat Inventory","Van","PI-3483","B1X0056","Chutney jar sub assembly MG1.0","0.00","450","0.00","10/12/2024"
"","Devendra Bhagat Inventory","Van","PI-3566","SA0056","Stator_CF_1200mm_Renesa/Renesa+/Renesa Smart_GV3","0.00","500","0.00","10/12/2024"
"","Devendra Bhagat Inventory","Van","PI-3567","B1X0031","Liquidizer jar sub assembly MG1.0","0.00","500","0.00","10/12/2024"
"","Devendra Bhagat Inventory","Van","PI-3568","EA03001","Smart PCB Phoenix Led_PCB_1200mm_GV5","0.00","700","0.00","10/12/2024"
"","Devendra Bhagat Inventory","Van","PI-3625","SA0039","PCB_Remote_1200mm_Studio+_GV4","0.00","500","0.00","10/12/2024"
"","Devendra Bhagat Inventory","Van","PI-3626","RA0345","Circlip Pin_CF_Renesa_GV3","0.00","9","0.00","10/12/2024"
"","Devendra Bhagat Inventory","Van","PI-3627","RA0072","Blade_Aluminium_Pearl White_1200mm_Renesa+/Renesa Smart_GV3","0.00","599","0.00","10/12/2024"
"","Devendra Bhagat Inventory","Van","PI-3634","SA0045","Motor Housing_Earth Brown_CF_Renesa+/Renesa Smart_GV3","0.00","590","0.00","10/12/2024"
"","Devendra Bhagat Inventory","Van","PI-4040","EA04101","PCB_Renesa/Renesa+/Ikano/Sudio+ STM8s, 70micron  (6 LED)_GV5","0.00","500","0.00","10/12/2024"
"","Devendra Bhagat Inventory","Van","PI-36186","RA0082","Blade_Aluminium_Brown_1400mm_Renesa/Renesa+/Renesa Smart_GV3 & GV5","0.00","599","0.00","10/12/2024"
"","Devendra Bhagat Inventory","Van","PI-37104","RA0923","Deactivated - (old code) Blade_Aluminium_Gloss Brown_1200mm_Renesa Alpha_GV4","0.00","599","0.00","10/12/2024"
"","Devendra Bhagat Inventory","Van","PI-40963","SRA1X1284","Motor_Sand Grey_1200mm_Studio+Reboot_GV5","0.00","2500","0.00","10/12/2024"
"","Devendra Bhagat Inventory","Van","PI-40964","A1X0051","Blade_Aluminium_Sand Grey_1200mm_Studio+Reboot_GV5","0.00","600","0.00","10/12/2024"
"","Devendra Bhagat Inventory","Van","PI-42000","RA0071","Blade_Aluminium_Earth Brown_1200mm_Renesa+/Renesa Smart_GV3","0.00","599","0.00","10/12/2024"
"","Devendra Bhagat Inventory","Van","PI-43323","A1X1087","Canopy_White Set_Erica_GV5","0.00","150","0.00","10/12/2024"
"","Devendra Bhagat Inventory","Van","PI-44209","RA1240","Blade_Aluminium_Midnight Black_1200mm_Renesa_GV3","0.00","600","0.00","10/12/2024"
"","Devendra Bhagat Inventory","Van","PI-44210","SRA036401","Motor_Snow White_1200mm_Erica Smart_GV5","0.00","2500","0.00","10/12/2024"
"","Devendra Bhagat Inventory","Van","PI-44229","RA0075","Blade_Aluminium_G-Oak_1200mm_Renesa+/Renesa Smart_GV3","0.00","599","0.00","10/12/2024"
"","Devendra Bhagat Inventory","Van","PI-44230","RA0070","Blade_Aluminium_White_1200mm_Renesa_GV3","0.00","599","0.00","10/12/2024"
"","Devendra Bhagat Inventory","Van","PI-46895","A142202","Blade_Aluminium_Brown_1200mm_Efficio/Efficio+/Studio_GV2","0.00","599","0.00","10/12/2024"
"","Devendra Bhagat Inventory","Van","PI-46896","RA0080","Blade_Aluminium_White_1400mm_Renesa_GV3 & GV5","0.00","599","0.00","10/12/2024"
"","Devendra Bhagat Inventory","Van","PI-49034","A1X1106","Deactivated - Blade_Aluminium_Pearl White_600mm_Renesa+/Renesa Smart_GV3","0.00","600","0.00","10/12/2024"
"","Devendra Bhagat Inventory","Van","PI-49035","RA0040","Blade_Aluminium_Ivory_1200mm_Efficio_GV2","0.00","599","0.00","10/12/2024"
"","Devendra Bhagat Inventory","Van","PI-50016","A142201","Blade_Aluminium_White_1200mm_Efficio/Efficio+/Studio_GV2","0.00","599","0.00","10/12/2024"
"","Devendra Bhagat Inventory","Van","PI-54915","RA0918","Deactivated - (old code) Blade_Aluminium_White_1200mm_Renesa Alpha_GV4","0.00","599","0.00","10/12/2024"
"","Devendra Bhagat Inventory","Van","PI-54916","A1X0134","Deactivated - Bottom Body_Plastic_Gloss Black_Ikano_GV5","0.00","220","0.00","10/12/2024"
"","Devendra Bhagat Inventory","Van","PI-54917","EA17601","PCB With LED Strip__Aris Starlight_GV5","0.00","500","0.00","10/12/2024"
"","Devendra Bhagat Inventory","Van","PI-54918","EA03201","PCB Without LED Strip_PCB_GV5","0.00","500","0.00","10/12/2024"
"","Devendra Bhagat Inventory","Van","PI-55050","SRA023205","Motor_Midnight Black_1200mm_Renesa+Reboot_GV5","0.00","2500","0.00","10/12/2024"
"","Devendra Bhagat Inventory","Van","PI-55675","A1X0805","Blade_Aluminium_Pearl White_1200mm_Studio+_GV4","0.00","599","0.00","10/12/2024"
"","Devendra Bhagat Inventory","Van","PI-55676","A039905","Blade_Aluminium_Erica_1200_1200mm - Midnight Black Matt_GV5","0.00","600","0.00","10/12/2024"
"","Devendra Bhagat Inventory","Van","PI-58037","A1X0139","Blade_Aluminium_Gloss Brown_1200mm_Ikano_GV5","0.00","600","0.00","10/12/2024"
"","Devendra Bhagat Inventory","Van","PI-58275","A040002","Blade_Aluminium_White_1200mm_Studio+Reboot_GV5","0.00","600","0.00","10/12/2024"
"","Devendra Bhagat Inventory","Van","PI-59811","SA0099","Stator_1200mm_Erica/Ikano/Ameza/Studio+Reboot/Renesa Reboot/Prime/Zen_GV5","0.00","500","0.00","10/12/2024"
"","Devendra Bhagat Inventory","Van","PI-59812","A022804","Motor Housing_Black_1200mm_Renesa+_GV5","0.00","600","0.00","10/12/2024"
"","Devendra Bhagat Inventory","Van","PI-59932","B1X0106","Motor_MG_Wine Red","0.00","2500","0.00","10/12/2024"
"","Devendra Bhagat Inventory","Van","PI-60161","SRA023203","Motor_Mettalic Golden_1200mm_Renesa+Reboot_GV5","0.00","2500","0.00","10/12/2024"
"","Devendra Bhagat Inventory","Van","PI-61661","B1X0028","MG 1 Liquidizer jar lid","0.00","500","0.00","10/12/2024"
"","Devendra Bhagat Inventory","Van","PI-61662","SRMF0046","Motor_Black_1200mm_Renesa_GV3","0.00","2500","0.00","10/12/2024"
"","Devendra Bhagat Inventory","Van","PI-61890","A026402","Blade_Aluminium_Black_1200mm_Ameza_GV5","0.00","600","0.00","10/12/2024"
"","Devendra Bhagat Inventory","Van","PI-62775","SRA026301","Motor_Gloss White_1200mm_Ameza_GV5","0.00","2500","0.00","10/12/2024"
"","Devendra Bhagat Inventory","Van","PI-64133","SRA023204","Motor_Pearl White_1200mm_Renesa+Reboot_GV5","0.00","2500","0.00","10/12/2024"
"","Devendra Bhagat Inventory","Van","PI-65126","RA0073","Blade_Aluminium_Ivory_1200mm_Renesa_GV3","0.00","599","0.00","10/12/2024"
"","Devendra Bhagat Inventory","Van","PI-65127","SA0021","Main PCB_CF_1200mm_Efficio_Reg_28W_GV2","0.00","500","0.00","10/12/2024"
"","Devendra Bhagat Inventory","Van","PI-65128","SRMASS0149","Diffuser Opener Tool_CF_Renesa+_GV3","0.00","4720","0.00","10/12/2024"
"","Devendra Bhagat Inventory","Van","PI-65129","RA1105","Master Remote (Tech Use only)","0.00","250","0.00","10/12/2024"
"","Devendra Bhagat Inventory","Van","PI-65474","A1X0136","Deactivated - Bottom Body Assembly_Ivory_Efficio Alpha/Ikano _GV5","0.00","220","0.00","10/12/2024"
"","Devendra Bhagat Inventory","Van","PI-65475","A1X1091","Blade_Aluminium_Aegean Blue_1200mm_Renesa+/Renesa Smart_GV3","0.00","600","0.00","10/12/2024"
"","Devendra Bhagat Inventory","Van","PI-65476","A1X0140","Blade_Aluminium_Gloss Ivory_1200mm_Ikano_GV5","0.00","600","0.00","10/12/2024"
"","Devendra Bhagat Inventory","Van","PI-65799","SRMTR007","Motor Assembly_White_400mm_Efficio+_Pedestal_TPW","0.00","4720","0.00","10/12/2024"
"","Devendra Bhagat Inventory","Van","PI-66653","A004001","Motor Bldc_150mm_Studio_EXH","0.00","599","0.00","10/12/2024"
"","Devendra Bhagat Inventory","Van","PI-66784","A023101","Motor Housing_Grey_Renesa+_GV5","0.00","600","0.00","10/12/2024"
"","Devendra Bhagat Inventory","Van","PI-66785","B1X0116","MG1.0 Knob Assembly","0.00","80","0.00","10/12/2024"
"","Devendra Bhagat Inventory","Van","PI-70676","A1X1106","Blade_Aluminium_Pearl White_600mm_Renesa+/Renesa Smart_GV3","0.00","600","0.00","10/12/2024"
"","Devendra Bhagat Inventory","Van","PI-70677","SA0104","Motor Housing_Golden_CF_Renesa+/Renesa Smart_GV3","0.00","600","0.00","10/12/2024"
"","Devendra Bhagat Inventory","Van","PI-70678","SA0103","Motor Housing_Sandan Grey_CF_Renesa+/Renesa Smart_GV3","0.00","600","0.00","10/12/2024"
"","Devendra Bhagat Inventory","Van","PI-72262","SRMF0011","Motor_White_1200mm_Efficio_GV2","0.00","2500","0.00","10/12/2024"
"","Devendra Bhagat Inventory","Van","PI-74200","SRA1X1281","Motor_Gloss Ivory_1200mm_Ikano_GV5","0.00","2500","0.00","10/12/2024"
"","Devendra Bhagat Inventory","Van","PI-74805","A1X0150","Deactivated - Bottom Body Assembly_Gloss White_900mm_Ikano/Efficio Alpha_GV5","0.00","220","0.00","10/12/2024"
"","Devendra Bhagat Inventory","Van","PI-86010","A141701","Surge Protection Device Module Assembly_CF","0.00","0","0.00","10/12/2024"
"","Devendra Bhagat Inventory","Van","PI-86651","RA0147","Canopy_Pearl White_CF_Renesa Smart+_GV3","0.00","150","0.00","10/12/2024"
"","Devendra Bhagat Inventory","Van","PI-86652","A029702","Blade_Plastic_White_1200mm_Aris_IOT_GV5","0.00","600","0.00","10/12/2024"
"","Devendra Bhagat Inventory","Van","PI-96197","A039904","Blade_Aluminium_Umber Brown_1200mm_Erica_GV5","0.00","600","0.00","10/12/2024"
"","Devendra Bhagat Inventory","Van","PI-96816","SRA003503","Motor_Dark Teakwood_Non-Startlight_CF_1200mm_Aris_IOT_GV5","0.00","2500","0.00","10/12/2024"
"","Devendra Bhagat Inventory","Van","PI-97073","A091901","Plastic Bottom Cover along with Screw_Gloss White_Ameza_GV5","0.00","0","0.00","10/12/2024"
"","Devendra Bhagat Inventory","Van","PI-97074","A091904","Plastic Bottom Cover along with Screw_Gloss Ivory_Ameza_GV5","0.00","0","0.00","10/12/2024"
"","Devendra Bhagat Inventory","Van","PI-97075","A091903","Plastic Bottom Cover along with Screw_Gloss Brown_Ameza_GV5","0.00","0","0.00","10/12/2024"
"","Devendra Bhagat Inventory","Van","PI-97595","RA0142","Canopy_White_CF_Efficio_GV2","0.00","150","0.00","10/12/2024"
"","Devendra Bhagat Inventory","Van","PI-98572","RA0085","Blade_Aluminium_Golden Oak_1400mm_Renesa+/Renesa Smart_GV3","0.00","599","0.00","10/12/2024"
"","Devendra Bhagat Inventory","Van","PI-99262","A022806","Motor Housing_Metallic Golden_1200mm_Renesa Reboot_GV5","0.00","600","0.00","10/12/2024"
"","Devendra Bhagat Inventory","Van","PI-100254","A1X1082","Blade_Aluminium_White_900mm_Renesa_GV3","0.00","600","0.00","10/12/2024"
"","Devendra Bhagat Inventory","Van","PI-101005","A033001","Canopy_White_Renesa+_GV5","0.00","150","0.00","10/12/2024"
"","Devendra Bhagat Inventory","Van","PI-101057","A063803","Blade_Aluminium_Brown_Efficio Alpha/Ameza _GV5","0.00","600","0.00","10/12/2024"
"","Devendra Bhagat Inventory","Van","PI-103399","SRACC0090","Plastic RIM_400mm_Wall Mount E+_TPW","0.00","90","0.00","10/12/2024"
"","Devendra Bhagat Inventory","Van","PI-104490","EA08401","PCB_Renesa Prime_GV5 (Capacitor)","0.00","500","0.00","10/12/2024"
"","Devendra Bhagat Inventory","Van","PI-104491","EA12401","PCB_White LED_Efficio Alpha/Enzel _GV5","0.00","500","0.00","10/12/2024"
"","Devendra Bhagat Inventory","Van","PI-105948","A1X0169","Blade_Aluminium_Earth Brown_1200mm_Studio+ Reboot_GV5","0.00","600","0.00","10/12/2024"
"","Devendra Bhagat Inventory","Van","PI-109236","A1X0103","(Old canopy) Canopy_Studio+ RH_Earth Brown_GV5","0.00","50","0.00","10/12/2024"
"","Devendra Bhagat Inventory","Van","PI-109237","A1X0101","(Old canopy) Downrod_Clamp_Plastic CF_GV5","0.00","60","0.00","10/12/2024"
"","Devendra Bhagat Inventory","Van","PI-109238","A1X0102","(Old canopy) Canopy_Studio+ LH_Earth Brown_GV5","0.00","50","0.00","10/12/2024"
"","Devendra Bhagat Inventory","Van","PI-109786","A091906","Plastic Bottom Cover along with Screw_Gloss Brown_Ikano/Efficio Alpha_GV5","0.00","0","0.00","10/12/2024"
"","Devendra Bhagat Inventory","Van","PI-109926","A022801","Motor Housing White_Renesa/Renesa+/Renesa Smart+ GV5","0.00","500","0.00","10/12/2024"
"","Devendra Bhagat Inventory","Van","PI-111548","RA0046","Blade_Aluminium_White_1400mm_Efficio/Efficio+/Studio_GV2","0.00","599","0.00","10/12/2024"
"","Devendra Bhagat Inventory","Van","PI-112284","A159801","MG1.1 SS Jar Set with Lids Service","0.00","0","0.00","10/12/2024"
"","Devendra Bhagat Inventory","Van","PI-114389","RA0087","Blade_Aluminium_Pearl White_900mm_Renesa+/Renesa Smart_GV3","0.00","599","0.00","10/12/2024"
"","Devendra Bhagat Inventory","Van","PI-115250","A022807","Motor Housing_Pearl white_Renesa+_GV5","0.00","600","0.00","10/12/2024"
"","Devendra Bhagat Inventory","Van","PI-116271","B1C0003","MG 1 Sensor PCB","0.00","150","0.00","10/12/2024"
"","Devendra Bhagat Inventory","Van","PI-116272","B1C0002","MG 1 Interface PCB","0.00","350","0.00","10/12/2024"
"","Devendra Bhagat Inventory","Van","PI-116646","SRA2M0150","BLDC Motor_Renesa_TPW","0.00","700","0.00","10/12/2024"
"","Devendra Bhagat Inventory","Van","PI-116647","A1X0170","Blade_Aluminium_Marble White_1200mm_Studio+_GV5","0.00","600","0.00","10/12/2024"
"","Devendra Bhagat Inventory","Van","PI-118559","B1X0151","Chopper Jar Assembly_MG1/Zenova/Yulia_MG","0.00","550","0.00","10/12/2024"
"","Devendra Bhagat Inventory","Van","PI-119973","SA0084","Motor Housing_Gloss Brown_Efficio Alpha/Ikano/Ameza_GV5","0.00","300","0.00","10/12/2024"
"","Devendra Bhagat Inventory","Van","PI-120615","SA0036","Motor Housing_Renesa Prime/Enzel/Zen_GV5","0.00","250","0.00","10/12/2024"
"","Devendra Bhagat Inventory","Van","PI-120616","A1X1038","Bottom Cover_Umber Brown_1200mm_Erica Smart_GV5","0.00","220","0.00","10/12/2024"
"","Devendra Bhagat Inventory","Van","PI-122125","A3X0036","Remote_Renesa Pedestal/Wall/Table/Stelios Pro/Izar Pedestal_TPW","0.00","250","0.00","10/12/2024"
"","Devendra Bhagat Inventory","Van","PI-122126","A1X1004","Motor Housing_Snow White_Erica_GV5","0.00","220","0.00","10/12/2024"
"","Devendra Bhagat Inventory","Van","PI-122302","A091907","Plastic Bottom Cover along with Screw_Gloss Ivory_Ikano/Efficio Alpha_GV5","0.00","0","0.00","10/12/2024"
"","Devendra Bhagat Inventory","Van","PI-124563","A047104","Blade_Aluminium_Ikano_1400mm - GLOSS IVORY_GV5","0.00","600","0.00","10/12/2024"
"","Devendra Bhagat Inventory","Van","PI-124819","SA0085","Motor Housing_Gloss Ivory_Efficio Alpha/Ikano/Ameza_GV5","0.00","300","0.00","10/12/2024"
"","Devendra Bhagat Inventory","Van","PI-124842","RA0924","Body_Top Plastic Assembly_Gloss Black_Alpha/Renesa Zen/Prime_GV5","0.00","220","0.00","10/12/2024"
"","Devendra Bhagat Inventory","Van","PI-124843","RA0051","Blade_Aluminium_Brown_1400mm_Efficio/Efficio+/Studio_GV2","0.00","599","0.00","10/12/2024"
"","Devendra Bhagat Inventory","Van","PI-127882","EA07701","PCB_Renesa_900mm/1400mm_GV5.0 Reboot PCBA _Nuvoton+UCC-70 Micron_GV5","0.00","500","0.00","10/12/2024"
"","Devendra Bhagat Inventory","Van","PI-128785","EA06301","Driver/Main PCB_Zenova_(MG1.1)","0.00","0","0.00","10/12/2024"
"","Devendra Bhagat Inventory","Van","PI-140672","RA0914","Body_Top Plastic Assembly_Gloss White_Alpha/Renesa Zen/Prime_GV5","0.00","150","0.00","10/12/2024"
"","Devendra Bhagat Inventory","Van","PI-795633","TestProduct","Test PCB","0.00","0","0.00","10/12/2024"
"","Devendra Bhagat Inventory","Van","PI-802404","EA12301","Updated STM32 PCB C0_0.6M/0.9M/1.2M/ 1.4M_ Renesa/Renesa+/Studio+/Ikano/Prime_GV5","0.00","0","0.00","10/12/2024"
"","Devendra Bhagat Inventory","Van","PI-822134","EA18601","Updated STM32_PCB_White LED_Efficio Alpha/Enzel/Azor _GV5","0.00","0","0.00","10/12/2024"
"","Devendra Bhagat Inventory","Van","PI-824647","EA20801","Updated STM32_PCB_Enerio 28W_GV5","0.00","0","0.00","10/12/2024"
"","Devendra Bhagat Inventory","Van","PI-852094","B1X0117","Motor_MG_Black","0.00","2500","0.00","10/12/2024"
"","Devendra Bhagat Inventory","Van","PI-858412","A3H0017","5 Pin Wire harness_Renesa Walrus/Pedestal_Black_TPW","0.00","0","0.00","10/12/2024"
"","Devendra Bhagat Inventory","Van","PI-863279","A064116","Blade_Aluminium_Enzel/Renesa Zen_1200mm_Dark Walnut_GV5","0.00","0","0.00","10/12/2024"
"","Devendra Bhagat Inventory","Van","PI-865821","A064120","Blade_Aluminium_Enzel/Renesa Zen_1200mm_Maplewood_GV5","0.00","0","0.00","10/12/2024"
"","Devendra Bhagat Inventory","Van","PI-868363","A064118","Blade_Aluminium_Enzel/Renesa Zen_1200mm_Mistly Teal_GV5","0.00","0","0.00","10/12/2024"
"","Devendra Bhagat Inventory","Van","PI-870905","A064119","Blade_Aluminium_Enzel/Renesa Zen_1200mm_Pebble Grey_GV5","0.00","0","0.00","10/12/2024"
"","Devendra Bhagat Inventory","Van","PI-873447","A170501","Updated Motor housing_Renesa Prime_GV5","0.00","0","0.00","10/12/2024"
"","Devendra Bhagat Inventory","Van","PI-888820","SA0105","Updated Plastic body with screw_Pebble Grey_Prime/Enzel/Zen_GV5","0.00","0","0.00","10/12/2024"
"","Devendra Bhagat Inventory","Van","PI-891373","SA0106","Updated Plastic body with screw_Gloss White_Prime/Enzel/Zen_GV5","0.00","0","0.00","10/12/2024"
"","Devendra Bhagat Inventory","Van","PI-893926","SA0107","Updated Plastic body with screw_Gloss Black_Prime/Enzel/Zen_GV5","0.00","0","0.00","10/12/2024"
"","Devendra Bhagat Inventory","Van","PI-896479","SA0108","Updated Plastic body with screw_Gloss Brown_Prime/Enzel/Zen_GV5","0.00","0","0.00","10/12/2024"
"","Devendra Bhagat Inventory","Van","PI-915252","TestSa001","PCB_Regulator_1200mm_Renesa Alpha_GV4Test","0.00","0","0.00","10/12/2024"
"","Devendra Bhagat Inventory","Van","PI-920064","RA0946","BLDC Motor_Efficio+_TPW","0.00","599","0.00","10/12/2024"
"","Devendra Bhagat Inventory","Van","PI-920491","EA07101","Sensor PCB_Zenova_MG","0.00","0","0.00","10/12/2024"
"","Devendra Bhagat Inventory","Van","PI-960204","A029703","Blade_Plastic_Steller Black_1200mm_Aris_IOT_GV5","0.00","0","0.00","10/12/2024"
"","Devendra Bhagat Inventory","Van","PI-962805","A101703","Top Canopy_Steller Black_1200mm_Aris_IOT_GV5","0.00","0","0.00","10/12/2024"
"","Devendra Bhagat Inventory","Van","PI-965406","A101803","Canopy top Plate_steller black_1200mm_Aris_IOT_GV5","0.00","0","0.00","10/12/2024"
"","Devendra Bhagat Inventory","Van","PI-968007","A102003","Middle upper canopy_Steller black_Aris_GV5","0.00","0","0.00","10/12/2024"
"","Devendra Bhagat Inventory","Van","PI-970608","A102203","Middle Lower canopy_Steller black_Aris_GV5","0.00","0","0.00","10/12/2024"
"","Devendra Bhagat Inventory","Van","PI-973209","A102403","Bottom Canopy_Steller Black_1220mm_Aris_IOT_GV5","0.00","0","0.00","10/12/2024"
"","Devendra Bhagat Inventory","Van","PI-975810","A006402","False cover_Aris_GV5","0.00","0","0.00","10/12/2024"
"","Devendra Bhagat Inventory","Van","PI-978411","A006505","Bottom cover_Steller black_Aris_GV5","0.00","0","0.00","10/12/2024"
"","Devendra Bhagat Inventory","Van","PI-981012","A002903","Motor Housing_Steller Black_1200mm_Aris_IOT_GV5","0.00","0","0.00","10/12/2024"
"","Devendra Bhagat Inventory","Van","PI-989056","A158402","Motor & Jar Coupler Set_MG1.0/Zenova/Maple_MG","0.00","0","0.00","10/12/2024"
"","Devendra Bhagat Inventory","Van","PI-991657","SA0110","Grill Belt Assembly_Black_Renesa Pedestal/Wall/Table/Stelios Pro/Izar Pedestal_TPW","0.00","0","0.00","10/12/2024"
"","Devendra Bhagat Inventory","Van","PI-994258","SA0109","Grill belt assembly_White_Renesa/Stelios/Izar Pedestal_TPW","0.00","0","0.00","10/12/2024"
"","Devendra Bhagat Inventory","Van","PI-1000426","RA1348","FG replacement Tags","0.00","0","0.00","10/12/2024"
"","Devendra Bhagat Inventory","Van","PI-1004190","RA1631","Service Cello Tape (Yellow - 3INX65M)","0.00","0","0.00","10/12/2024"
"","Devendra Bhagat Inventory","Van","PI-1006795","RA1632","Defective Spares Tag","0.00","0","0.00","10/12/2024"
"","Devendra Bhagat Inventory","Van","PI-1009400","RA1633","Defective FG Replacement seal","0.00","0","0.00","10/12/2024"
"","Devendra Bhagat Inventory","Van","PI-1024860","A073415","Downrod_Aegean Blue_CF","0.00","0","0.00","10/12/2024"
"","Devendra Bhagat Inventory","Van","PI-1049135","A073406","Downrod_Golden_CF","0.00","0","0.00","10/12/2024"
"","Devendra Bhagat Inventory","Van","PI-1052147","A091911","Bottom Cover_Ameza_GV5","0.00","0","0.00","10/12/2024"
"","Devendra Bhagat Inventory","Van","PI-1055159","EA16901","Updated_PCB STM32_1200mm_Erica/Ameza/Renesa Zen_1 LED_GV5","0.00","0","0.00","10/12/2024"
"","Devendra Bhagat Inventory","Van","PI-1058171","A112503","Canopy_Sea Sand Ivory_Ameza_GV5","0.00","0","0.00","10/12/2024"
"","Devendra Bhagat Inventory","Van","PI-1061383","A073401","Downrod_Earth Brown_CF_Studio+_GV4","0.00","60","0.00","10/12/2024"
"","Devendra Bhagat Inventory","Van","PI-1065768","A064113","Blade_Aluminium_SS Ivory_Renesa Prime _GV5","0.00","0","0.00","10/12/2024"
"","Devendra Bhagat Inventory","Van","PI-1299398","A1X1055","Blade_Aluminium_SnowWhite_1200mm_Erica_GV5","0.00","600","0.00","10/12/2024"
"","Devendra Bhagat Inventory","Van","PI-1441309","A040007","Blade_Aluminium_White Teakwood_Studio+_GV5","0.00","0","0.00","10/12/2024"
"","Devendra Bhagat Inventory","Van","PI-1458037","A074801","Jar Assembly _SS_Metal_Chutney Jar_Zenova_(MG1.1)","0.00","0","0.00","10/12/2024"
"","Devendra Bhagat Inventory","Van","PI-1458105","A029701","Blade_Plastic_Dark wood_1200mm_Aris_IOT_GV5","0.00","600","0.00","10/12/2024"
"","Devendra Bhagat Inventory","Van","PI-1464268","A1X1085","Blade_Aluminium_Matte brown_900mm_Renesa_GV3","0.00","600","0.00","10/12/2024"
"","Devendra Bhagat Inventory","Van","PI-1509908","A096502","Blade_Aluminium_Pebble Grey_1200mm_Renesa R Smart_GV5","0.00","600","0.00","10/12/2024"
"","Devendra Bhagat Inventory","Van","PI-1564652","RA0951","Neck_400mm_Pedestal E+_TPW","0.00","199","0.00","10/12/2024"
"","Devendra Bhagat Inventory","Van","PI-1564653","A3X0037","Neck Base wall Midnight black","0.00","80","0.00","10/12/2024"
"","Devendra Bhagat Inventory","Van","PI-1564654","A2X0175","PD_Neck_base_Midnight Black","0.00","80","0.00","10/12/2024"
"","Devendra Bhagat Inventory","Van","PI-1564822","A086902","Plastic Blade_Black_Aris Contour_GV5","0.00","0","0.00","10/12/2024"
"","Devendra Bhagat Inventory","Van","PI-1565178","A096505","Blade_Aluminium_Gloss White_1200mm_Renesa Roobot Smart_GV5","0.00","600","0.00","10/12/2024"
"","Devendra Bhagat Inventory","Van","PI-1569639","A013001","Chutney/Multipurpose Jar Lid Assembly with Gasket_Plastic_Zenova_(MG1.1)","0.00","0","0.00","10/12/2024"
"","Devendra Bhagat Inventory","Van","PI-1598871","A002902","Top Cover Assembly_White_Aris_IOT_GV5","0.00","220","0.00","10/12/2024"
"","Devendra Bhagat Inventory","Van","PI-1598872","A101701","Top Canopy_White_1200mm_Aris_IOT_GV5","0.00","150","0.00","10/12/2024"
"","Devendra Bhagat Inventory","Van","PI-1598873","A101801","Canopy top plate_White_1200mm_Aris_IOT_GV5","0.00","150","0.00","10/12/2024"
"","Devendra Bhagat Inventory","Van","PI-1598874","A102201","Middle Lower canopy_White_Aris_GV5","0.00","0","0.00","10/12/2024"
"","Devendra Bhagat Inventory","Van","PI-1680953","EA17701","PCB 41W_Aris non-starlight_GV5","0.00","0","0.00","10/12/2024"
"","Devendra Bhagat Inventory","Van","PI-1684761","A052701","Blade_Aluminium_Renesa_1400mm Midnight Black_GV3 & GV5","0.00","600","0.00","10/12/2024"
"","Devendra Bhagat Inventory","Van","PI-1788764","A158701","Chutney/Multipurpose Jar Lid Gasket_Rubber_Zenova_(MG1.1)","0.00","0","0.00","10/12/2024"
"","Devendra Bhagat Inventory","Van","PI-1811765","A174506","Bottom Canopy_Earth Brown_Renesa Elite_GV5","0.00","0","0.00","10/12/2024"
"","Devendra Bhagat Inventory","Van","PI-1811766","A171306","Top Canopy_Earth Brown_Renesa Elite_GV5","0.00","0","0.00","10/12/2024"
"","Devendra Bhagat Inventory","Van","PI-1856285","RA0971","Remote_Pedestal E+_TPW","0.00","150","0.00","10/12/2024"
"","Devendra Bhagat Inventory","Van","PI-1856286","A196001","Bottom cover_Snow White_Erica Nuvo_GV5","0.00","0","0.00","10/12/2024"
"","Devendra Bhagat Inventory","Van","PI-1864023","EA12701","Smart PCB_Flamingo_6LED_1200mm_Renesa/Renesa+/Halo/Studio+_GV5","0.00","0","0.00","10/12/2024"
"","Devendra Bhagat Inventory","Van","PI-1865839","A040001","Blade_Aluminium_Earth Brown_1200mm_Studio+Reboot_GV5","0.00","600","0.00","10/12/2024"
"","Devendra Bhagat Inventory","Van","PI-1995864","A064109","Blade_Gloss Sea Sand Ivory_1200mm_Renesa Enzel/Zen_GV5","0.00","600","0.00","10/12/2024"
"","Devendra Bhagat Inventory","Van","PI-2062683","A196004","Bottom cover_Umber Brown_Erica Nuvo_GV5","0.00","0","0.00","10/12/2024"
"","Devendra Bhagat Inventory","Van","PI-2068316","A144001","Extention Rod (Long) Black_TPW","0.00","80","0.00","10/12/2024"
"","Devendra Bhagat Inventory","Van","PI-2096132","EA08001","Power PCB_Stelios Pedestal_Induction_iTPW","0.00","0","0.00","10/12/2024"
"","Devendra Bhagat Inventory","Van","PI-2096133","EA08901","Power PCB_Stelios Pro Pedestal/Izar Pedestal_TPW","0.00","0","0.00","10/12/2024"
"","Devendra Bhagat Inventory","Van","PI-2096134","A088901","Induction Motor Assembly_Stelios Pro Pedestal/Izar Pedestal_TPW","0.00","0","0.00","10/12/2024"
"","Devendra Bhagat Inventory","Van","PI-2243429","EA08501","Digital PCB _Aris Contour_GV5","0.00","0","0.00","10/12/2024"
"","Devendra Bhagat Inventory","Van","PI-2243442","EA19501","Updated_Main Power PCB_Aris Contour_GV5","0.00","0","0.00","10/12/2024"
"","Devendra Bhagat Inventory","Van","PI-2266095","A006502","Diffuser_Marble White_CF_Aris_IOT_GV5","0.00","80","0.00","10/12/2024"
"","Devendra Bhagat Inventory","Van","PI-2266096","A1X1283","Motor Housing_Aegean Blue_Studio+Reboot_GV5","0.00","220","0.00","10/12/2024"
"","Devendra Bhagat Inventory","Van","PI-2269773","DS","","0.00","1","0.00","10/12/2024"
"","Devendra Bhagat Inventory","Van","PI-2270703","A3X0005","Hook Plate_TPW","0.00","80","0.00","10/12/2024"
"","Devendra Bhagat Inventory","Van","PI-2270704","A196003","Bottom cover_Midnight Black_Erica Nuvo_GV5","0.00","0","0.00","10/12/2024"
"","Devendra Bhagat Inventory","Van","PI-2289405","A171302","Top Canopy_Matt Black_Renesa Elite_GV5","0.00","0","0.00","10/12/2024"
"","Devendra Bhagat Inventory","Van","PI-2289406","A174502","Bottom Canopy_Matt Black_Renesa Elite_GV5","0.00","0","0.00","10/12/2024"
"","Devendra Bhagat Inventory","Van","PI-2289407","A163002","Middle Canopy Assembly_Matt Black_GV5","0.00","0","0.00","10/12/2024"
"","Devendra Bhagat Inventory","Van","PI-2289408","A163402","Canopy Plate_Matt Black_Renesa Elite_GV5","0.00","0","0.00","10/12/2024"
"","Devendra Bhagat Inventory","Van","PI-2306413","A064110","Blade_Aluminium_Gloss White_Renesa Prime_GV5","0.00","600","0.00","10/12/2024"
"","Devendra Bhagat Inventory","Van","PI-2381208","A010402","BLDC Motor_Zenova_(MG1.1)","0.00","0","0.00","10/12/2024"
"","Devendra Bhagat Inventory","Van","PI-2404690","A181002","Neck Base(New)_Black_Renesa Wall Fan_TPW","0.00","207","0.00","10/12/2024"
"","Ashish Mane Inventory","Van","PI-0107","RA0182","Diffuser (Bottom Cap)_White_Renesa_GV3","0.00","60","0.00","10/12/2024"
"","Ashish Mane Inventory","Van","PI-0108","SRMASS0075","Power PCB_Efficio+_Wall Mount_TPW","0.00","499","0.00","10/12/2024"
"","Ashish Mane Inventory","Van","PI-0109","SA0059","Stator_CF_1050/900mm_Efficio_GV2","0.00","500","0.00","10/12/2024"
"","Ashish Mane Inventory","Van","PI-0110","SA0039","PCB_Remote_1200mm_Studio+_GV4","0.00","500","0.00","10/12/2024"
"","Ashish Mane Inventory","Van","PI-0111","SA0057","Stator_CF_1200mm_Efficio/Efficio+/Studio_GV2","0.00","500","0.00","10/12/2024"
"","Ashish Mane Inventory","Van","PI-0112","RA0038","Spring_CF_Renesa_GV3","0.00","25","0.00","10/12/2024"
"","Ashish Mane Inventory","Van","PI-0113","RA0037","Spring_Efficio_ Gv2a_GV2","0.00","25","0.00","10/12/2024"
"","Ashish Mane Inventory","Van","PI-0114","SA0020","Sensor PCB_CF","0.00","60","0.00","10/12/2024"
"","Ashish Mane Inventory","Van","PI-0115","RA0173","Sensor Holder_CF","0.00","30","0.00","10/12/2024"
"","Ashish Mane Inventory","Van","PI-0116","A1X1217","Stator_1200mm_Studio+/Renesa Alpha/Naveo_GV4","0.00","500","0.00","10/12/2024"
"","Ashish Mane Inventory","Van","PI-0117","SA0001","Rotor_Efficio_GV2","0.00","300","0.00","10/12/2024"
"","Ashish Mane Inventory","Van","PI-0118","SA0098","Stator_CF_1400mm_Renesa/Renesa+/Renesa Smart_GV3","0.00","500","0.00","10/12/2024"
"","Ashish Mane Inventory","Van","PI-0119","RA0075","Blade_Aluminium_G-Oak_1200mm_Renesa+/Renesa Smart_GV3","0.00","599","0.00","10/12/2024"
"","Ashish Mane Inventory","Van","PI-0120","SRA023210","Motor_Midnight Black_1200mm_Renesa Smart+_GV5","0.00","2500","0.00","10/12/2024"
"","Ashish Mane Inventory","Van","PI-0121","RA0070","Blade_Aluminium_White_1200mm_Renesa_GV3","0.00","599","0.00","10/12/2024"
"","Ashish Mane Inventory","Van","PI-0122","SA0010","Digital PCB_1200mm_Renesa Smart+_GV3","1.00","350","1.00","10/12/2024"
"","Ashish Mane Inventory","Van","PI-0123","RA0156","Remote_CF_Efficio_GV2","0.00","150","0.00","10/12/2024"
"","Ashish Mane Inventory","Van","PI-0124","SA0061","Power PCB (Without Potting) WH_CF_Renesa_GV3","0.00","400","0.00","10/12/2024"
"","Ashish Mane Inventory","Van","PI-0125","SA0060","Power PCB (Without Potting) BL_CF_Renesa_GV3","0.00","400","0.00","10/12/2024"
"","Ashish Mane Inventory","Van","PI-0126","SA0056","Stator_CF_1200mm_Renesa/Renesa+/Renesa Smart_GV3","0.00","500","0.00","10/12/2024"
"","Ashish Mane Inventory","Van","PI-0127","SRMASS0059","Display PCB_Efficio_Pedestal_TPW","0.00","350","0.00","10/12/2024"
"","Ashish Mane Inventory","Van","PI-0128","RA0031","Oc Connector_CF","0.00","15","0.00","10/12/2024"
"","Ashish Mane Inventory","Van","PI-0129","SPR0031","Deactivated - Motor Screw_CF_Efficio_GV2","0.00","9","0.00","10/12/2024"
"","Ashish Mane Inventory","Van","PI-0130","SA0087","PCB_Main_1200mm_Ozeo_GV4","0.00","500","0.00","10/12/2024"
"","Ashish Mane Inventory","Van","PI-0131","SA0102","Motor Housing_Aegean Blue_CF_Renesa+/Renesa Smart_GV3","0.00","600","0.00","10/12/2024"
"","Ashish Mane Inventory","Van","PI-0132","B1X0031","Liquidizer jar sub assembly MG1.0","0.00","500","0.00","10/12/2024"
"","Ashish Mane Inventory","Van","PI-0133","RA0028","Bearing 6202_CF","0.00","60","0.00","10/12/2024"
"","Ashish Mane Inventory","Van","PI-0134","A1X1055","Blade_Aluminium_SnowWhite_1200mm_Erica_GV5","0.00","600","0.00","10/12/2024"
"","Ashish Mane Inventory","Van","PI-0135","EA01701","PCB_Erica/Ameza/Renesa Zen_GV5 (STM8s,70micron single LED)","0.00","500","0.00","10/12/2024"
"","Ashish Mane Inventory","Van","PI-0136","SA0097","Stator_CF_0900mm_Renesa/Renesa+/Renesa Smart_GV3","0.00","500","0.00","10/12/2024"
"","Ashish Mane Inventory","Van","PI-0137","RA1237","Blade_Aluminium_Sand Grey_1200mm_Renesa+/Renesa Smart_GV3","0.00","600","0.00","10/12/2024"
"","Ashish Mane Inventory","Van","PI-0138","RA1236","Blade_Aluminium_Golden_1200mm_Renesa+/Renesa Smart_GV3","0.00","600","0.00","10/12/2024"
"","Ashish Mane Inventory","Van","PI-0139","RA0072","Blade_Aluminium_Pearl White_1200mm_Renesa+/Renesa Smart_GV3","0.00","599","0.00","10/12/2024"
"","Ashish Mane Inventory","Van","PI-0140","SRMF0008","Motor_Brown_1200mm_Efficio_GV2","0.00","2500","0.00","10/12/2024"
"","Ashish Mane Inventory","Van","PI-0141","RA0106","Downrod_Matt Black_CF","0.00","60","0.00","10/12/2024"
"","Ashish Mane Inventory","Van","PI-0142","SA0045","Motor Housing_Earth Brown_CF_Renesa+/Renesa Smart_GV3","0.00","590","0.00","10/12/2024"
"","Ashish Mane Inventory","Van","PI-0143","SA0011","Consolidate PCB GV3_CF_Renesa+_GV3","0.00","350","0.00","10/12/2024"
"","Ashish Mane Inventory","Van","PI-0144","SA0040","Motor Housing_Black_CF_Renesa_GV3","0.00","590","0.00","10/12/2024"
"","Ashish Mane Inventory","Van","PI-0145","SA0019","Consolidate PCB GV2_CF__Efficio_GV2","0.00","500","0.00","10/12/2024"
"","Ashish Mane Inventory","Van","PI-0146","RA0345","Circlip Pin_CF_Renesa_GV3","0.00","9","0.00","10/12/2024"
"","Ashish Mane Inventory","Van","PI-0147","B1X0056","Chutney jar sub assembly MG1.0","0.00","450","0.00","10/12/2024"
"","Ashish Mane Inventory","Van","PI-0148","A1X0601","CF_Universal Remote New","0.00","250","0.00","10/12/2024"
"","Ashish Mane Inventory","Van","PI-0149","SA0042","Motor Housing_Brown_CF_Renesa_GV3","0.00","590","0.00","10/12/2024"
"","Ashish Mane Inventory","Van","PI-2829","EA04101","PCB_Renesa/Renesa+/Ikano/Sudio+ STM8s, 70micron  (6 LED)_GV5","0.00","500","0.00","10/12/2024"
"","Ashish Mane Inventory","Van","PI-87710","SRA1X1280","Motor_Gloss Brown_1200mm_Ikano_GV5","0.00","2500","0.00","10/12/2024"
"","Ashish Mane Inventory","Van","PI-87998","RA0080","Blade_Aluminium_White_1400mm_Renesa_GV3 & GV5","0.00","599","0.00","10/12/2024"
"","Ashish Mane Inventory","Van","PI-88220","A091902","Plastic Bottom Cover along with Screw_Gloss Black_Ikano/Efficio Alpha/Ameza_GV5","0.00","0","0.00","10/12/2024"
"","Ashish Mane Inventory","Van","PI-89098","A091907","Plastic Bottom Cover along with Screw_Gloss Ivory_Ikano/Efficio Alpha_GV5","0.00","0","0.00","10/12/2024"
"","Ashish Mane Inventory","Van","PI-90364","A091905","Plastic Bottom Cover along with Screw_Gloss White_Ikano/Efficio Alpha_GV5","0.00","0","0.00","10/12/2024"
"","Ashish Mane Inventory","Van","PI-94565","A1X1095","Motor Housing_Umber Brown_1200mm_Erica Smart_GV5","0.00","220","0.00","10/12/2024"
"","Ashish Mane Inventory","Van","PI-94566","A1X1038","Bottom Cover_Umber Brown_1200mm_Erica Smart_GV5","0.00","220","0.00","10/12/2024"
"","Ashish Mane Inventory","Van","PI-95238","A141701","Surge Protection Device Module Assembly_CF","0.00","0","0.00","10/12/2024"
"","Ashish Mane Inventory","Van","PI-3690","B1X0044","Wet/Dry jar sub asssembly MG1.0","0.00","450","0.00","10/12/2024"
"","Ashish Mane Inventory","Van","PI-3737","RA0993","Deactivated - Wall Mount E+_400mm_Oscillation Motor_TPW_400mm_Wall Mount E+_TPW","0.00","199","0.00","10/12/2024"
"","Ashish Mane Inventory","Van","PI-3779","RA1239","Deactivated - Motor Housing_Sandan Grey_CF_Renesa+/Renesa Smart_GV3","0.00","600","0.00","10/12/2024"
"","Ashish Mane Inventory","Van","PI-3780","RA1238","Deactivated - Motor Housing_Golden_CF_Renesa+/Renesa Smart_GV3","0.00","600","0.00","10/12/2024"
"","Ashish Mane Inventory","Van","PI-35974","FG0223","Atomberg Studio+ Ceiling Fan 1200MM SPC41235RM - Marble White_GV5","0.00","4000","0.00","10/12/2024"
"","Ashish Mane Inventory","Van","PI-42144","SA0044","Motor Housing_Pearl White_CF_Renesa+/Renesa Smart_GV3","0.00","590","0.00","10/12/2024"
"","Ashish Mane Inventory","Van","PI-48085","RA0082","Blade_Aluminium_Brown_1400mm_Renesa/Renesa+/Renesa Smart_GV3 & GV5","0.00","599","0.00","10/12/2024"
"","Ashish Mane Inventory","Van","PI-48086","RA0183","Diffuser (Bottom Cap)_Black_Renesa_GV3","0.00","60","0.00","10/12/2024"
"","Ashish Mane Inventory","Van","PI-48087","A033006","Canopy Midnight Black Set Pack_GV5","0.00","150","0.00","10/12/2024"
"","Ashish Mane Inventory","Van","PI-49064","RA0855","(Old canopy) Bottom_Canopy_Sand Grey_CF_Studio+_GV4","0.00","85","0.00","10/12/2024"
"","Ashish Mane Inventory","Van","PI-53260","SRMF0032","Motor_Brown_1400mm_Renesa_GV3","0.00","2500","0.00","10/12/2024"
"","Ashish Mane Inventory","Van","PI-53261","RA0071","Blade_Aluminium_Earth Brown_1200mm_Renesa+/Renesa Smart_GV3","0.00","599","0.00","10/12/2024"
"","Ashish Mane Inventory","Van","PI-55634","SA0043","Motor Housing_Ivory_CF_Renesa_GV3","0.00","590","0.00","10/12/2024"
"","Ashish Mane Inventory","Van","PI-55635","SRMASS0074","Power PCB_Efficio+_Pedestal_TPW","0.00","499","0.00","10/12/2024"
"","Ashish Mane Inventory","Van","PI-55636","SA0041","Motor Housing_White_CF_Renesa_GV3","0.00","590","0.00","10/12/2024"
"","Ashish Mane Inventory","Van","PI-55637","SA0038","PCB_Regulator_1200mm_Renesa Alpha_GV4","0.00","500","0.00","10/12/2024"
"","Ashish Mane Inventory","Van","PI-55638","SA0055","Stator_CF_600mm_Renesa/Renesa+/Renesa Smart_GV3","0.00","500","0.00","10/12/2024"
"","Ashish Mane Inventory","Van","PI-55639","SA0058","Stator_CF_1400mm_Efficio/Efficio+/Studio_GV2","0.00","500","0.00","10/12/2024"
"","Ashish Mane Inventory","Van","PI-55640","A2C0002","Power PCB_Renesa Pedestal Non Swing_TPW","0.00","500","0.00","10/12/2024"
"","Ashish Mane Inventory","Van","PI-55832","SRMASS0060","Display PCB_Efficio+_Pedestal_TPW","0.00","349","0.00","10/12/2024"
"","Ashish Mane Inventory","Van","PI-55833","SRMASS0062","Main PCB_Efficio_Pedestal_TPW","0.00","450","0.00","10/12/2024"
"","Ashish Mane Inventory","Van","PI-56542","A039905","Blade_Aluminium_Erica_1200_1200mm - Midnight Black Matt_GV5","0.00","600","0.00","10/12/2024"
"","Ashish Mane Inventory","Van","PI-58093","RA1240","Blade_Aluminium_Midnight Black_1200mm_Renesa_GV3","0.00","600","0.00","10/12/2024"
"","Ashish Mane Inventory","Van","PI-58115","SRA023204","Motor_Pearl White_1200mm_Renesa+Reboot_GV5","0.00","2500","0.00","10/12/2024"
"","Ashish Mane Inventory","Van","PI-58341","B1X0028","MG 1 Liquidizer jar lid","0.00","500","0.00","10/12/2024"
"","Ashish Mane Inventory","Van","PI-58537","SRMASS0160","BLDC Motor_150mm_Studio+_EXH","0.00","599","0.00","10/12/2024"
"","Ashish Mane Inventory","Van","PI-60951","RA1250","Deactivated - Blade_Aluminium_Earth Brown_1200mm_Renesa+/Renesa Smart_GV3","0.00","600","0.00","10/12/2024"
"","Ashish Mane Inventory","Van","PI-61428","RA0074","Blade_Aluminium_Matt Brown_1200mm_Renesa_GV3","0.00","599","0.00","10/12/2024"
"","Ashish Mane Inventory","Van","PI-61668","SA0099","Stator_1200mm_Erica/Ikano/Ameza/Studio+Reboot/Renesa Reboot/Prime/Zen_GV5","0.00","500","0.00","10/12/2024"
"","Ashish Mane Inventory","Van","PI-61669","A022804","Motor Housing_Black_1200mm_Renesa+_GV5","0.00","600","0.00","10/12/2024"
"","Ashish Mane Inventory","Van","PI-61670","A1X1091","Blade_Aluminium_Aegean Blue_1200mm_Renesa+/Renesa Smart_GV3","0.00","600","0.00","10/12/2024"
"","Ashish Mane Inventory","Van","PI-61671","RA0083","Blade_Aluminium_Earth Brown_1400mm_Renesa+/Renesa Smart_GV3","0.00","599","0.00","10/12/2024"
"","Ashish Mane Inventory","Van","PI-61685","SRA022903","Motor_Matt Brown_1200mm_Renesa Reboot_GV5","0.00","2500","0.00","10/12/2024"
"","Ashish Mane Inventory","Van","PI-62094","A2X0027","Deactivated (Duplicacy) Synchronous Motor_TPW","0.00","2500","0.00","10/12/2024"
"","Ashish Mane Inventory","Van","PI-62413","SRA1X1278","Motor_Gloss White_1200mm_Ikano_GV5","0.00","2500","0.00","10/12/2024"
"","Ashish Mane Inventory","Van","PI-63033","B1C0001","MG 1 Driver PCB","0.00","1000","0.00","10/12/2024"
"","Ashish Mane Inventory","Van","PI-63612","SA0103","Motor Housing_Sandan Grey_CF_Renesa+/Renesa Smart_GV3","0.00","600","0.00","10/12/2024"
"","Ashish Mane Inventory","Van","PI-64147","A004001","Motor Bldc_150mm_Studio_EXH","0.00","599","0.00","10/12/2024"
"","Ashish Mane Inventory","Van","PI-65434","SRA1X1279","Motor_Gloss Black_1200mm_Ikano_GV5","0.00","2500","0.00","10/12/2024"
"","Ashish Mane Inventory","Van","PI-66381","A1X0136","Deactivated - Bottom Body Assembly_Ivory_Efficio Alpha/Ikano _GV5","0.00","220","0.00","10/12/2024"
"","Ashish Mane Inventory","Van","PI-66882","A1X1087","Canopy_White Set_Erica_GV5","0.00","150","0.00","10/12/2024"
"","Ashish Mane Inventory","Van","PI-66883","SRMASS0056","Control PCB_Efficio+_Pedestal_TPW","0.00","349","0.00","10/12/2024"
"","Ashish Mane Inventory","Van","PI-70597","SA0104","Motor Housing_Golden_CF_Renesa+/Renesa Smart_GV3","0.00","600","0.00","10/12/2024"
"","Ashish Mane Inventory","Van","PI-73493","SRMF0040","Motor_Earth Brown_1400mm_Renesa+_GV3","0.00","2500","0.00","10/12/2024"
"","Ashish Mane Inventory","Van","PI-73489","A142201","Blade_Aluminium_White_1200mm_Efficio/Efficio+/Studio_GV2","0.00","599","0.00","10/12/2024"
"","Ashish Mane Inventory","Van","PI-73490","EA03201","PCB Without LED Strip_PCB_GV5","0.00","500","0.00","10/12/2024"
"","Ashish Mane Inventory","Van","PI-73491","EA17601","PCB With LED Strip__Aris Starlight_GV5","0.00","500","0.00","10/12/2024"
"","Ashish Mane Inventory","Van","PI-73492","A1X0134","Deactivated - Bottom Body_Plastic_Gloss Black_Ikano_GV5","0.00","220","0.00","10/12/2024"
"","Ashish Mane Inventory","Van","PI-74099","SRA026302","Motor_Gloss Black_1200mm_Ameza_GV5","0.00","2500","0.00","10/12/2024"
"","Ashish Mane Inventory","Van","PI-75868","SRMASS0157","Main PCB_Efficio_EXH","0.00","450","0.00","10/12/2024"
"","Ashish Mane Inventory","Van","PI-75869","SRA003502","Motor_Marble White_Startlight_CF_1200mm_Aris_IOT_GV5","0.00","2500","0.00","10/12/2024"
"","Ashish Mane Inventory","Van","PI-77492","SRMF0050","Motor_Black_600mm_Renesa_GV3","0.00","2500","0.00","10/12/2024"
"","Ashish Mane Inventory","Van","PI-80424","SRA022901","Motor_ Renesa Reboot  Ceiling Fan 1200MM 35 watt - White_GV5","0.00","2500","0.00","10/12/2024"
"","Ashish Mane Inventory","Van","PI-80427","RA0073","Blade_Aluminium_Ivory_1200mm_Renesa_GV3","0.00","599","0.00","10/12/2024"
"","Ashish Mane Inventory","Van","PI-82055","RA0924","Body_Top Plastic Assembly_Gloss Black_Alpha/Renesa Zen/Prime_GV5","0.00","220","0.00","10/12/2024"
"","Ashish Mane Inventory","Van","PI-82056","A1X0150","Deactivated - Bottom Body Assembly_Gloss White_900mm_Ikano/Efficio Alpha_GV5","0.00","220","0.00","10/12/2024"
"","Ashish Mane Inventory","Van","PI-82057","RA0148","Canopy_White_CF_Renesa_GV3","0.00","150","0.00","10/12/2024"
"","Ashish Mane Inventory","Van","PI-84634","A1X0101","(Old canopy) Downrod_Clamp_Plastic CF_GV5","0.00","60","0.00","10/12/2024"
"","Ashish Mane Inventory","Van","PI-84685","RA1242","Canopy_Sand Grey_CF_Renesa+_GV3","0.00","150","0.00","10/12/2024"
"","Ashish Mane Inventory","Van","PI-84686","RA0147","Canopy_Pearl White_CF_Renesa Smart+_GV3","0.00","150","0.00","10/12/2024"
"","Ashish Mane Inventory","Van","PI-85616","A091906","Plastic Bottom Cover along with Screw_Gloss Brown_Ikano/Efficio Alpha_GV5","0.00","0","0.00","10/12/2024"
"","Ashish Mane Inventory","Van","PI-97280","A1X0169","Blade_Aluminium_Earth Brown_1200mm_Studio+ Reboot_GV5","0.00","600","0.00","10/12/2024"
"","Ashish Mane Inventory","Van","PI-97281","A1X0138","Blade_Aluminium_Black_1200mm_Ikano_GV5","0.00","600","0.00","10/12/2024"
"","Ashish Mane Inventory","Van","PI-98615","RA0946","BLDC Motor_Efficio+_TPW","0.00","599","0.00","10/12/2024"
"","Ashish Mane Inventory","Van","PI-98755","B1X0116","MG1.0 Knob Assembly","0.00","80","0.00","10/12/2024"
"","Ashish Mane Inventory","Van","PI-100737","SA0080","Oscillation Motor_Efficio_Pedeastal_TPW","0.00","199","0.00","10/12/2024"
"","Ashish Mane Inventory","Van","PI-101151","SRMASS0058","Digital PCB_Efficio+_Wall Mount_TPW","0.00","350","0.00","10/12/2024"
"","Ashish Mane Inventory","Van","PI-104002","A1X0140","Blade_Aluminium_Gloss Ivory_1200mm_Ikano_GV5","0.00","600","0.00","10/12/2024"
"","Ashish Mane Inventory","Van","PI-104003","EA07701","PCB_Renesa_900mm/1400mm_GV5.0 Reboot PCBA _Nuvoton+UCC-70 Micron_GV5","0.00","500","0.00","10/12/2024"
"","Ashish Mane Inventory","Van","PI-104801","A143901","Bottom Rod(Long)_Renesa/Stelios/Stelios Pro Pedestal Fan_Snow White_TPW","0.00","100","0.00","10/12/2024"
"","Ashish Mane Inventory","Van","PI-104802","RA0086","Blade_Aluminium_Pearl White_1400mm_Renesa+/Renesa Smart_GV3","0.00","600","0.00","10/12/2024"
"","Ashish Mane Inventory","Van","PI-104887","RA0146","Canopy_Black_CF_Renesa_GV3","0.00","150","0.00","10/12/2024"
"","Ashish Mane Inventory","Van","PI-104888","RA0143","Canopy_Earth Brown_CF_Renesa Smart+_GV3","0.00","150","0.00","10/12/2024"
"","Ashish Mane Inventory","Van","PI-108956","B1X0117","Motor_MG_Black","0.00","2500","0.00","10/12/2024"
"","Ashish Mane Inventory","Van","PI-109069","A159801","MG1.1 SS Jar Set with Lids Service","0.00","0","0.00","10/12/2024"
"","Ashish Mane Inventory","Van","PI-110708","B1X0106","Motor_MG_Wine Red","0.00","2500","0.00","10/12/2024"
"","Ashish Mane Inventory","Van","PI-111038","A1X0170","Blade_Aluminium_Marble White_1200mm_Studio+_GV5","0.00","600","0.00","10/12/2024"
"","Ashish Mane Inventory","Van","PI-112836","RA0078","Blade_Aluminium_Brown_600mm_Renesa_GV3","0.00","599","0.00","10/12/2024"
"","Ashish Mane Inventory","Van","PI-112837","RA0145","Canopy_Brown_CF_Renesa_GV3","0.00","150","0.00","10/12/2024"
"","Ashish Mane Inventory","Van","PI-112890","A022803","Motor Housing_Matt Brown_Renesa_GV5","0.00","220","0.00","10/12/2024"
"","Ashish Mane Inventory","Van","PI-116667","A1X1083","Blade_Aluminium_Midnight Black_900mm_Renesa_GV3","0.00","600","0.00","10/12/2024"
"","Ashish Mane Inventory","Van","PI-116732","A039904","Blade_Aluminium_Umber Brown_1200mm_Erica_GV5","0.00","600","0.00","10/12/2024"
"","Ashish Mane Inventory","Van","PI-117944","SA0085","Motor Housing_Gloss Ivory_Efficio Alpha/Ikano/Ameza_GV5","0.00","300","0.00","10/12/2024"
"","Ashish Mane Inventory","Van","PI-118255","SA0084","Motor Housing_Gloss Brown_Efficio Alpha/Ikano/Ameza_GV5","0.00","300","0.00","10/12/2024"
"","Ashish Mane Inventory","Van","PI-118812","EA03001","Smart PCB Phoenix Led_PCB_1200mm_GV5","0.00","700","0.00","10/12/2024"
"","Ashish Mane Inventory","Van","PI-119242","A1X0139","Blade_Aluminium_Gloss Brown_1200mm_Ikano_GV5","0.00","600","0.00","10/12/2024"
"","Ashish Mane Inventory","Van","PI-119854","A1X0137","Blade_Aluminium_White_1200mm_Ikano_GV5","0.00","600","0.00","10/12/2024"
"","Ashish Mane Inventory","Van","PI-119986","A040001","Blade_Aluminium_Earth Brown_1200mm_Studio+Reboot_GV5","0.00","600","0.00","10/12/2024"
"","Ashish Mane Inventory","Van","PI-120652","A091903","Plastic Bottom Cover along with Screw_Gloss Brown_Ameza_GV5","0.00","0","0.00","10/12/2024"
"","Ashish Mane Inventory","Van","PI-120653","A091901","Plastic Bottom Cover along with Screw_Gloss White_Ameza_GV5","0.00","0","0.00","10/12/2024"
"","Ashish Mane Inventory","Van","PI-120754","A056202","Blade_Aluminium_Renesa+_1200mm - DARK WALNUT_GV3","0.00","600","0.00","10/12/2024"
"","Ashish Mane Inventory","Van","PI-125939","RA0862","(Old canopy) CanopyPlate_Earth Brown_CF_Studio+_GV4","0.00","60","0.00","10/12/2024"
"","Ashish Mane Inventory","Van","PI-125940","A033003","Canopy_Earth Brown_Renesa+_GV5","0.00","150","0.00","10/12/2024"
"","Ashish Mane Inventory","Van","PI-125941","A1X0102","(Old canopy) Canopy_Studio+ LH_Earth Brown_GV5","0.00","50","0.00","10/12/2024"
"","Ashish Mane Inventory","Van","PI-127564","A023101","Motor Housing_Grey_Renesa+_GV5","0.00","600","0.00","10/12/2024"
"","Ashish Mane Inventory","Van","PI-127931","SRMASS0158","BLDC Motor_200mm_Efficio_EXH","0.00","635","0.00","10/12/2024"
"","Ashish Mane Inventory","Van","PI-129254","A091904","Plastic Bottom Cover along with Screw_Gloss Ivory_Ameza_GV5","0.00","0","0.00","10/12/2024"
"","Ashish Mane Inventory","Van","PI-140577","EA09401","Interface PCB_Stelios Pro Pedestal/Izar Pedestal_TPW","0.00","0","0.00","10/12/2024"
"","Ashish Mane Inventory","Van","PI-140578","EA02401","Digital PCB_Renesa Wall Mount_TPW","0.00","350","0.00","10/12/2024"
"","Ashish Mane Inventory","Van","PI-140579","EA05401","Power PCB_Renesa Pedestal/Wall/Table_TPW","0.00","300","0.00","10/12/2024"
"","Ashish Mane Inventory","Van","PI-143628","A3X0037","Neck Base wall Midnight black","0.00","80","0.00","10/12/2024"
"","Ashish Mane Inventory","Van","PI-795634","TestProduct","Test PCB","0.00","0","0.00","10/12/2024"
"","Ashish Mane Inventory","Van","PI-822135","EA18601","Updated STM32_PCB_White LED_Efficio Alpha/Enzel/Azor _GV5","0.00","0","0.00","10/12/2024"
"","Ashish Mane Inventory","Van","PI-824648","EA20801","Updated STM32_PCB_Enerio 28W_GV5","0.00","0","0.00","10/12/2024"
"","Ashish Mane Inventory","Van","PI-858413","A3H0017","5 Pin Wire harness_Renesa Walrus/Pedestal_Black_TPW","0.00","0","0.00","10/12/2024"
"","Ashish Mane Inventory","Van","PI-863280","A064116","Blade_Aluminium_Enzel/Renesa Zen_1200mm_Dark Walnut_GV5","0.00","0","0.00","10/12/2024"
"","Ashish Mane Inventory","Van","PI-865822","A064120","Blade_Aluminium_Enzel/Renesa Zen_1200mm_Maplewood_GV5","0.00","0","0.00","10/12/2024"
"","Ashish Mane Inventory","Van","PI-868364","A064118","Blade_Aluminium_Enzel/Renesa Zen_1200mm_Mistly Teal_GV5","0.00","0","0.00","10/12/2024"
"","Ashish Mane Inventory","Van","PI-870906","A064119","Blade_Aluminium_Enzel/Renesa Zen_1200mm_Pebble Grey_GV5","0.00","0","0.00","10/12/2024"
"","Ashish Mane Inventory","Van","PI-873448","A170501","Updated Motor housing_Renesa Prime_GV5","0.00","0","0.00","10/12/2024"
"","Ashish Mane Inventory","Van","PI-888493","EA12301","Updated STM32 PCB C0_0.6M/0.9M/1.2M/ 1.4M_ Renesa/Renesa+/Studio+/Ikano/Prime_GV5","4.00","0","4.00","10/12/2024"
"","Ashish Mane Inventory","Van","PI-888821","SA0105","Updated Plastic body with screw_Pebble Grey_Prime/Enzel/Zen_GV5","0.00","0","0.00","10/12/2024"
"","Ashish Mane Inventory","Van","PI-891374","SA0106","Updated Plastic body with screw_Gloss White_Prime/Enzel/Zen_GV5","0.00","0","0.00","10/12/2024"
"","Ashish Mane Inventory","Van","PI-893927","SA0107","Updated Plastic body with screw_Gloss Black_Prime/Enzel/Zen_GV5","0.00","0","0.00","10/12/2024"
"","Ashish Mane Inventory","Van","PI-896480","SA0108","Updated Plastic body with screw_Gloss Brown_Prime/Enzel/Zen_GV5","0.00","0","0.00","10/12/2024"
"","Ashish Mane Inventory","Van","PI-915253","TestSa001","PCB_Regulator_1200mm_Renesa Alpha_GV4Test","0.00","0","0.00","10/12/2024"
"","Ashish Mane Inventory","Van","PI-920492","EA07101","Sensor PCB_Zenova_MG","0.00","0","0.00","10/12/2024"
"","Ashish Mane Inventory","Van","PI-960205","A029703","Blade_Plastic_Steller Black_1200mm_Aris_IOT_GV5","0.00","0","0.00","10/12/2024"
"","Ashish Mane Inventory","Van","PI-962806","A101703","Top Canopy_Steller Black_1200mm_Aris_IOT_GV5","0.00","0","0.00","10/12/2024"
"","Ashish Mane Inventory","Van","PI-965407","A101803","Canopy top Plate_steller black_1200mm_Aris_IOT_GV5","0.00","0","0.00","10/12/2024"
"","Ashish Mane Inventory","Van","PI-968008","A102003","Middle upper canopy_Steller black_Aris_GV5","0.00","0","0.00","10/12/2024"
"","Ashish Mane Inventory","Van","PI-970609","A102203","Middle Lower canopy_Steller black_Aris_GV5","0.00","0","0.00","10/12/2024"
"","Ashish Mane Inventory","Van","PI-973210","A102403","Bottom Canopy_Steller Black_1220mm_Aris_IOT_GV5","0.00","0","0.00","10/12/2024"
"","Ashish Mane Inventory","Van","PI-975811","A006402","False cover_Aris_GV5","0.00","0","0.00","10/12/2024"
"","Ashish Mane Inventory","Van","PI-978412","A006505","Bottom cover_Steller black_Aris_GV5","0.00","0","0.00","10/12/2024"
"","Ashish Mane Inventory","Van","PI-981013","A002903","Motor Housing_Steller Black_1200mm_Aris_IOT_GV5","0.00","0","0.00","10/12/2024"
"","Ashish Mane Inventory","Van","PI-989057","A158402","Motor & Jar Coupler Set_MG1.0/Zenova/Maple_MG","0.00","0","0.00","10/12/2024"
"","Ashish Mane Inventory","Van","PI-991658","SA0110","Grill Belt Assembly_Black_Renesa Pedestal/Wall/Table/Stelios Pro/Izar Pedestal_TPW","0.00","0","0.00","10/12/2024"
"","Ashish Mane Inventory","Van","PI-994259","SA0109","Grill belt assembly_White_Renesa/Stelios/Izar Pedestal_TPW","0.00","0","0.00","10/12/2024"
"","Ashish Mane Inventory","Van","PI-1000427","RA1348","FG replacement Tags","12.00","0","12.00","10/12/2024"
"","Ashish Mane Inventory","Van","PI-1004191","RA1631","Service Cello Tape (Yellow - 3INX65M)","0.00","0","0.00","10/12/2024"
"","Ashish Mane Inventory","Van","PI-1006796","RA1632","Defective Spares Tag","0.00","0","0.00","10/12/2024"
"","Ashish Mane Inventory","Van","PI-1009401","RA1633","Defective FG Replacement seal","0.00","0","0.00","10/12/2024"
"","Ashish Mane Inventory","Van","PI-1024861","A073415","Downrod_Aegean Blue_CF","0.00","0","0.00","10/12/2024"
"","Ashish Mane Inventory","Van","PI-1049136","A073406","Downrod_Golden_CF","0.00","0","0.00","10/12/2024"
"","Ashish Mane Inventory","Van","PI-1052148","A091911","Bottom Cover_Ameza_GV5","0.00","0","0.00","10/12/2024"
"","Ashish Mane Inventory","Van","PI-1055160","EA16901","Updated_PCB STM32_1200mm_Erica/Ameza/Renesa Zen_1 LED_GV5","1.00","0","1.00","10/12/2024"
"","Ashish Mane Inventory","Van","PI-1058172","A112503","Canopy_Sea Sand Ivory_Ameza_GV5","0.00","0","0.00","10/12/2024"
"","Ashish Mane Inventory","Van","PI-1061384","A073401","Downrod_Earth Brown_CF_Studio+_GV4","0.00","60","0.00","10/12/2024"
"","Ashish Mane Inventory","Van","PI-1065769","A064113","Blade_Aluminium_SS Ivory_Renesa Prime _GV5","0.00","0","0.00","10/12/2024"
"","Ashish Mane Inventory","Van","PI-1282137","RA0089","Blade_Aluminium_G-Oak_900mm_Renesa+/Renesa Smart_GV3","0.00","599","0.00","10/12/2024"
"","Ashish Mane Inventory","Van","PI-1409949","A064110","Blade_Aluminium_Gloss White_Renesa Prime_GV5","0.00","600","0.00","10/12/2024"
"","Ashish Mane Inventory","Van","PI-1430185","A064109","Blade_Gloss Sea Sand Ivory_1200mm_Renesa Enzel/Zen_GV5","0.00","600","0.00","10/12/2024"
"","Ashish Mane Inventory","Van","PI-1835604","A1X1282","Motor Housing_Sand Grey_Studio+Reboot_GV5","0.00","220","0.00","10/12/2024"
"","Ashish Mane Inventory","Van","PI-1837507","RA1105","Master Remote (Tech Use only)","1.00","250","1.00","10/12/2024"
"","Ashish Mane Inventory","Van","PI-1842734","A1X0827","GV5 PCB Mounting Plate_CF","0.00","50","0.00","10/12/2024"
"","Ashish Mane Inventory","Van","PI-1852583","EA12401","PCB_White LED_Efficio Alpha/Enzel _GV5","0.00","500","0.00","10/12/2024"
"","Ashish Mane Inventory","Van","PI-2311783","DS","","0.00","1","0.00","10/12/2024"
"","Ashish Mane Inventory","Van","PI-2363177","A064111","Blade_Aluminium_Gloss Black_Renesa Prime_GV5","0.00","600","0.00","10/12/2024"
"","Ashish Mane Inventory","Van","PI-2409644","EA12701","Smart PCB_Flamingo_6LED_1200mm_Renesa/Renesa+/Halo/Studio+_GV5","0.00","0","0.00","10/12/2024"
"","Ashish Mane Inventory","Van","PI-2411422","EA26101","Surge Protection Device (SPD) Remote+Regulator_CF","0.00","0","0.00","10/12/2024"
"","Ashish Mane Inventory","Van","PI-2411423","A074801","Jar Assembly _SS_Metal_Chutney Jar_Zenova_(MG1.1)","1.00","0","1.00","10/12/2024"
"","Ashish Mane Inventory","Van","PI-2413173","EA08401","PCB_Renesa Prime_GV5 (Capacitor)","0.00","500","0.00","10/12/2024"
"","Ashish Mane Inventory","Van","PI-2434268","EA08501","Digital PCB _Aris Contour_GV5","0.00","0","0.00","10/12/2024"
"","Ashish Mane Inventory","Van","PI-2434269","EA19501","Updated_Main Power PCB_Aris Contour_GV5","0.00","0","0.00","10/12/2024"
"","Ashish Mane Inventory","Van","PI-2434270","EA06301","Driver/Main PCB_Zenova_(MG1.1)","0.00","0","0.00","10/12/2024"
"","Ashish Mane Inventory","Van","PI-3796751","EA30901","PCB_Aluminum_STM32_1200mm_Renesa Prime/Crest/Ikano_GV5","4.00","0","4.00","10/12/2024"
"","Anish Inventory","Van","PI-0150","SA0041","Motor Housing_White_CF_Renesa_GV3","0.00","590","0.00","10/12/2024"
"","Anish Inventory","Van","PI-0151","RA0182","Diffuser (Bottom Cap)_White_Renesa_GV3","0.00","60","0.00","10/12/2024"
"","Anish Inventory","Van","PI-0152","SRMASS0160","BLDC Motor_150mm_Studio+_EXH","0.00","599","0.00","10/12/2024"
"","Anish Inventory","Van","PI-0153","SA0057","Stator_CF_1200mm_Efficio/Efficio+/Studio_GV2","0.00","500","0.00","10/12/2024"
"","Anish Inventory","Van","PI-0154","SA0039","PCB_Remote_1200mm_Studio+_GV4","0.00","500","0.00","10/12/2024"
"","Anish Inventory","Van","PI-0155","RA0038","Spring_CF_Renesa_GV3","0.00","25","0.00","10/12/2024"
"","Anish Inventory","Van","PI-0156","SA0020","Sensor PCB_CF","0.00","60","0.00","10/12/2024"
"","Anish Inventory","Van","PI-0157","SA0001","Rotor_Efficio_GV2","0.00","300","0.00","10/12/2024"
"","Anish Inventory","Van","PI-0158","RA0070","Blade_Aluminium_White_1200mm_Renesa_GV3","0.00","599","0.00","10/12/2024"
"","Anish Inventory","Van","PI-0159","RA0074","Blade_Aluminium_Matt Brown_1200mm_Renesa_GV3","0.00","599","0.00","10/12/2024"
"","Anish Inventory","Van","PI-0160","SA0010","Digital PCB_1200mm_Renesa Smart+_GV3","0.00","350","0.00","10/12/2024"
"","Anish Inventory","Van","PI-0161","RA1239","Deactivated - Motor Housing_Sandan Grey_CF_Renesa+/Renesa Smart_GV3","0.00","600","0.00","10/12/2024"
"","Anish Inventory","Van","PI-0162","RA0156","Remote_CF_Efficio_GV2","0.00","150","0.00","10/12/2024"
"","Anish Inventory","Van","PI-0163","SA0061","Power PCB (Without Potting) WH_CF_Renesa_GV3","0.00","400","0.00","10/12/2024"
"","Anish Inventory","Van","PI-0164","SA0060","Power PCB (Without Potting) BL_CF_Renesa_GV3","0.00","400","0.00","10/12/2024"
"","Anish Inventory","Van","PI-0165","RA0413","Connecting wire_400mm_Pedestal_TPW","0.00","25","0.00","10/12/2024"
"","Anish Inventory","Van","PI-0166","SRMASS0060","Display PCB_Efficio+_Pedestal_TPW","0.00","349","0.00","10/12/2024"
"","Anish Inventory","Van","PI-0167","SA0056","Stator_CF_1200mm_Renesa/Renesa+/Renesa Smart_GV3","0.00","500","0.00","10/12/2024"
"","Anish Inventory","Van","PI-0168","SRMASS0056","Control PCB_Efficio+_Pedestal_TPW","0.00","349","0.00","10/12/2024"
"","Anish Inventory","Van","PI-0169","SA0044","Motor Housing_Pearl White_CF_Renesa+/Renesa Smart_GV3","0.00","590","0.00","10/12/2024"
"","Anish Inventory","Van","PI-0170","SA0087","PCB_Main_1200mm_Ozeo_GV4","0.00","500","0.00","10/12/2024"
"","Anish Inventory","Van","PI-0171","A1X0139","Blade_Aluminium_Gloss Brown_1200mm_Ikano_GV5","0.00","600","0.00","10/12/2024"
"","Anish Inventory","Van","PI-0172","EA01701","PCB_Erica/Ameza/Renesa Zen_GV5 (STM8s,70micron single LED)","0.00","500","0.00","10/12/2024"
"","Anish Inventory","Van","PI-0173","SA0097","Stator_CF_0900mm_Renesa/Renesa+/Renesa Smart_GV3","0.00","500","0.00","10/12/2024"
"","Anish Inventory","Van","PI-0174","RA1242","Canopy_Sand Grey_CF_Renesa+_GV3","0.00","150","0.00","10/12/2024"
"","Anish Inventory","Van","PI-0175","RA0046","Blade_Aluminium_White_1400mm_Efficio/Efficio+/Studio_GV2","0.00","599","0.00","10/12/2024"
"","Anish Inventory","Van","PI-0176","RA0179","Diffuser_Brown_Efficio_GV2","0.00","25","0.00","10/12/2024"
"","Anish Inventory","Van","PI-0177","SRMASS0157","Main PCB_Efficio_EXH","0.00","450","0.00","10/12/2024"
"","Anish Inventory","Van","PI-0178","SRMASS0158","BLDC Motor_200mm_Efficio_EXH","0.00","635","0.00","10/12/2024"
"","Anish Inventory","Van","PI-0179","SA0011","Consolidate PCB GV3_CF_Renesa+_GV3","0.00","350","0.00","10/12/2024"
"","Anish Inventory","Van","PI-0180","RA0345","Circlip Pin_CF_Renesa_GV3","0.00","9","0.00","10/12/2024"
"","Anish Inventory","Van","PI-0181","RA0183","Diffuser (Bottom Cap)_Black_Renesa_GV3","0.00","60","0.00","10/12/2024"
"","Anish Inventory","Van","PI-0182","A1X0601","CF_Universal Remote New","0.00","250","0.00","10/12/2024"
"","Anish Inventory","Van","PI-0183","SA0042","Motor Housing_Brown_CF_Renesa_GV3","0.00","590","0.00","10/12/2024"
"","Anish Inventory","Van","PI-0184","SA0040","Motor Housing_Black_CF_Renesa_GV3","0.00","590","0.00","10/12/2024"
"","Anish Inventory","Van","PI-2824","EA04101","PCB_Renesa/Renesa+/Ikano/Sudio+ STM8s, 70micron  (6 LED)_GV5","0.00","500","0.00","10/12/2024"
"","Anish Inventory","Van","PI-3422","SA0021","Main PCB_CF_1200mm_Efficio_Reg_28W_GV2","0.00","500","0.00","10/12/2024"
"","Anish Inventory","Van","PI-3423","RA0028","Bearing 6202_CF","0.00","60","0.00","10/12/2024"
"","Anish Inventory","Van","PI-3452","SA0019","Consolidate PCB GV2_CF__Efficio_GV2","0.00","500","0.00","10/12/2024"
"","Anish Inventory","Van","PI-3453","RA0071","Blade_Aluminium_Earth Brown_1200mm_Renesa+/Renesa Smart_GV3","0.00","599","0.00","10/12/2024"
"","Anish Inventory","Van","PI-3644","B1X0056","Chutney jar sub assembly MG1.0","0.00","450","0.00","10/12/2024"
"","Anish Inventory","Van","PI-3645","B1X0031","Liquidizer jar sub assembly MG1.0","0.00","500","0.00","10/12/2024"
"","Anish Inventory","Van","PI-3652","B1X0044","Wet/Dry jar sub asssembly MG1.0","0.00","450","0.00","10/12/2024"
"","Anish Inventory","Van","PI-3665","A1X1217","Stator_1200mm_Studio+/Renesa Alpha/Naveo_GV4","0.00","500","0.00","10/12/2024"
"","Anish Inventory","Van","PI-3687","SA0045","Motor Housing_Earth Brown_CF_Renesa+/Renesa Smart_GV3","0.00","590","0.00","10/12/2024"
"","Anish Inventory","Van","PI-3692","RA1236","Blade_Aluminium_Golden_1200mm_Renesa+/Renesa Smart_GV3","0.00","600","0.00","10/12/2024"
"","Anish Inventory","Van","PI-3794","SA0055","Stator_CF_600mm_Renesa/Renesa+/Renesa Smart_GV3","0.00","500","0.00","10/12/2024"
"","Anish Inventory","Van","PI-3795","SRMASS0159","Main PCB_Studio+_EXH","0.00","450","0.00","10/12/2024"
"","Anish Inventory","Van","PI-35609","SRMASS0075","Power PCB_Efficio+_Wall Mount_TPW","0.00","499","0.00","10/12/2024"
"","Anish Inventory","Van","PI-35610","SRMASS0058","Digital PCB_Efficio+_Wall Mount_TPW","0.00","350","0.00","10/12/2024"
"","Anish Inventory","Van","PI-35611","SRMASS0074","Power PCB_Efficio+_Pedestal_TPW","0.00","499","0.00","10/12/2024"
"","Anish Inventory","Van","PI-35802","FG0153","Atomberg_Renesa Ceiling Fan 1200MM-Midnight Black_GV3","0.00","4000","0.00","10/12/2024"
"","Anish Inventory","Van","PI-35865","FG0301","Atomberg Renesa Ceiling Fan 1200MM 35 watt REC41235RM - Midnight Black_GV5","0.00","4000","0.00","10/12/2024"
"","Anish Inventory","Van","PI-38600","RA1238","Deactivated - Motor Housing_Golden_CF_Renesa+/Renesa Smart_GV3","0.00","600","0.00","10/12/2024"
"","Anish Inventory","Van","PI-40984","RA0995","Remote_Wall Mount_TPW","0.00","150","0.00","10/12/2024"
"","Anish Inventory","Van","PI-40985","RA0971","Remote_Pedestal E+_TPW","0.00","150","0.00","10/12/2024"
"","Anish Inventory","Van","PI-41345","RA1409","Blade_Aluminium_Midnight Black_600mm_Renesa_GV3","0.00","600","0.00","10/12/2024"
"","Anish Inventory","Van","PI-41346","A1X0051","Blade_Aluminium_Sand Grey_1200mm_Studio+Reboot_GV5","0.00","600","0.00","10/12/2024"
"","Anish Inventory","Van","PI-43414","A142202","Blade_Aluminium_Brown_1200mm_Efficio/Efficio+/Studio_GV2","0.00","599","0.00","10/12/2024"
"","Anish Inventory","Van","PI-44260","RA0080","Blade_Aluminium_White_1400mm_Renesa_GV3 & GV5","0.00","599","0.00","10/12/2024"
"","Anish Inventory","Van","PI-44636","SPR0172","Top Motor Housing_Metal_Studio+_GV4","0.00","484","0.00","10/12/2024"
"","Anish Inventory","Van","PI-44948","SA0038","PCB_Regulator_1200mm_Renesa Alpha_GV4","0.00","500","0.00","10/12/2024"
"","Anish Inventory","Van","PI-44949","RA0037","Spring_Efficio_ Gv2a_GV2","0.00","25","0.00","10/12/2024"
"","Anish Inventory","Van","PI-45072","SA0043","Motor Housing_Ivory_CF_Renesa_GV3","0.00","590","0.00","10/12/2024"
"","Anish Inventory","Van","PI-45427","A2C0002","Power PCB_Renesa Pedestal Non Swing_TPW","0.00","500","0.00","10/12/2024"
"","Anish Inventory","Van","PI-45428","EA05401","Power PCB_Renesa Pedestal/Wall/Table_TPW","0.00","300","0.00","10/12/2024"
"","Anish Inventory","Van","PI-45429","FG0204","Atomberg_MG 1.0 Black with Chopper jar","0.00","5000","0.00","10/12/2024"
"","Anish Inventory","Van","PI-45750","RA0051","Blade_Aluminium_Brown_1400mm_Efficio/Efficio+/Studio_GV2","0.00","599","0.00","10/12/2024"
"","Anish Inventory","Van","PI-45752","SA0098","Stator_CF_1400mm_Renesa/Renesa+/Renesa Smart_GV3","0.00","500","0.00","10/12/2024"
"","Anish Inventory","Van","PI-46301","RA0075","Blade_Aluminium_G-Oak_1200mm_Renesa+/Renesa Smart_GV3","0.00","599","0.00","10/12/2024"
"","Anish Inventory","Van","PI-46302","RA0932","Deactivated - (old code) Blade_Aluminium_Ivory_1200mm_Renesa Alpha_GV4","0.00","599","0.00","10/12/2024"
"","Anish Inventory","Van","PI-46303","RA1028","Blade_Aluminium_Brown_1200mm_Ozeo_GV4","0.00","599","0.00","10/12/2024"
"","Anish Inventory","Van","PI-52112","RA0157","Remote_CF_Renesa_GV3","0.00","150","0.00","10/12/2024"
"","Anish Inventory","Van","PI-52180","A1X0805","Blade_Aluminium_Pearl White_1200mm_Studio+_GV4","0.00","599","0.00","10/12/2024"
"","Anish Inventory","Van","PI-52561","A1X1055","Blade_Aluminium_SnowWhite_1200mm_Erica_GV5","0.00","600","0.00","10/12/2024"
"","Anish Inventory","Van","PI-54249","A1X0804","Canopy Plate_Pearl White_CF_Studio+_GV4","0.00","60","0.00","10/12/2024"
"","Anish Inventory","Van","PI-54937","RA0085","Blade_Aluminium_Golden Oak_1400mm_Renesa+/Renesa Smart_GV3","0.00","599","0.00","10/12/2024"
"","Anish Inventory","Van","PI-55013","RA0790","Neck_400mm_Wall Mount_TPW","0.00","199","0.00","10/12/2024"
"","Anish Inventory","Van","PI-56705","SRMF0011","Motor_White_1200mm_Efficio_GV2","0.00","2500","0.00","10/12/2024"
"","Anish Inventory","Van","PI-56866","A1X0136","Deactivated - Bottom Body Assembly_Ivory_Efficio Alpha/Ikano _GV5","0.00","220","0.00","10/12/2024"
"","Anish Inventory","Van","PI-57256","SRMF0038","Motor_Earth Brown_1200mm_Renesa+_GV3","0.00","2500","0.00","10/12/2024"
"","Anish Inventory","Van","PI-57923","RA0076","Blade_Aluminium_Natural Oak_1200mm_Renesa+/Renesa Smart_GV3","0.00","599","0.00","10/12/2024"
"","Anish Inventory","Van","PI-58034","B1X0106","Motor_MG_Wine Red","0.00","2500","0.00","10/12/2024"
"","Anish Inventory","Van","PI-58035","RA1240","Blade_Aluminium_Midnight Black_1200mm_Renesa_GV3","0.00","600","0.00","10/12/2024"
"","Anish Inventory","Van","PI-58250","RA0923","Deactivated - (old code) Blade_Aluminium_Gloss Brown_1200mm_Renesa Alpha_GV4","0.00","599","0.00","10/12/2024"
"","Anish Inventory","Van","PI-58536","A1X0140","Blade_Aluminium_Gloss Ivory_1200mm_Ikano_GV5","0.00","600","0.00","10/12/2024"
"","Anish Inventory","Van","PI-58907","A1X0170","Blade_Aluminium_Marble White_1200mm_Studio+_GV5","0.00","600","0.00","10/12/2024"
"","Anish Inventory","Van","PI-58909","A142201","Blade_Aluminium_White_1200mm_Efficio/Efficio+/Studio_GV2","0.00","599","0.00","10/12/2024"
"","Anish Inventory","Van","PI-60437","SRMF0046","Motor_Black_1200mm_Renesa_GV3","0.00","2500","0.00","10/12/2024"
"","Anish Inventory","Van","PI-60808","SRA023204","Motor_Pearl White_1200mm_Renesa+Reboot_GV5","0.00","2500","0.00","10/12/2024"
"","Anish Inventory","Van","PI-60809","RA1251","Deactivated - Blade_Aluminium_Pearl White_1200mm_Renesa+/Renesa Smart_GV3","0.00","600","0.00","10/12/2024"
"","Anish Inventory","Van","PI-62974","B1C0001","MG 1 Driver PCB","0.00","1000","0.00","10/12/2024"
"","Anish Inventory","Van","PI-62975","EA17601","PCB With LED Strip__Aris Starlight_GV5","0.00","500","0.00","10/12/2024"
"","Anish Inventory","Van","PI-62976","EA03201","PCB Without LED Strip_PCB_GV5","0.00","500","0.00","10/12/2024"
"","Anish Inventory","Van","PI-62977","B1C0002","MG 1 Interface PCB","0.00","350","0.00","10/12/2024"
"","Anish Inventory","Van","PI-62978","SRMF0120","Motor_White_1200mm_Renesa Alpha_GV4","0.00","2500","0.00","10/12/2024"
"","Anish Inventory","Van","PI-63592","SRA022901","Motor_ Renesa Reboot  Ceiling Fan 1200MM 35 watt - White_GV5","0.00","2500","0.00","10/12/2024"
"","Anish Inventory","Van","PI-63683","SRMF0035","Motor_Pearl White_1200mm_Renesa Smart+_GV3","0.00","2500","0.00","10/12/2024"
"","Anish Inventory","Van","PI-63867","EA03001","Smart PCB Phoenix Led_PCB_1200mm_GV5","0.00","700","0.00","10/12/2024"
"","Anish Inventory","Van","PI-63932","EA05301","SMART PCBA /Phoenix-1 LED_PCB_GV5","0.00","700","0.00","10/12/2024"
"","Anish Inventory","Van","PI-64577","RA0142","Canopy_White_CF_Efficio_GV2","0.00","150","0.00","10/12/2024"
"","Anish Inventory","Van","PI-64578","A1X0150","Deactivated - Bottom Body Assembly_Gloss White_900mm_Ikano/Efficio Alpha_GV5","0.00","220","0.00","10/12/2024"
"","Anish Inventory","Van","PI-65072","A004001","Motor Bldc_150mm_Studio_EXH","0.00","599","0.00","10/12/2024"
"","Anish Inventory","Van","PI-65380","A022804","Motor Housing_Black_1200mm_Renesa+_GV5","0.00","600","0.00","10/12/2024"
"","Anish Inventory","Van","PI-65381","RA0173","Sensor Holder_CF","0.00","30","0.00","10/12/2024"
"","Anish Inventory","Van","PI-69372","RA0086","Blade_Aluminium_Pearl White_1400mm_Renesa+/Renesa Smart_GV3","0.00","600","0.00","10/12/2024"
"","Anish Inventory","Van","PI-75399","SRA1X1281","Motor_Gloss Ivory_1200mm_Ikano_GV5","0.00","2500","0.00","10/12/2024"
"","Anish Inventory","Van","PI-795636","TestProduct","Test PCB","0.00","0","0.00","10/12/2024"
"","Anish Inventory","Van","PI-822137","EA18601","Updated STM32_PCB_White LED_Efficio Alpha/Enzel/Azor _GV5","0.00","0","0.00","10/12/2024"
"","Anish Inventory","Van","PI-824650","EA20801","Updated STM32_PCB_Enerio 28W_GV5","0.00","0","0.00","10/12/2024"
"","Anish Inventory","Van","PI-858415","A3H0017","5 Pin Wire harness_Renesa Walrus/Pedestal_Black_TPW","0.00","0","0.00","10/12/2024"
"","Anish Inventory","Van","PI-863282","A064116","Blade_Aluminium_Enzel/Renesa Zen_1200mm_Dark Walnut_GV5","0.00","0","0.00","10/12/2024"
"","Anish Inventory","Van","PI-865824","A064120","Blade_Aluminium_Enzel/Renesa Zen_1200mm_Maplewood_GV5","0.00","0","0.00","10/12/2024"
"","Anish Inventory","Van","PI-868366","A064118","Blade_Aluminium_Enzel/Renesa Zen_1200mm_Mistly Teal_GV5","0.00","0","0.00","10/12/2024"
"","Anish Inventory","Van","PI-870908","A064119","Blade_Aluminium_Enzel/Renesa Zen_1200mm_Pebble Grey_GV5","0.00","0","0.00","10/12/2024"
"","Anish Inventory","Van","PI-873450","A170501","Updated Motor housing_Renesa Prime_GV5","0.00","0","0.00","10/12/2024"
"","Anish Inventory","Van","PI-888823","SA0105","Updated Plastic body with screw_Pebble Grey_Prime/Enzel/Zen_GV5","0.00","0","0.00","10/12/2024"
"","Anish Inventory","Van","PI-891376","SA0106","Updated Plastic body with screw_Gloss White_Prime/Enzel/Zen_GV5","0.00","0","0.00","10/12/2024"
"","Anish Inventory","Van","PI-893929","SA0107","Updated Plastic body with screw_Gloss Black_Prime/Enzel/Zen_GV5","0.00","0","0.00","10/12/2024"
"","Anish Inventory","Van","PI-896482","SA0108","Updated Plastic body with screw_Gloss Brown_Prime/Enzel/Zen_GV5","0.00","0","0.00","10/12/2024"
"","Anish Inventory","Van","PI-915255","TestSa001","PCB_Regulator_1200mm_Renesa Alpha_GV4Test","0.00","0","0.00","10/12/2024"
"","Anish Inventory","Van","PI-920494","EA07101","Sensor PCB_Zenova_MG","0.00","0","0.00","10/12/2024"
"","Anish Inventory","Van","PI-960207","A029703","Blade_Plastic_Steller Black_1200mm_Aris_IOT_GV5","0.00","0","0.00","10/12/2024"
"","Anish Inventory","Van","PI-962808","A101703","Top Canopy_Steller Black_1200mm_Aris_IOT_GV5","0.00","0","0.00","10/12/2024"
"","Anish Inventory","Van","PI-965409","A101803","Canopy top Plate_steller black_1200mm_Aris_IOT_GV5","0.00","0","0.00","10/12/2024"
"","Anish Inventory","Van","PI-968010","A102003","Middle upper canopy_Steller black_Aris_GV5","0.00","0","0.00","10/12/2024"
"","Anish Inventory","Van","PI-970611","A102203","Middle Lower canopy_Steller black_Aris_GV5","0.00","0","0.00","10/12/2024"
"","Anish Inventory","Van","PI-973212","A102403","Bottom Canopy_Steller Black_1220mm_Aris_IOT_GV5","0.00","0","0.00","10/12/2024"
"","Anish Inventory","Van","PI-975813","A006402","False cover_Aris_GV5","0.00","0","0.00","10/12/2024"
"","Anish Inventory","Van","PI-978414","A006505","Bottom cover_Steller black_Aris_GV5","0.00","0","0.00","10/12/2024"
"","Anish Inventory","Van","PI-981015","A002903","Motor Housing_Steller Black_1200mm_Aris_IOT_GV5","0.00","0","0.00","10/12/2024"
"","Anish Inventory","Van","PI-989059","A158402","Motor & Jar Coupler Set_MG1.0/Zenova/Maple_MG","0.00","0","0.00","10/12/2024"
"","Anish Inventory","Van","PI-991660","SA0110","Grill Belt Assembly_Black_Renesa Pedestal/Wall/Table/Stelios Pro/Izar Pedestal_TPW","0.00","0","0.00","10/12/2024"
"","Anish Inventory","Van","PI-994261","SA0109","Grill belt assembly_White_Renesa/Stelios/Izar Pedestal_TPW","0.00","0","0.00","10/12/2024"
"","Anish Inventory","Van","PI-1000429","RA1348","FG replacement Tags","0.00","0","0.00","10/12/2024"
"","Anish Inventory","Van","PI-1004193","RA1631","Service Cello Tape (Yellow - 3INX65M)","0.00","0","0.00","10/12/2024"
"","Anish Inventory","Van","PI-1006798","RA1632","Defective Spares Tag","0.00","0","0.00","10/12/2024"
"","Anish Inventory","Van","PI-1009403","RA1633","Defective FG Replacement seal","0.00","0","0.00","10/12/2024"
"","Anish Inventory","Van","PI-1024863","A073415","Downrod_Aegean Blue_CF","0.00","0","0.00","10/12/2024"
"","Anish Inventory","Van","PI-1049138","A073406","Downrod_Golden_CF","0.00","0","0.00","10/12/2024"
"","Anish Inventory","Van","PI-1052150","A091911","Bottom Cover_Ameza_GV5","0.00","0","0.00","10/12/2024"
"","Anish Inventory","Van","PI-1055162","EA16901","Updated_PCB STM32_1200mm_Erica/Ameza/Renesa Zen_1 LED_GV5","0.00","0","0.00","10/12/2024"
"","Anish Inventory","Van","PI-1058174","A112503","Canopy_Sea Sand Ivory_Ameza_GV5","0.00","0","0.00","10/12/2024"
"","Anish Inventory","Van","PI-1061386","A073401","Downrod_Earth Brown_CF_Studio+_GV4","0.00","60","0.00","10/12/2024"
"","Anish Inventory","Van","PI-1065771","A064113","Blade_Aluminium_SS Ivory_Renesa Prime _GV5","0.00","0","0.00","10/12/2024"
"","Nilesh Shewale Inventory","Van","PI-0185","RA0946","BLDC Motor_Efficio+_TPW","0.00","599","0.00","10/12/2024"
"","Nilesh Shewale Inventory","Van","PI-0186","SA0041","Motor Housing_White_CF_Renesa_GV3","0.00","590","0.00","10/12/2024"
"","Nilesh Shewale Inventory","Van","PI-0187","SRMASS0075","Power PCB_Efficio+_Wall Mount_TPW","0.00","499","0.00","10/12/2024"
"","Nilesh Shewale Inventory","Van","PI-0188","SRMASS0058","Digital PCB_Efficio+_Wall Mount_TPW","0.00","350","0.00","10/12/2024"
"","Nilesh Shewale Inventory","Van","PI-0189","A2C0002","Power PCB_Renesa Pedestal Non Swing_TPW","0.00","500","0.00","10/12/2024"
"","Nilesh Shewale Inventory","Van","PI-0190","EA05401","Power PCB_Renesa Pedestal/Wall/Table_TPW","0.00","300","0.00","10/12/2024"
"","Nilesh Shewale Inventory","Van","PI-0191","SA0057","Stator_CF_1200mm_Efficio/Efficio+/Studio_GV2","0.00","500","0.00","10/12/2024"
"","Nilesh Shewale Inventory","Van","PI-0192","SRMASS0159","Main PCB_Studio+_EXH","0.00","450","0.00","10/12/2024"
"","Nilesh Shewale Inventory","Van","PI-0193","A1X1217","Stator_1200mm_Studio+/Renesa Alpha/Naveo_GV4","0.00","500","0.00","10/12/2024"
"","Nilesh Shewale Inventory","Van","PI-0194","SRMASS0160","BLDC Motor_150mm_Studio+_EXH","0.00","599","0.00","10/12/2024"
"","Nilesh Shewale Inventory","Van","PI-0195","SA0039","PCB_Remote_1200mm_Studio+_GV4","0.00","500","0.00","10/12/2024"
"","Nilesh Shewale Inventory","Van","PI-0196","RA0178","Diffuser_Pearl White_Efficio_GV2","0.00","25","0.00","10/12/2024"
"","Nilesh Shewale Inventory","Van","PI-0197","RA0038","Spring_CF_Renesa_GV3","0.00","25","0.00","10/12/2024"
"","Nilesh Shewale Inventory","Van","PI-0198","SA0098","Stator_CF_1400mm_Renesa/Renesa+/Renesa Smart_GV3","0.00","500","0.00","10/12/2024"
"","Nilesh Shewale Inventory","Van","PI-0199","RA0037","Spring_Efficio_ Gv2a_GV2","0.00","25","0.00","10/12/2024"
"","Nilesh Shewale Inventory","Van","PI-0200","SA0020","Sensor PCB_CF","0.00","60","0.00","10/12/2024"
"","Nilesh Shewale Inventory","Van","PI-0201","SA0055","Stator_CF_600mm_Renesa/Renesa+/Renesa Smart_GV3","0.00","500","0.00","10/12/2024"
"","Nilesh Shewale Inventory","Van","PI-0202","RA0173","Sensor Holder_CF","0.00","30","0.00","10/12/2024"
"","Nilesh Shewale Inventory","Van","PI-0203","SA0001","Rotor_Efficio_GV2","0.00","300","0.00","10/12/2024"
"","Nilesh Shewale Inventory","Van","PI-0204","SRMF0039","Motor_Pearl White_1200mm_Renesa+_GV3","0.00","2500","0.00","10/12/2024"
"","Nilesh Shewale Inventory","Van","PI-0205","SRMF0038","Motor_Earth Brown_1200mm_Renesa+_GV3","0.00","2500","0.00","10/12/2024"
"","Nilesh Shewale Inventory","Van","PI-0206","SA0010","Digital PCB_1200mm_Renesa Smart+_GV3","0.00","350","0.00","10/12/2024"
"","Nilesh Shewale Inventory","Van","PI-0207","RA1239","Deactivated - Motor Housing_Sandan Grey_CF_Renesa+/Renesa Smart_GV3","0.00","600","0.00","10/12/2024"
"","Nilesh Shewale Inventory","Van","PI-0208","SA0102","Motor Housing_Aegean Blue_CF_Renesa+/Renesa Smart_GV3","0.00","600","0.00","10/12/2024"
"","Nilesh Shewale Inventory","Van","PI-0209","RA1238","Deactivated - Motor Housing_Golden_CF_Renesa+/Renesa Smart_GV3","0.00","600","0.00","10/12/2024"
"","Nilesh Shewale Inventory","Van","PI-0210","RA0156","Remote_CF_Efficio_GV2","0.00","150","0.00","10/12/2024"
"","Nilesh Shewale Inventory","Van","PI-0211","SA0038","PCB_Regulator_1200mm_Renesa Alpha_GV4","0.00","500","0.00","10/12/2024"
"","Nilesh Shewale Inventory","Van","PI-0212","SA0061","Power PCB (Without Potting) WH_CF_Renesa_GV3","0.00","400","0.00","10/12/2024"
"","Nilesh Shewale Inventory","Van","PI-0213","SA0060","Power PCB (Without Potting) BL_CF_Renesa_GV3","0.00","400","0.00","10/12/2024"
"","Nilesh Shewale Inventory","Van","PI-0214","RA0028","Bearing 6202_CF","0.00","60","0.00","10/12/2024"
"","Nilesh Shewale Inventory","Van","PI-0215","SRMASS0062","Main PCB_Efficio_Pedestal_TPW","0.00","450","0.00","10/12/2024"
"","Nilesh Shewale Inventory","Van","PI-0216","SRMASS0060","Display PCB_Efficio+_Pedestal_TPW","0.00","349","0.00","10/12/2024"
"","Nilesh Shewale Inventory","Van","PI-0217","SRMASS0056","Control PCB_Efficio+_Pedestal_TPW","0.00","349","0.00","10/12/2024"
"","Nilesh Shewale Inventory","Van","PI-0218","SRMASS0074","Power PCB_Efficio+_Pedestal_TPW","0.00","499","0.00","10/12/2024"
"","Nilesh Shewale Inventory","Van","PI-0219","SA0044","Motor Housing_Pearl White_CF_Renesa+/Renesa Smart_GV3","0.00","590","0.00","10/12/2024"
"","Nilesh Shewale Inventory","Van","PI-0220","RA0031","Oc Connector_CF","0.00","15","0.00","10/12/2024"
"","Nilesh Shewale Inventory","Van","PI-0221","SRMF0127","Motor_Golden_1200mm_Renesa+_GV3","0.00","2500","0.00","10/12/2024"
"","Nilesh Shewale Inventory","Van","PI-0222","B1C0003","MG 1 Sensor PCB","0.00","150","0.00","10/12/2024"
"","Nilesh Shewale Inventory","Van","PI-0223","B1C0002","MG 1 Interface PCB","0.00","350","0.00","10/12/2024"
"","Nilesh Shewale Inventory","Van","PI-0224","B1C0001","MG 1 Driver PCB","0.00","1000","0.00","10/12/2024"
"","Nilesh Shewale Inventory","Van","PI-0225","SA0040","Motor Housing_Black_CF_Renesa_GV3","0.00","590","0.00","10/12/2024"
"","Nilesh Shewale Inventory","Van","PI-0226","SA0087","PCB_Main_1200mm_Ozeo_GV4","0.00","500","0.00","10/12/2024"
"","Nilesh Shewale Inventory","Van","PI-0227","SA0043","Motor Housing_Ivory_CF_Renesa_GV3","0.00","590","0.00","10/12/2024"
"","Nilesh Shewale Inventory","Van","PI-0228","EA01701","PCB_Erica/Ameza/Renesa Zen_GV5 (STM8s,70micron single LED)","0.00","500","0.00","10/12/2024"
"","Nilesh Shewale Inventory","Van","PI-0229","SA0097","Stator_CF_0900mm_Renesa/Renesa+/Renesa Smart_GV3","0.00","500","0.00","10/12/2024"
"","Nilesh Shewale Inventory","Van","PI-0230","RA1240","Blade_Aluminium_Midnight Black_1200mm_Renesa_GV3","0.00","600","0.00","10/12/2024"
"","Nilesh Shewale Inventory","Van","PI-0231","SA0042","Motor Housing_Brown_CF_Renesa_GV3","0.00","590","0.00","10/12/2024"
"","Nilesh Shewale Inventory","Van","PI-0232","RA0177","Diffuser_Pearl Ivory_Efficio_GV2","0.00","25","0.00","10/12/2024"
"","Nilesh Shewale Inventory","Van","PI-0233","RA0179","Diffuser_Brown_Efficio_GV2","0.00","25","0.00","10/12/2024"
"","Nilesh Shewale Inventory","Van","PI-0234","SRMASS0157","Main PCB_Efficio_EXH","0.00","450","0.00","10/12/2024"
"","Nilesh Shewale Inventory","Van","PI-0235","A1X0601","CF_Universal Remote New","0.00","250","0.00","10/12/2024"
"","Nilesh Shewale Inventory","Van","PI-0236","SRMASS0158","BLDC Motor_200mm_Efficio_EXH","0.00","635","0.00","10/12/2024"
"","Nilesh Shewale Inventory","Van","PI-0237","SA0045","Motor Housing_Earth Brown_CF_Renesa+/Renesa Smart_GV3","0.00","590","0.00","10/12/2024"
"","Nilesh Shewale Inventory","Van","PI-0238","SA0019","Consolidate PCB GV2_CF__Efficio_GV2","0.00","500","0.00","10/12/2024"
"","Nilesh Shewale Inventory","Van","PI-0239","RA0345","Circlip Pin_CF_Renesa_GV3","0.00","9","0.00","10/12/2024"
"","Nilesh Shewale Inventory","Van","PI-2830","EA04101","PCB_Renesa/Renesa+/Ikano/Sudio+ STM8s, 70micron  (6 LED)_GV5","0.00","500","0.00","10/12/2024"
"","Nilesh Shewale Inventory","Van","PI-3324","SA0011","Consolidate PCB GV3_CF_Renesa+_GV3","0.00","350","0.00","10/12/2024"
"","Nilesh Shewale Inventory","Van","PI-3369","SA0056","Stator_CF_1200mm_Renesa/Renesa+/Renesa Smart_GV3","0.00","500","0.00","10/12/2024"
"","Nilesh Shewale Inventory","Van","PI-3576","B1X0056","Chutney jar sub assembly MG1.0","0.00","450","0.00","10/12/2024"
"","Nilesh Shewale Inventory","Van","PI-3635","RA0183","Diffuser (Bottom Cap)_Black_Renesa_GV3","0.00","60","0.00","10/12/2024"
"","Nilesh Shewale Inventory","Van","PI-3636","SRMF0128","Motor_Sand Grey_1200mm_Renesa+_GV3","0.00","2500","0.00","10/12/2024"
"","Nilesh Shewale Inventory","Van","PI-3654","B1X0044","Wet/Dry jar sub asssembly MG1.0","0.00","450","0.00","10/12/2024"
"","Nilesh Shewale Inventory","Van","PI-3657","RA0157","Remote_CF_Renesa_GV3","0.00","150","0.00","10/12/2024"
"","Nilesh Shewale Inventory","Van","PI-3666","B1X0031","Liquidizer jar sub assembly MG1.0","0.00","500","0.00","10/12/2024"
"","Nilesh Shewale Inventory","Van","PI-3684","RA0074","Blade_Aluminium_Matt Brown_1200mm_Renesa_GV3","0.00","599","0.00","10/12/2024"
"","Nilesh Shewale Inventory","Van","PI-3685","A1X1091","Blade_Aluminium_Aegean Blue_1200mm_Renesa+/Renesa Smart_GV3","0.00","600","0.00","10/12/2024"
"","Nilesh Shewale Inventory","Van","PI-3775","A1X1058","Deactivated - Blade_Aluminium_Umber Brown_1200mm_Erica_GV5","0.00","600","0.00","10/12/2024"
"","Nilesh Shewale Inventory","Van","PI-38594","RA0072","Blade_Aluminium_Pearl White_1200mm_Renesa+/Renesa Smart_GV3","0.00","599","0.00","10/12/2024"
"","Nilesh Shewale Inventory","Van","PI-38595","RA0070","Blade_Aluminium_White_1200mm_Renesa_GV3","0.00","599","0.00","10/12/2024"
"","Nilesh Shewale Inventory","Van","PI-38598","SRMF0030","Motor_Brown_1200mm_Renesa_GV3","0.00","2500","0.00","10/12/2024"
"","Nilesh Shewale Inventory","Van","PI-40402","A1X0137","Blade_Aluminium_White_1200mm_Ikano_GV5","0.00","600","0.00","10/12/2024"
"","Nilesh Shewale Inventory","Van","PI-43571","RA0790","Neck_400mm_Wall Mount_TPW","0.00","199","0.00","10/12/2024"
"","Nilesh Shewale Inventory","Van","PI-44211","RA1236","Blade_Aluminium_Golden_1200mm_Renesa+/Renesa Smart_GV3","0.00","600","0.00","10/12/2024"
"","Nilesh Shewale Inventory","Van","PI-44876","RA0180","Diffuser_Sand Grey_Efficio_GV2","0.00","25","0.00","10/12/2024"
"","Nilesh Shewale Inventory","Van","PI-46518","SRMF0122","Motor_Gloss Black_1200mm_Renesa Alpha_GV4","0.00","2500","0.00","10/12/2024"
"","Nilesh Shewale Inventory","Van","PI-46519","SRA036401","Motor_Snow White_1200mm_Erica Smart_GV5","0.00","2500","0.00","10/12/2024"
"","Nilesh Shewale Inventory","Van","PI-47751","SA0099","Stator_1200mm_Erica/Ikano/Ameza/Studio+Reboot/Renesa Reboot/Prime/Zen_GV5","0.00","500","0.00","10/12/2024"
"","Nilesh Shewale Inventory","Van","PI-49832","SA0079","BLDC Motor_Wall Mount_TPW","0.00","599","0.00","10/12/2024"
"","Nilesh Shewale Inventory","Van","PI-49833","SRMASS0059","Display PCB_Efficio_Pedestal_TPW","0.00","350","0.00","10/12/2024"
"","Nilesh Shewale Inventory","Van","PI-49834","RA0085","Blade_Aluminium_Golden Oak_1400mm_Renesa+/Renesa Smart_GV3","0.00","599","0.00","10/12/2024"
"","Nilesh Shewale Inventory","Van","PI-50243","A1X0138","Blade_Aluminium_Black_1200mm_Ikano_GV5","0.00","600","0.00","10/12/2024"
"","Nilesh Shewale Inventory","Van","PI-50999","A1X1104","Blade_Aluminium_Golden Oak_600mm_Renesa+/Renesa Smart_GV3","0.00","600","0.00","10/12/2024"
"","Nilesh Shewale Inventory","Van","PI-53405","A1X0051","Blade_Aluminium_Sand Grey_1200mm_Studio+Reboot_GV5","0.00","600","0.00","10/12/2024"
"","Nilesh Shewale Inventory","Van","PI-54246","A1X0139","Blade_Aluminium_Gloss Brown_1200mm_Ikano_GV5","0.00","600","0.00","10/12/2024"
"","Nilesh Shewale Inventory","Van","PI-54247","EA03001","Smart PCB Phoenix Led_PCB_1200mm_GV5","0.00","700","0.00","10/12/2024"
"","Nilesh Shewale Inventory","Van","PI-54925","RA1237","Blade_Aluminium_Sand Grey_1200mm_Renesa+/Renesa Smart_GV3","0.00","600","0.00","10/12/2024"
"","Nilesh Shewale Inventory","Van","PI-55049","RA0918","Deactivated - (old code) Blade_Aluminium_White_1200mm_Renesa Alpha_GV4","0.00","599","0.00","10/12/2024"
"","Nilesh Shewale Inventory","Van","PI-55842","A1X0135","Deactivated - Bottom Body Assembly_Brown_Efficio Alpha/Ikano_GV5","0.00","220","0.00","10/12/2024"
"","Nilesh Shewale Inventory","Van","PI-55843","A1X0134","Deactivated - Bottom Body_Plastic_Gloss Black_Ikano_GV5","0.00","220","0.00","10/12/2024"
"","Nilesh Shewale Inventory","Van","PI-55844","A1X0136","Deactivated - Bottom Body Assembly_Ivory_Efficio Alpha/Ikano _GV5","0.00","220","0.00","10/12/2024"
"","Nilesh Shewale Inventory","Van","PI-56251","A1X1055","Blade_Aluminium_SnowWhite_1200mm_Erica_GV5","0.00","600","0.00","10/12/2024"
"","Nilesh Shewale Inventory","Van","PI-56704","RA0989","Connecting Wire - 4 pin Power to Digital PCB_400mm_Wall Mount E+_TPW","0.00","25","0.00","10/12/2024"
"","Nilesh Shewale Inventory","Van","PI-57475","A026404","Blade_Aluminium_Gloss Ivory_1200mm_Ameza_GV5","0.00","600","0.00","10/12/2024"
"","Nilesh Shewale Inventory","Van","PI-57476","A026403","Blade_Aluminium_Brown_1200mm_Ameza_GV5","0.00","600","0.00","10/12/2024"
"","Nilesh Shewale Inventory","Van","PI-57477","EA03201","PCB Without LED Strip_PCB_GV5","0.00","500","0.00","10/12/2024"
"","Nilesh Shewale Inventory","Van","PI-57478","EA17601","PCB With LED Strip__Aris Starlight_GV5","0.00","500","0.00","10/12/2024"
"","Nilesh Shewale Inventory","Van","PI-59325","A004001","Motor Bldc_150mm_Studio_EXH","0.00","599","0.00","10/12/2024"
"","Nilesh Shewale Inventory","Van","PI-60801","RA0075","Blade_Aluminium_G-Oak_1200mm_Renesa+/Renesa Smart_GV3","0.00","599","0.00","10/12/2024"
"","Nilesh Shewale Inventory","Van","PI-61377","SRMF0046","Motor_Black_1200mm_Renesa_GV3","0.00","2500","0.00","10/12/2024"
"","Nilesh Shewale Inventory","Van","PI-61663","A022804","Motor Housing_Black_1200mm_Renesa+_GV5","0.00","600","0.00","10/12/2024"
"","Nilesh Shewale Inventory","Van","PI-61750","A1X0827","GV5 PCB Mounting Plate_CF","0.00","50","0.00","10/12/2024"
"","Nilesh Shewale Inventory","Van","PI-61938","A1X0150","Deactivated - Bottom Body Assembly_Gloss White_900mm_Ikano/Efficio Alpha_GV5","0.00","220","0.00","10/12/2024"
"","Nilesh Shewale Inventory","Van","PI-62172","RA0182","Diffuser (Bottom Cap)_White_Renesa_GV3","0.00","60","0.00","10/12/2024"
"","Nilesh Shewale Inventory","Van","PI-62197","SRA023202","Motor_Earth Brown_1200mm_Renesa+Reboot_GV5","0.00","2500","0.00","10/12/2024"
"","Nilesh Shewale Inventory","Van","PI-62359","RA0080","Blade_Aluminium_White_1400mm_Renesa_GV3 & GV5","0.00","599","0.00","10/12/2024"
"","Nilesh Shewale Inventory","Van","PI-62360","SRA023201","Motor_Sand Grey_1200mm_Renesa+Reboot_GV5","0.00","2500","0.00","10/12/2024"
"","Nilesh Shewale Inventory","Van","PI-62465","RA0046","Blade_Aluminium_White_1400mm_Efficio/Efficio+/Studio_GV2","0.00","599","0.00","10/12/2024"
"","Nilesh Shewale Inventory","Van","PI-63056","EA08401","PCB_Renesa Prime_GV5 (Capacitor)","0.00","500","0.00","10/12/2024"
"","Nilesh Shewale Inventory","Van","PI-63057","EA12401","PCB_White LED_Efficio Alpha/Enzel _GV5","0.00","500","0.00","10/12/2024"
"","Nilesh Shewale Inventory","Van","PI-63058","SRMASS0149","Diffuser Opener Tool_CF_Renesa+_GV3","0.00","4720","0.00","10/12/2024"
"","Nilesh Shewale Inventory","Van","PI-63059","RA1105","Master Remote (Tech Use only)","0.00","250","0.00","10/12/2024"
"","Nilesh Shewale Inventory","Van","PI-63351","A1X0170","Blade_Aluminium_Marble White_1200mm_Studio+_GV5","0.00","600","0.00","10/12/2024"
"","Nilesh Shewale Inventory","Van","PI-63408","SRA1X1081","Motor_Marble White_1200mm_Studio+Reboot_GV5","0.00","2500","0.00","10/12/2024"
"","Nilesh Shewale Inventory","Van","PI-65396","SPR0172","Top Motor Housing_Metal_Studio+_GV4","0.00","484","0.00","10/12/2024"
"","Nilesh Shewale Inventory","Van","PI-66651","RA0071","Blade_Aluminium_Earth Brown_1200mm_Renesa+/Renesa Smart_GV3","0.00","599","0.00","10/12/2024"
"","Nilesh Shewale Inventory","Van","PI-66793","SRA022903","Motor_Matt Brown_1200mm_Renesa Reboot_GV5","0.00","2500","0.00","10/12/2024"
"","Nilesh Shewale Inventory","Van","PI-66794","EA07701","PCB_Renesa_900mm/1400mm_GV5.0 Reboot PCBA _Nuvoton+UCC-70 Micron_GV5","0.00","500","0.00","10/12/2024"
"","Nilesh Shewale Inventory","Van","PI-68793","A039905","Blade_Aluminium_Erica_1200_1200mm - Midnight Black Matt_GV5","0.00","600","0.00","10/12/2024"
"","Nilesh Shewale Inventory","Van","PI-68794","SRA023207","Motor_Earth Brown_1200mm_Renesa Smart+_GV5","0.00","2500","0.00","10/12/2024"
"","Nilesh Shewale Inventory","Van","PI-69326","A033006","Canopy Midnight Black Set Pack_GV5","0.00","150","0.00","10/12/2024"
"","Nilesh Shewale Inventory","Van","PI-69619","A039904","Blade_Aluminium_Umber Brown_1200mm_Erica_GV5","0.00","600","0.00","10/12/2024"
"","Nilesh Shewale Inventory","Van","PI-69703","RA0924","Body_Top Plastic Assembly_Gloss Black_Alpha/Renesa Zen/Prime_GV5","0.00","220","0.00","10/12/2024"
"","Nilesh Shewale Inventory","Van","PI-69704","A064107","Blade_Aluminium_Enzel/Renesa Zen_1200mm_Gloss Black_GV5","0.00","600","0.00","10/12/2024"
"","Nilesh Shewale Inventory","Van","PI-71376","SA0104","Motor Housing_Golden_CF_Renesa+/Renesa Smart_GV3","0.00","600","0.00","10/12/2024"
"","Nilesh Shewale Inventory","Van","PI-71377","SA0103","Motor Housing_Sandan Grey_CF_Renesa+/Renesa Smart_GV3","0.00","600","0.00","10/12/2024"
"","Nilesh Shewale Inventory","Van","PI-72683","SRA022904","Motor_Mn Black_1200mm_Renesa Reboot_GV5","0.00","2500","0.00","10/12/2024"
"","Nilesh Shewale Inventory","Van","PI-72723","SRA023205","Motor_Midnight Black_1200mm_Renesa+Reboot_GV5","0.00","2500","0.00","10/12/2024"
"","Nilesh Shewale Inventory","Van","PI-74201","RA0082","Blade_Aluminium_Brown_1400mm_Renesa/Renesa+/Renesa Smart_GV3 & GV5","0.00","599","0.00","10/12/2024"
"","Nilesh Shewale Inventory","Van","PI-77136","SRA023204","Motor_Pearl White_1200mm_Renesa+Reboot_GV5","0.00","2500","0.00","10/12/2024"
"","Nilesh Shewale Inventory","Van","PI-80381","A063803","Blade_Aluminium_Brown_Efficio Alpha/Ameza _GV5","0.00","600","0.00","10/12/2024"
"","Nilesh Shewale Inventory","Van","PI-795627","TestProduct","Test PCB","0.00","0","0.00","10/12/2024"
"","Nilesh Shewale Inventory","Van","PI-822128","EA18601","Updated STM32_PCB_White LED_Efficio Alpha/Enzel/Azor _GV5","0.00","0","0.00","10/12/2024"
"","Nilesh Shewale Inventory","Van","PI-824641","EA20801","Updated STM32_PCB_Enerio 28W_GV5","0.00","0","0.00","10/12/2024"
"","Nilesh Shewale Inventory","Van","PI-858406","A3H0017","5 Pin Wire harness_Renesa Walrus/Pedestal_Black_TPW","0.00","0","0.00","10/12/2024"
"","Nilesh Shewale Inventory","Van","PI-863273","A064116","Blade_Aluminium_Enzel/Renesa Zen_1200mm_Dark Walnut_GV5","0.00","0","0.00","10/12/2024"
"","Nilesh Shewale Inventory","Van","PI-865815","A064120","Blade_Aluminium_Enzel/Renesa Zen_1200mm_Maplewood_GV5","0.00","0","0.00","10/12/2024"
"","Nilesh Shewale Inventory","Van","PI-868357","A064118","Blade_Aluminium_Enzel/Renesa Zen_1200mm_Mistly Teal_GV5","0.00","0","0.00","10/12/2024"
"","Nilesh Shewale Inventory","Van","PI-870899","A064119","Blade_Aluminium_Enzel/Renesa Zen_1200mm_Pebble Grey_GV5","0.00","0","0.00","10/12/2024"
"","Nilesh Shewale Inventory","Van","PI-873441","A170501","Updated Motor housing_Renesa Prime_GV5","0.00","0","0.00","10/12/2024"
"","Nilesh Shewale Inventory","Van","PI-888814","SA0105","Updated Plastic body with screw_Pebble Grey_Prime/Enzel/Zen_GV5","0.00","0","0.00","10/12/2024"
"","Nilesh Shewale Inventory","Van","PI-891367","SA0106","Updated Plastic body with screw_Gloss White_Prime/Enzel/Zen_GV5","0.00","0","0.00","10/12/2024"
"","Nilesh Shewale Inventory","Van","PI-893920","SA0107","Updated Plastic body with screw_Gloss Black_Prime/Enzel/Zen_GV5","0.00","0","0.00","10/12/2024"
"","Nilesh Shewale Inventory","Van","PI-896473","SA0108","Updated Plastic body with screw_Gloss Brown_Prime/Enzel/Zen_GV5","0.00","0","0.00","10/12/2024"
"","Nilesh Shewale Inventory","Van","PI-915246","TestSa001","PCB_Regulator_1200mm_Renesa Alpha_GV4Test","0.00","0","0.00","10/12/2024"
"","Nilesh Shewale Inventory","Van","PI-920485","EA07101","Sensor PCB_Zenova_MG","0.00","0","0.00","10/12/2024"
"","Nilesh Shewale Inventory","Van","PI-960198","A029703","Blade_Plastic_Steller Black_1200mm_Aris_IOT_GV5","0.00","0","0.00","10/12/2024"
"","Nilesh Shewale Inventory","Van","PI-962799","A101703","Top Canopy_Steller Black_1200mm_Aris_IOT_GV5","0.00","0","0.00","10/12/2024"
"","Nilesh Shewale Inventory","Van","PI-965400","A101803","Canopy top Plate_steller black_1200mm_Aris_IOT_GV5","0.00","0","0.00","10/12/2024"
"","Nilesh Shewale Inventory","Van","PI-968001","A102003","Middle upper canopy_Steller black_Aris_GV5","0.00","0","0.00","10/12/2024"
"","Nilesh Shewale Inventory","Van","PI-970602","A102203","Middle Lower canopy_Steller black_Aris_GV5","0.00","0","0.00","10/12/2024"
"","Nilesh Shewale Inventory","Van","PI-973203","A102403","Bottom Canopy_Steller Black_1220mm_Aris_IOT_GV5","0.00","0","0.00","10/12/2024"
"","Nilesh Shewale Inventory","Van","PI-975804","A006402","False cover_Aris_GV5","0.00","0","0.00","10/12/2024"
"","Nilesh Shewale Inventory","Van","PI-978405","A006505","Bottom cover_Steller black_Aris_GV5","0.00","0","0.00","10/12/2024"
"","Nilesh Shewale Inventory","Van","PI-981006","A002903","Motor Housing_Steller Black_1200mm_Aris_IOT_GV5","0.00","0","0.00","10/12/2024"
"","Nilesh Shewale Inventory","Van","PI-989050","A158402","Motor & Jar Coupler Set_MG1.0/Zenova/Maple_MG","0.00","0","0.00","10/12/2024"
"","Nilesh Shewale Inventory","Van","PI-991651","SA0110","Grill Belt Assembly_Black_Renesa Pedestal/Wall/Table/Stelios Pro/Izar Pedestal_TPW","0.00","0","0.00","10/12/2024"
"","Nilesh Shewale Inventory","Van","PI-994252","SA0109","Grill belt assembly_White_Renesa/Stelios/Izar Pedestal_TPW","0.00","0","0.00","10/12/2024"
"","Nilesh Shewale Inventory","Van","PI-1000420","RA1348","FG replacement Tags","0.00","0","0.00","10/12/2024"
"","Nilesh Shewale Inventory","Van","PI-1004184","RA1631","Service Cello Tape (Yellow - 3INX65M)","0.00","0","0.00","10/12/2024"
"","Nilesh Shewale Inventory","Van","PI-1006789","RA1632","Defective Spares Tag","0.00","0","0.00","10/12/2024"
"","Nilesh Shewale Inventory","Van","PI-1009394","RA1633","Defective FG Replacement seal","0.00","0","0.00","10/12/2024"
"","Nilesh Shewale Inventory","Van","PI-1024854","A073415","Downrod_Aegean Blue_CF","0.00","0","0.00","10/12/2024"
"","Nilesh Shewale Inventory","Van","PI-1049129","A073406","Downrod_Golden_CF","0.00","0","0.00","10/12/2024"
"","Nilesh Shewale Inventory","Van","PI-1052141","A091911","Bottom Cover_Ameza_GV5","0.00","0","0.00","10/12/2024"
"","Nilesh Shewale Inventory","Van","PI-1055153","EA16901","Updated_PCB STM32_1200mm_Erica/Ameza/Renesa Zen_1 LED_GV5","0.00","0","0.00","10/12/2024"
"","Nilesh Shewale Inventory","Van","PI-1058165","A112503","Canopy_Sea Sand Ivory_Ameza_GV5","0.00","0","0.00","10/12/2024"
"","Nilesh Shewale Inventory","Van","PI-1061377","A073401","Downrod_Earth Brown_CF_Studio+_GV4","0.00","60","0.00","10/12/2024"
"","Nilesh Shewale Inventory","Van","PI-1065593","A064113","Blade_Aluminium_SS Ivory_Renesa Prime _GV5","0.00","0","0.00","10/12/2024"
"","Sanjeet Kumar -  Inventory","Van","PI-0240","SA0041","Motor Housing_White_CF_Renesa_GV3","0.00","590","0.00","10/12/2024"
"","Sanjeet Kumar -  Inventory","Van","PI-0241","RA0075","Blade_Aluminium_G-Oak_1200mm_Renesa+/Renesa Smart_GV3","0.00","599","0.00","10/12/2024"
"","Sanjeet Kumar -  Inventory","Van","PI-0242","MASS0087","Deactivated - Digital PCB_1400mm_Renesa_GV3","0.00","350","0.00","10/12/2024"
"","Sanjeet Kumar -  Inventory","Van","PI-0243","SA0010","Digital PCB_1200mm_Renesa Smart+_GV3","4.00","350","4.00","10/12/2024"
"","Sanjeet Kumar -  Inventory","Van","PI-0244","SA0038","PCB_Regulator_1200mm_Renesa Alpha_GV4","0.00","500","0.00","10/12/2024"
"","Sanjeet Kumar -  Inventory","Van","PI-0245","SA0061","Power PCB (Without Potting) WH_CF_Renesa_GV3","0.00","400","0.00","10/12/2024"
"","Sanjeet Kumar -  Inventory","Van","PI-0246","SA0060","Power PCB (Without Potting) BL_CF_Renesa_GV3","2.00","400","2.00","10/12/2024"
"","Sanjeet Kumar -  Inventory","Van","PI-0247","SRMASS0074","Power PCB_Efficio+_Pedestal_TPW","0.00","499","0.00","10/12/2024"
"","Sanjeet Kumar -  Inventory","Van","PI-0248","SA0087","PCB_Main_1200mm_Ozeo_GV4","2.00","500","2.00","10/12/2024"
"","Sanjeet Kumar -  Inventory","Van","PI-0249","B1X0031","Liquidizer jar sub assembly MG1.0","0.00","500","0.00","10/12/2024"
"","Sanjeet Kumar -  Inventory","Van","PI-0250","EA01701","PCB_Erica/Ameza/Renesa Zen_GV5 (STM8s,70micron single LED)","0.00","500","0.00","10/12/2024"
"","Sanjeet Kumar -  Inventory","Van","PI-0251","SA0021","Main PCB_CF_1200mm_Efficio_Reg_28W_GV2","0.00","500","0.00","10/12/2024"
"","Sanjeet Kumar -  Inventory","Van","PI-0252","SA0045","Motor Housing_Earth Brown_CF_Renesa+/Renesa Smart_GV3","2.00","590","2.00","10/12/2024"
"","Sanjeet Kumar -  Inventory","Van","PI-0253","SA0011","Consolidate PCB GV3_CF_Renesa+_GV3","8.00","350","8.00","10/12/2024"
"","Sanjeet Kumar -  Inventory","Van","PI-0254","SA0019","Consolidate PCB GV2_CF__Efficio_GV2","3.00","500","3.00","10/12/2024"
"","Sanjeet Kumar -  Inventory","Van","PI-0255","B1X0056","Chutney jar sub assembly MG1.0","0.00","450","0.00","10/12/2024"
"","Sanjeet Kumar -  Inventory","Van","PI-0256","SA0040","Motor Housing_Black_CF_Renesa_GV3","2.00","590","2.00","10/12/2024"
"","Sanjeet Kumar -  Inventory","Van","PI-0257","SA0056","Stator_CF_1200mm_Renesa/Renesa+/Renesa Smart_GV3","3.00","500","3.00","10/12/2024"
"","Sanjeet Kumar -  Inventory","Van","PI-0258","RA0028","Bearing 6202_CF","0.00","60","0.00","10/12/2024"
"","Sanjeet Kumar -  Inventory","Van","PI-2826","EA04101","PCB_Renesa/Renesa+/Ikano/Sudio+ STM8s, 70micron  (6 LED)_GV5","0.00","500","0.00","10/12/2024"
"","Sanjeet Kumar -  Inventory","Van","PI-95012","SA0058","Stator_CF_1400mm_Efficio/Efficio+/Studio_GV2","0.00","500","0.00","10/12/2024"
"","Sanjeet Kumar -  Inventory","Van","PI-95089","B1X0042","MG1.0 Jar Lid for Wet/Dry/Chutney","0.00","450","0.00","10/12/2024"
"","Sanjeet Kumar -  Inventory","Van","PI-4061","SA0039","PCB_Remote_1200mm_Studio+_GV4","0.00","500","0.00","10/12/2024"
"","Sanjeet Kumar -  Inventory","Van","PI-4062","SA0020","Sensor PCB_CF","3.00","60","3.00","10/12/2024"
"","Sanjeet Kumar -  Inventory","Van","PI-4063","RA1105","Master Remote (Tech Use only)","1.00","250","1.00","10/12/2024"
"","Sanjeet Kumar -  Inventory","Van","PI-4064","EA03001","Smart PCB Phoenix Led_PCB_1200mm_GV5","0.00","700","0.00","10/12/2024"
"","Sanjeet Kumar -  Inventory","Van","PI-4065","SRMASS0149","Diffuser Opener Tool_CF_Renesa+_GV3","1.00","4720","1.00","10/12/2024"
"","Sanjeet Kumar -  Inventory","Van","PI-4066","RA0038","Spring_CF_Renesa_GV3","0.00","25","0.00","10/12/2024"
"","Sanjeet Kumar -  Inventory","Van","PI-4067","RA0345","Circlip Pin_CF_Renesa_GV3","0.00","9","0.00","10/12/2024"
"","Sanjeet Kumar -  Inventory","Van","PI-37199","RA0173","Sensor Holder_CF","5.00","30","5.00","10/12/2024"
"","Sanjeet Kumar -  Inventory","Van","PI-37200","SA0055","Stator_CF_600mm_Renesa/Renesa+/Renesa Smart_GV3","0.00","500","0.00","10/12/2024"
"","Sanjeet Kumar -  Inventory","Van","PI-37201","RA1239","Deactivated - Motor Housing_Sandan Grey_CF_Renesa+/Renesa Smart_GV3","0.00","600","0.00","10/12/2024"
"","Sanjeet Kumar -  Inventory","Van","PI-37202","SA0043","Motor Housing_Ivory_CF_Renesa_GV3","1.00","590","1.00","10/12/2024"
"","Sanjeet Kumar -  Inventory","Van","PI-39849","SA0098","Stator_CF_1400mm_Renesa/Renesa+/Renesa Smart_GV3","1.00","500","1.00","10/12/2024"
"","Sanjeet Kumar -  Inventory","Van","PI-39850","SA0042","Motor Housing_Brown_CF_Renesa_GV3","1.00","590","1.00","10/12/2024"
"","Sanjeet Kumar -  Inventory","Van","PI-39851","B1X0162","MG1.0 Chopper Jar Lid","0.00","80","0.00","10/12/2024"
"","Sanjeet Kumar -  Inventory","Van","PI-39852","SA0057","Stator_CF_1200mm_Efficio/Efficio+/Studio_GV2","0.00","500","0.00","10/12/2024"
"","Sanjeet Kumar -  Inventory","Van","PI-39853","SA0099","Stator_1200mm_Erica/Ikano/Ameza/Studio+Reboot/Renesa Reboot/Prime/Zen_GV5","1.00","500","1.00","10/12/2024"
"","Sanjeet Kumar -  Inventory","Van","PI-39854","RA1237","Blade_Aluminium_Sand Grey_1200mm_Renesa+/Renesa Smart_GV3","0.00","600","0.00","10/12/2024"
"","Sanjeet Kumar -  Inventory","Van","PI-39855","SRMASS0075","Power PCB_Efficio+_Wall Mount_TPW","0.00","499","0.00","10/12/2024"
"","Sanjeet Kumar -  Inventory","Van","PI-39856","SA0097","Stator_CF_0900mm_Renesa/Renesa+/Renesa Smart_GV3","0.00","500","0.00","10/12/2024"
"","Sanjeet Kumar -  Inventory","Van","PI-39857","A022804","Motor Housing_Black_1200mm_Renesa+_GV5","1.00","600","1.00","10/12/2024"
"","Sanjeet Kumar -  Inventory","Van","PI-39858","RA0106","Downrod_Matt Black_CF","0.00","60","0.00","10/12/2024"
"","Sanjeet Kumar -  Inventory","Van","PI-39859","SRA023205","Motor_Midnight Black_1200mm_Renesa+Reboot_GV5","0.00","2500","0.00","10/12/2024"
"","Sanjeet Kumar -  Inventory","Van","PI-39860","SA0001","Rotor_Efficio_GV2","2.00","300","2.00","10/12/2024"
"","Sanjeet Kumar -  Inventory","Van","PI-40646","RA0072","Blade_Aluminium_Pearl White_1200mm_Renesa+/Renesa Smart_GV3","0.00","599","0.00","10/12/2024"
"","Sanjeet Kumar -  Inventory","Van","PI-40647","RA0946","BLDC Motor_Efficio+_TPW","0.00","599","0.00","10/12/2024"
"","Sanjeet Kumar -  Inventory","Van","PI-40648","SA0044","Motor Housing_Pearl White_CF_Renesa+/Renesa Smart_GV3","0.00","590","0.00","10/12/2024"
"","Sanjeet Kumar -  Inventory","Van","PI-40649","RA0918","Deactivated - (old code) Blade_Aluminium_White_1200mm_Renesa Alpha_GV4","0.00","599","0.00","10/12/2024"
"","Sanjeet Kumar -  Inventory","Van","PI-40650","A142201","Blade_Aluminium_White_1200mm_Efficio/Efficio+/Studio_GV2","0.00","599","0.00","10/12/2024"
"","Sanjeet Kumar -  Inventory","Van","PI-43586","RA0183","Diffuser (Bottom Cap)_Black_Renesa_GV3","0.00","60","0.00","10/12/2024"
"","Sanjeet Kumar -  Inventory","Van","PI-43587","RA1238","Deactivated - Motor Housing_Golden_CF_Renesa+/Renesa Smart_GV3","0.00","600","0.00","10/12/2024"
"","Sanjeet Kumar -  Inventory","Van","PI-43588","RA0182","Diffuser (Bottom Cap)_White_Renesa_GV3","0.00","60","0.00","10/12/2024"
"","Sanjeet Kumar -  Inventory","Van","PI-43589","RA0031","Oc Connector_CF","0.00","15","0.00","10/12/2024"
"","Sanjeet Kumar -  Inventory","Van","PI-45945","A1X0827","GV5 PCB Mounting Plate_CF","0.00","50","0.00","10/12/2024"
"","Sanjeet Kumar -  Inventory","Van","PI-45946","A142202","Blade_Aluminium_Brown_1200mm_Efficio/Efficio+/Studio_GV2","0.00","599","0.00","10/12/2024"
"","Sanjeet Kumar -  Inventory","Van","PI-45947","RA0070","Blade_Aluminium_White_1200mm_Renesa_GV3","0.00","599","0.00","10/12/2024"
"","Sanjeet Kumar -  Inventory","Van","PI-45948","RA1240","Blade_Aluminium_Midnight Black_1200mm_Renesa_GV3","0.00","600","0.00","10/12/2024"
"","Sanjeet Kumar -  Inventory","Van","PI-47937","RA0180","Diffuser_Sand Grey_Efficio_GV2","0.00","25","0.00","10/12/2024"
"","Sanjeet Kumar -  Inventory","Van","PI-47938","RA0178","Diffuser_Pearl White_Efficio_GV2","0.00","25","0.00","10/12/2024"
"","Sanjeet Kumar -  Inventory","Van","PI-47939","RA0083","Blade_Aluminium_Earth Brown_1400mm_Renesa+/Renesa Smart_GV3","0.00","599","0.00","10/12/2024"
"","Sanjeet Kumar -  Inventory","Van","PI-47940","RA0179","Diffuser_Brown_Efficio_GV2","0.00","25","0.00","10/12/2024"
"","Sanjeet Kumar -  Inventory","Van","PI-47941","RA0177","Diffuser_Pearl Ivory_Efficio_GV2","3.00","25","3.00","10/12/2024"
"","Sanjeet Kumar -  Inventory","Van","PI-49716","SRA1X1278","Motor_Gloss White_1200mm_Ikano_GV5","0.00","2500","0.00","10/12/2024"
"","Sanjeet Kumar -  Inventory","Van","PI-49717","EA17601","PCB With LED Strip__Aris Starlight_GV5","0.00","500","0.00","10/12/2024"
"","Sanjeet Kumar -  Inventory","Van","PI-50638","SRMF0048","Motor_ Renesa Ceiling Fan 1400MM - Midnight Black_GV3","0.00","2500","0.00","10/12/2024"
"","Sanjeet Kumar -  Inventory","Van","PI-52559","RA0175","PCB Base_CF_Efficio_GV2","1.00","30","1.00","10/12/2024"
"","Sanjeet Kumar -  Inventory","Van","PI-57935","FG0160","Atomberg Studio Exhaust 0150MM - White","0.00","4000","0.00","10/12/2024"
"","Sanjeet Kumar -  Inventory","Van","PI-58253","SRA1X1280","Motor_Gloss Brown_1200mm_Ikano_GV5","0.00","2500","0.00","10/12/2024"
"","Sanjeet Kumar -  Inventory","Van","PI-58917","A1X1082","Blade_Aluminium_White_900mm_Renesa_GV3","0.00","600","0.00","10/12/2024"
"","Sanjeet Kumar -  Inventory","Van","PI-58918","RA0087","Blade_Aluminium_Pearl White_900mm_Renesa+/Renesa Smart_GV3","0.00","599","0.00","10/12/2024"
"","Sanjeet Kumar -  Inventory","Van","PI-58919","RA0085","Blade_Aluminium_Golden Oak_1400mm_Renesa+/Renesa Smart_GV3","0.00","599","0.00","10/12/2024"
"","Sanjeet Kumar -  Inventory","Van","PI-58920","B1X0117","Motor_MG_Black","0.00","2500","0.00","10/12/2024"
"","Sanjeet Kumar -  Inventory","Van","PI-61384","EA05401","Power PCB_Renesa Pedestal/Wall/Table_TPW","0.00","300","0.00","10/12/2024"
"","Sanjeet Kumar -  Inventory","Van","PI-61664","EA03201","PCB Without LED Strip_PCB_GV5","0.00","500","0.00","10/12/2024"
"","Sanjeet Kumar -  Inventory","Van","PI-62620","RA0086","Blade_Aluminium_Pearl White_1400mm_Renesa+/Renesa Smart_GV3","0.00","600","0.00","10/12/2024"
"","Sanjeet Kumar -  Inventory","Van","PI-62621","A1X0137","Blade_Aluminium_White_1200mm_Ikano_GV5","0.00","600","0.00","10/12/2024"
"","Sanjeet Kumar -  Inventory","Van","PI-62622","SRMASS0056","Control PCB_Efficio+_Pedestal_TPW","0.00","349","0.00","10/12/2024"
"","Sanjeet Kumar -  Inventory","Van","PI-62623","A2C0002","Power PCB_Renesa Pedestal Non Swing_TPW","0.00","500","0.00","10/12/2024"
"","Sanjeet Kumar -  Inventory","Van","PI-62624","SRA1X1279","Motor_Gloss Black_1200mm_Ikano_GV5","0.00","2500","0.00","10/12/2024"
"","Sanjeet Kumar -  Inventory","Van","PI-62625","B1X0028","MG 1 Liquidizer jar lid","0.00","500","0.00","10/12/2024"
"","Sanjeet Kumar -  Inventory","Van","PI-63270","RA0994","Plastic Rim lock_Efficio+_Pedaestal_TPW","0.00","9","0.00","10/12/2024"
"","Sanjeet Kumar -  Inventory","Van","PI-63271","SA0080","Oscillation Motor_Efficio_Pedeastal_TPW","0.00","199","0.00","10/12/2024"
"","Sanjeet Kumar -  Inventory","Van","PI-63272","B1C0002","MG 1 Interface PCB","0.00","350","0.00","10/12/2024"
"","Sanjeet Kumar -  Inventory","Van","PI-63273","B1C0001","MG 1 Driver PCB","0.00","1000","0.00","10/12/2024"
"","Sanjeet Kumar -  Inventory","Van","PI-63274","RA0962","Blade Locking Nut_Plastic_Efficio+_Pedestal_TPW","0.00","90","0.00","10/12/2024"
"","Sanjeet Kumar -  Inventory","Van","PI-63275","A1X0134","Deactivated - Bottom Body_Plastic_Gloss Black_Ikano_GV5","0.00","220","0.00","10/12/2024"
"","Sanjeet Kumar -  Inventory","Van","PI-63276","A1X0150","Deactivated - Bottom Body Assembly_Gloss White_900mm_Ikano/Efficio Alpha_GV5","0.00","220","0.00","10/12/2024"
"","Sanjeet Kumar -  Inventory","Van","PI-63277","B1X0044","Wet/Dry jar sub asssembly MG1.0","0.00","450","0.00","10/12/2024"
"","Sanjeet Kumar -  Inventory","Van","PI-63278","RA0993","Deactivated - Wall Mount E+_400mm_Oscillation Motor_TPW_400mm_Wall Mount E+_TPW","0.00","199","0.00","10/12/2024"
"","Sanjeet Kumar -  Inventory","Van","PI-63279","SRMASS0157","Main PCB_Efficio_EXH","0.00","450","0.00","10/12/2024"
"","Sanjeet Kumar -  Inventory","Van","PI-63280","RA0074","Blade_Aluminium_Matt Brown_1200mm_Renesa_GV3","0.00","599","0.00","10/12/2024"
"","Sanjeet Kumar -  Inventory","Van","PI-63679","SRMF0046","Motor_Black_1200mm_Renesa_GV3","0.00","2500","0.00","10/12/2024"
"","Sanjeet Kumar -  Inventory","Van","PI-63680","RA0071","Blade_Aluminium_Earth Brown_1200mm_Renesa+/Renesa Smart_GV3","0.00","599","0.00","10/12/2024"
"","Sanjeet Kumar -  Inventory","Van","PI-63681","A1X1217","Stator_1200mm_Studio+/Renesa Alpha/Naveo_GV4","0.00","500","0.00","10/12/2024"
"","Sanjeet Kumar -  Inventory","Van","PI-63682","RA0077","Blade_Aluminium_White_600mm_Renesa_GV3","0.00","599","0.00","10/12/2024"
"","Sanjeet Kumar -  Inventory","Van","PI-65168","A033005","Canopy_Pearl White_Renesa+_GV5","0.00","150","0.00","10/12/2024"
"","Sanjeet Kumar -  Inventory","Van","PI-66062","RA0073","Blade_Aluminium_Ivory_1200mm_Renesa_GV3","1.00","599","1.00","10/12/2024"
"","Sanjeet Kumar -  Inventory","Van","PI-66366","SRMF0120","Motor_White_1200mm_Renesa Alpha_GV4","0.00","2500","0.00","10/12/2024"
"","Sanjeet Kumar -  Inventory","Van","PI-66367","SRMF0036","Motor_Earth Brown_900mm_Renesa+_GV3","0.00","2500","0.00","10/12/2024"
"","Sanjeet Kumar -  Inventory","Van","PI-67325","SRMASS0160","BLDC Motor_150mm_Studio+_EXH","0.00","599","0.00","10/12/2024"
"","Sanjeet Kumar -  Inventory","Van","PI-67326","RA0057","Blade_Aluminium_Black_1200mm_Efficio/Efficio+/Studio_GV2","0.00","599","0.00","10/12/2024"
"","Sanjeet Kumar -  Inventory","Van","PI-67327","SRMASS0159","Main PCB_Studio+_EXH","0.00","450","0.00","10/12/2024"
"","Sanjeet Kumar -  Inventory","Van","PI-70042","SRA023211","Motor_Aegean Blue_1200mm_Renesa+Reboot_GV5","0.00","2500","0.00","10/12/2024"
"","Sanjeet Kumar -  Inventory","Van","PI-71744","SA0104","Motor Housing_Golden_CF_Renesa+/Renesa Smart_GV3","2.00","600","2.00","10/12/2024"
"","Sanjeet Kumar -  Inventory","Van","PI-71745","SA0103","Motor Housing_Sandan Grey_CF_Renesa+/Renesa Smart_GV3","0.00","600","0.00","10/12/2024"
"","Sanjeet Kumar -  Inventory","Van","PI-72231","RA0988","oscillation Motor_Efficio+_Walal Mount_TPW","0.00","199","0.00","10/12/2024"
"","Sanjeet Kumar -  Inventory","Van","PI-73651","A1X1091","Blade_Aluminium_Aegean Blue_1200mm_Renesa+/Renesa Smart_GV3","0.00","600","0.00","10/12/2024"
"","Sanjeet Kumar -  Inventory","Van","PI-73652","B1X0116","MG1.0 Knob Assembly","0.00","80","0.00","10/12/2024"
"","Sanjeet Kumar -  Inventory","Van","PI-73653","A004001","Motor Bldc_150mm_Studio_EXH","0.00","599","0.00","10/12/2024"
"","Sanjeet Kumar -  Inventory","Van","PI-73654","SRMASS0062","Main PCB_Efficio_Pedestal_TPW","0.00","450","0.00","10/12/2024"
"","Sanjeet Kumar -  Inventory","Van","PI-73655","A1X0601","CF_Universal Remote New","2.00","250","2.00","10/12/2024"
"","Sanjeet Kumar -  Inventory","Van","PI-73656","A101701","Top Canopy_White_1200mm_Aris_IOT_GV5","0.00","150","0.00","10/12/2024"
"","Sanjeet Kumar -  Inventory","Van","PI-73657","A101801","Canopy top plate_White_1200mm_Aris_IOT_GV5","0.00","150","0.00","10/12/2024"
"","Sanjeet Kumar -  Inventory","Van","PI-73658","RA0080","Blade_Aluminium_White_1400mm_Renesa_GV3 & GV5","0.00","599","0.00","10/12/2024"
"","Sanjeet Kumar -  Inventory","Van","PI-73659","SRMASS0059","Display PCB_Efficio_Pedestal_TPW","0.00","350","0.00","10/12/2024"
"","Sanjeet Kumar -  Inventory","Van","PI-76601","A1X0135","Deactivated - Bottom Body Assembly_Brown_Efficio Alpha/Ikano_GV5","0.00","220","0.00","10/12/2024"
"","Sanjeet Kumar -  Inventory","Van","PI-76602","A1X0139","Blade_Aluminium_Gloss Brown_1200mm_Ikano_GV5","0.00","600","0.00","10/12/2024"
"","Sanjeet Kumar -  Inventory","Van","PI-76603","SRA003504","Motor_Marble White_Non-Startlight_CF_1200mm_Aris_IOT_GV5","0.00","2500","0.00","10/12/2024"
"","Sanjeet Kumar -  Inventory","Van","PI-76604","SRA003502","Motor_Marble White_Startlight_CF_1200mm_Aris_IOT_GV5","0.00","2500","0.00","10/12/2024"
"","Sanjeet Kumar -  Inventory","Van","PI-77028","A033006","Canopy Midnight Black Set Pack_GV5","0.00","150","0.00","10/12/2024"
"","Sanjeet Kumar -  Inventory","Van","PI-77971","SRMF0008","Motor_Brown_1200mm_Efficio_GV2","0.00","2500","0.00","10/12/2024"
"","Sanjeet Kumar -  Inventory","Van","PI-78746","SRMF0033","Motor_White_1400mm_Renesa_GV3","0.00","2500","0.00","10/12/2024"
"","Sanjeet Kumar -  Inventory","Van","PI-78747","A026402","Blade_Aluminium_Black_1200mm_Ameza_GV5","0.00","600","0.00","10/12/2024"
"","Sanjeet Kumar -  Inventory","Van","PI-78849","SRMF0028","Motor_White_600mm_Renesa_GV3","0.00","2500","0.00","10/12/2024"
"","Sanjeet Kumar -  Inventory","Van","PI-80360","RA0076","Blade_Aluminium_Natural Oak_1200mm_Renesa+/Renesa Smart_GV3","0.00","599","0.00","10/12/2024"
"","Sanjeet Kumar -  Inventory","Van","PI-80361","SRMF0127","Motor_Golden_1200mm_Renesa+_GV3","0.00","2500","0.00","10/12/2024"
"","Sanjeet Kumar -  Inventory","Van","PI-83827","SRA023209","Motor_Pearl White_1200mm_Renesa Smart+_GV5","0.00","2500","0.00","10/12/2024"
"","Sanjeet Kumar -  Inventory","Van","PI-83828","A1X0136","Deactivated - Bottom Body Assembly_Ivory_Efficio Alpha/Ikano _GV5","0.00","220","0.00","10/12/2024"
"","Sanjeet Kumar -  Inventory","Van","PI-83829","RA0037","Spring_Efficio_ Gv2a_GV2","0.00","25","0.00","10/12/2024"
"","Sanjeet Kumar -  Inventory","Van","PI-83830","A091902","Plastic Bottom Cover along with Screw_Gloss Black_Ikano/Efficio Alpha/Ameza_GV5","0.00","0","0.00","10/12/2024"
"","Sanjeet Kumar -  Inventory","Van","PI-83831","SRA022901","Motor_ Renesa Reboot  Ceiling Fan 1200MM 35 watt - White_GV5","0.00","2500","0.00","10/12/2024"
"","Sanjeet Kumar -  Inventory","Van","PI-84467","SRMF0031","Motor_White_1200mm_Renesa_GV3","0.00","2500","0.00","10/12/2024"
"","Sanjeet Kumar -  Inventory","Van","PI-84468","SRA023204","Motor_Pearl White_1200mm_Renesa+Reboot_GV5","0.00","2500","0.00","10/12/2024"
"","Sanjeet Kumar -  Inventory","Van","PI-84622","A063803","Blade_Aluminium_Brown_Efficio Alpha/Ameza _GV5","0.00","600","0.00","10/12/2024"
"","Sanjeet Kumar -  Inventory","Van","PI-85030","A1X0170","Blade_Aluminium_Marble White_1200mm_Studio+_GV5","0.00","600","0.00","10/12/2024"
"","Sanjeet Kumar -  Inventory","Van","PI-96184","A141701","Surge Protection Device Module Assembly_CF","0.00","0","0.00","10/12/2024"
"","Sanjeet Kumar -  Inventory","Van","PI-96185","RA0051","Blade_Aluminium_Brown_1400mm_Efficio/Efficio+/Studio_GV2","0.00","599","0.00","10/12/2024"
"","Sanjeet Kumar -  Inventory","Van","PI-96186","A022801","Motor Housing White_Renesa/Renesa+/Renesa Smart+ GV5","0.00","500","0.00","10/12/2024"
"","Sanjeet Kumar -  Inventory","Van","PI-96695","EA07701","PCB_Renesa_900mm/1400mm_GV5.0 Reboot PCBA _Nuvoton+UCC-70 Micron_GV5","0.00","500","0.00","10/12/2024"
"","Sanjeet Kumar -  Inventory","Van","PI-97570","SA0022","Main PCB_CF_1400mm_Efficio_Reg_35W_GV2","0.00","500","0.00","10/12/2024"
"","Sanjeet Kumar -  Inventory","Van","PI-97571","RA0082","Blade_Aluminium_Brown_1400mm_Renesa/Renesa+/Renesa Smart_GV3 & GV5","0.00","599","0.00","10/12/2024"
"","Sanjeet Kumar -  Inventory","Van","PI-97572","SRMF0032","Motor_Brown_1400mm_Renesa_GV3","0.00","2500","0.00","10/12/2024"
"","Sanjeet Kumar -  Inventory","Van","PI-97940","RA0924","Body_Top Plastic Assembly_Gloss Black_Alpha/Renesa Zen/Prime_GV5","0.00","220","0.00","10/12/2024"
"","Sanjeet Kumar -  Inventory","Van","PI-98914","RA1408","Blade_Aluminium_Sand Grey_900mm_Renesa+/Renesa Smart_GV3","0.00","600","0.00","10/12/2024"
"","Sanjeet Kumar -  Inventory","Van","PI-98915","SRA3X0017","Motor_Snow White_400mm_Renesa Wall Mount Fan_TPW","0.00","2500","0.00","10/12/2024"
"","Sanjeet Kumar -  Inventory","Van","PI-98916","EA08401","PCB_Renesa Prime_GV5 (Capacitor)","3.00","500","3.00","10/12/2024"
"","Sanjeet Kumar -  Inventory","Van","PI-100697","SPR0172","Top Motor Housing_Metal_Studio+_GV4","2.00","484","2.00","10/12/2024"
"","Sanjeet Kumar -  Inventory","Van","PI-100698","EA12401","PCB_White LED_Efficio Alpha/Enzel _GV5","3.00","500","3.00","10/12/2024"
"","Sanjeet Kumar -  Inventory","Van","PI-100699","RA0148","Canopy_White_CF_Renesa_GV3","0.00","150","0.00","10/12/2024"
"","Sanjeet Kumar -  Inventory","Van","PI-101292","A091904","Plastic Bottom Cover along with Screw_Gloss Ivory_Ameza_GV5","0.00","0","0.00","10/12/2024"
"","Sanjeet Kumar -  Inventory","Van","PI-102666","A1X1038","Bottom Cover_Umber Brown_1200mm_Erica Smart_GV5","0.00","220","0.00","10/12/2024"
"","Sanjeet Kumar -  Inventory","Van","PI-102667","A033001","Canopy_White_Renesa+_GV5","0.00","150","0.00","10/12/2024"
"","Sanjeet Kumar -  Inventory","Van","PI-103602","SRA3X0040","Motor_Midnight Black_400mm_Renesa Wall Mount Fan_TPW","0.00","2500","0.00","10/12/2024"
"","Sanjeet Kumar -  Inventory","Van","PI-103996","A022807","Motor Housing_Pearl white_Renesa+_GV5","0.00","600","0.00","10/12/2024"
"","Sanjeet Kumar -  Inventory","Van","PI-103997","A2X0003","Heavy  Base_Renesa/Stelios/Stelios Pro/Izar Pedestal_TPW","0.00","80","0.00","10/12/2024"
"","Sanjeet Kumar -  Inventory","Van","PI-103998","A1X1083","Blade_Aluminium_Midnight Black_900mm_Renesa_GV3","0.00","600","0.00","10/12/2024"
"","Sanjeet Kumar -  Inventory","Van","PI-103999","A2X0140","Top Rod_Midnight Black_Renesa/Stelios/Stelios Pro/Izar Pedestal_TPW","0.00","80","0.00","10/12/2024"
"","Sanjeet Kumar -  Inventory","Van","PI-106056","RA0145","Canopy_Brown_CF_Renesa_GV3","0.00","150","0.00","10/12/2024"
"","Sanjeet Kumar -  Inventory","Van","PI-106065","SRA2M0150","BLDC Motor_Renesa_TPW","1.00","700","1.00","10/12/2024"
"","Sanjeet Kumar -  Inventory","Van","PI-106670","SA0085","Motor Housing_Gloss Ivory_Efficio Alpha/Ikano/Ameza_GV5","0.00","300","0.00","10/12/2024"
"","Sanjeet Kumar -  Inventory","Van","PI-106671","A091905","Plastic Bottom Cover along with Screw_Gloss White_Ikano/Efficio Alpha_GV5","0.00","0","0.00","10/12/2024"
"","Sanjeet Kumar -  Inventory","Van","PI-107796","A091906","Plastic Bottom Cover along with Screw_Gloss Brown_Ikano/Efficio Alpha_GV5","0.00","0","0.00","10/12/2024"
"","Sanjeet Kumar -  Inventory","Van","PI-107797","A047002","Blade_Aluminium_Ikano_900mm - GLOSS BLACK_GV5","0.00","600","0.00","10/12/2024"
"","Sanjeet Kumar -  Inventory","Van","PI-107798","A091907","Plastic Bottom Cover along with Screw_Gloss Ivory_Ikano/Efficio Alpha_GV5","0.00","0","0.00","10/12/2024"
"","Sanjeet Kumar -  Inventory","Van","PI-107799","SA0100","Stator_900mm_CF_GV5","0.00","220","0.00","10/12/2024"
"","Sanjeet Kumar -  Inventory","Van","PI-109596","RA0919","Body_Top Plastic Assembly_Gloss Brown_Alpha/Renesa Zen/Prime_GV5","0.00","220","0.00","10/12/2024"
"","Sanjeet Kumar -  Inventory","Van","PI-110705","A029702","Blade_Plastic_White_1200mm_Aris_IOT_GV5","0.00","600","0.00","10/12/2024"
"","Sanjeet Kumar -  Inventory","Van","PI-112051","A1X1085","Blade_Aluminium_Matte brown_900mm_Renesa_GV3","0.00","600","0.00","10/12/2024"
"","Sanjeet Kumar -  Inventory","Van","PI-112052","A096502","Blade_Aluminium_Pebble Grey_1200mm_Renesa R Smart_GV5","0.00","600","0.00","10/12/2024"
"","Sanjeet Kumar -  Inventory","Van","PI-112053","B1X0151","Chopper Jar Assembly_MG1/Zenova/Yulia_MG","0.00","550","0.00","10/12/2024"
"","Sanjeet Kumar -  Inventory","Van","PI-116672","B1X0106","Motor_MG_Wine Red","0.00","2500","0.00","10/12/2024"
"","Sanjeet Kumar -  Inventory","Van","PI-116859","SA0084","Motor Housing_Gloss Brown_Efficio Alpha/Ikano/Ameza_GV5","1.00","300","1.00","10/12/2024"
"","Sanjeet Kumar -  Inventory","Van","PI-116860","A3X0036","Remote_Renesa Pedestal/Wall/Table/Stelios Pro/Izar Pedestal_TPW","0.00","250","0.00","10/12/2024"
"","Sanjeet Kumar -  Inventory","Van","PI-117980","A159801","MG1.1 SS Jar Set with Lids Service","2.00","0","2.00","10/12/2024"
"","Sanjeet Kumar -  Inventory","Van","PI-118651","RA0914","Body_Top Plastic Assembly_Gloss White_Alpha/Renesa Zen/Prime_GV5","0.00","150","0.00","10/12/2024"
"","Sanjeet Kumar -  Inventory","Van","PI-121177","B1C0003","MG 1 Sensor PCB","0.00","150","0.00","10/12/2024"
"","Sanjeet Kumar -  Inventory","Van","PI-121179","SA0083","Motor Housing_white_1200mm_Ikano/Enerio_GV5","0.00","300","0.00","10/12/2024"
"","Sanjeet Kumar -  Inventory","Van","PI-122436","A003401","Stator_1200mm_Aris_GV5","0.00","0","0.00","10/12/2024"
"","Sanjeet Kumar -  Inventory","Van","PI-127179","A110601","Blade_Aluminium_Pebble Grey_Ikano_GV5","0.00","0","0.00","10/12/2024"
"","Sanjeet Kumar -  Inventory","Van","PI-127180","A086901","Plastic Blade_Marble White_Aris Contour_GV5","0.00","0","0.00","10/12/2024"
"","Sanjeet Kumar -  Inventory","Van","PI-128600","RA1236","Blade_Aluminium_Golden_1200mm_Renesa+/Renesa Smart_GV3","0.00","600","0.00","10/12/2024"
"","Sanjeet Kumar -  Inventory","Van","PI-128677","A064110","Blade_Aluminium_Gloss White_Renesa Prime_GV5","0.00","600","0.00","10/12/2024"
"","Sanjeet Kumar -  Inventory","Van","PI-140826","A002902","Top Cover Assembly_White_Aris_IOT_GV5","0.00","220","0.00","10/12/2024"
"","Sanjeet Kumar -  Inventory","Van","PI-143534","EA02401","Digital PCB_Renesa Wall Mount_TPW","0.00","350","0.00","10/12/2024"
"","Sanjeet Kumar -  Inventory","Van","PI-143543","A2C0003","Interface PCB_Renesa Pedestal Non Swing_TPW","1.00","150","1.00","10/12/2024"
"","Sanjeet Kumar -  Inventory","Van","PI-145996","A040002","Blade_Aluminium_White_1200mm_Studio+Reboot_GV5","0.00","600","0.00","10/12/2024"
"","Sanjeet Kumar -  Inventory","Van","PI-795625","TestProduct","Test PCB","0.00","0","0.00","10/12/2024"
"","Sanjeet Kumar -  Inventory","Van","PI-822126","EA18601","Updated STM32_PCB_White LED_Efficio Alpha/Enzel/Azor _GV5","0.00","0","0.00","10/12/2024"
"","Sanjeet Kumar -  Inventory","Van","PI-824639","EA20801","Updated STM32_PCB_Enerio 28W_GV5","0.00","0","0.00","10/12/2024"
"","Sanjeet Kumar -  Inventory","Van","PI-826882","SA0102","Motor Housing_Aegean Blue_CF_Renesa+/Renesa Smart_GV3","1.00","600","1.00","10/12/2024"
"","Sanjeet Kumar -  Inventory","Van","PI-852101","EA12301","Updated STM32 PCB C0_0.6M/0.9M/1.2M/ 1.4M_ Renesa/Renesa+/Studio+/Ikano/Prime_GV5","5.00","0","5.00","10/12/2024"
"","Sanjeet Kumar -  Inventory","Van","PI-858404","A3H0017","5 Pin Wire harness_Renesa Walrus/Pedestal_Black_TPW","0.00","0","0.00","10/12/2024"
"","Sanjeet Kumar -  Inventory","Van","PI-863271","A064116","Blade_Aluminium_Enzel/Renesa Zen_1200mm_Dark Walnut_GV5","0.00","0","0.00","10/12/2024"
"","Sanjeet Kumar -  Inventory","Van","PI-865813","A064120","Blade_Aluminium_Enzel/Renesa Zen_1200mm_Maplewood_GV5","0.00","0","0.00","10/12/2024"
"","Sanjeet Kumar -  Inventory","Van","PI-868355","A064118","Blade_Aluminium_Enzel/Renesa Zen_1200mm_Mistly Teal_GV5","0.00","0","0.00","10/12/2024"
"","Sanjeet Kumar -  Inventory","Van","PI-870897","A064119","Blade_Aluminium_Enzel/Renesa Zen_1200mm_Pebble Grey_GV5","0.00","0","0.00","10/12/2024"
"","Sanjeet Kumar -  Inventory","Van","PI-873439","A170501","Updated Motor housing_Renesa Prime_GV5","0.00","0","0.00","10/12/2024"
"","Sanjeet Kumar -  Inventory","Van","PI-888812","SA0105","Updated Plastic body with screw_Pebble Grey_Prime/Enzel/Zen_GV5","0.00","0","0.00","10/12/2024"
"","Sanjeet Kumar -  Inventory","Van","PI-891365","SA0106","Updated Plastic body with screw_Gloss White_Prime/Enzel/Zen_GV5","0.00","0","0.00","10/12/2024"
"","Sanjeet Kumar -  Inventory","Van","PI-893918","SA0107","Updated Plastic body with screw_Gloss Black_Prime/Enzel/Zen_GV5","0.00","0","0.00","10/12/2024"
"","Sanjeet Kumar -  Inventory","Van","PI-896471","SA0108","Updated Plastic body with screw_Gloss Brown_Prime/Enzel/Zen_GV5","0.00","0","0.00","10/12/2024"
"","Sanjeet Kumar -  Inventory","Van","PI-898837","RA0146","Canopy_Black_CF_Renesa_GV3","2.00","150","2.00","10/12/2024"
"","Sanjeet Kumar -  Inventory","Van","PI-915244","TestSa001","PCB_Regulator_1200mm_Renesa Alpha_GV4Test","0.00","0","0.00","10/12/2024"
"","Sanjeet Kumar -  Inventory","Van","PI-920483","EA07101","Sensor PCB_Zenova_MG","0.00","0","0.00","10/12/2024"
"","Sanjeet Kumar -  Inventory","Van","PI-959901","A023101","Motor Housing_Grey_Renesa+_GV5","0.00","600","0.00","10/12/2024"
"","Sanjeet Kumar -  Inventory","Van","PI-960196","A029703","Blade_Plastic_Steller Black_1200mm_Aris_IOT_GV5","0.00","0","0.00","10/12/2024"
"","Sanjeet Kumar -  Inventory","Van","PI-962797","A101703","Top Canopy_Steller Black_1200mm_Aris_IOT_GV5","0.00","0","0.00","10/12/2024"
"","Sanjeet Kumar -  Inventory","Van","PI-965398","A101803","Canopy top Plate_steller black_1200mm_Aris_IOT_GV5","0.00","0","0.00","10/12/2024"
"","Sanjeet Kumar -  Inventory","Van","PI-967999","A102003","Middle upper canopy_Steller black_Aris_GV5","0.00","0","0.00","10/12/2024"
"","Sanjeet Kumar -  Inventory","Van","PI-970600","A102203","Middle Lower canopy_Steller black_Aris_GV5","0.00","0","0.00","10/12/2024"
"","Sanjeet Kumar -  Inventory","Van","PI-973201","A102403","Bottom Canopy_Steller Black_1220mm_Aris_IOT_GV5","0.00","0","0.00","10/12/2024"
"","Sanjeet Kumar -  Inventory","Van","PI-975802","A006402","False cover_Aris_GV5","0.00","0","0.00","10/12/2024"
"","Sanjeet Kumar -  Inventory","Van","PI-978403","A006505","Bottom cover_Steller black_Aris_GV5","0.00","0","0.00","10/12/2024"
"","Sanjeet Kumar -  Inventory","Van","PI-981004","A002903","Motor Housing_Steller Black_1200mm_Aris_IOT_GV5","0.00","0","0.00","10/12/2024"
"","Sanjeet Kumar -  Inventory","Van","PI-989048","A158402","Motor & Jar Coupler Set_MG1.0/Zenova/Maple_MG","0.00","0","0.00","10/12/2024"
"","Sanjeet Kumar -  Inventory","Van","PI-991649","SA0110","Grill Belt Assembly_Black_Renesa Pedestal/Wall/Table/Stelios Pro/Izar Pedestal_TPW","0.00","0","0.00","10/12/2024"
"","Sanjeet Kumar -  Inventory","Van","PI-994250","SA0109","Grill belt assembly_White_Renesa/Stelios/Izar Pedestal_TPW","0.00","0","0.00","10/12/2024"
"","Sanjeet Kumar -  Inventory","Van","PI-1000418","RA1348","FG replacement Tags","0.00","0","0.00","10/12/2024"
"","Sanjeet Kumar -  Inventory","Van","PI-1004182","RA1631","Service Cello Tape (Yellow - 3INX65M)","0.00","0","0.00","10/12/2024"
"","Sanjeet Kumar -  Inventory","Van","PI-1006787","RA1632","Defective Spares Tag","0.00","0","0.00","10/12/2024"
"","Sanjeet Kumar -  Inventory","Van","PI-1009392","RA1633","Defective FG Replacement seal","0.00","0","0.00","10/12/2024"
"","Sanjeet Kumar -  Inventory","Van","PI-1024852","A073415","Downrod_Aegean Blue_CF","0.00","0","0.00","10/12/2024"
"","Sanjeet Kumar -  Inventory","Van","PI-1049127","A073406","Downrod_Golden_CF","0.00","0","0.00","10/12/2024"
"","Sanjeet Kumar -  Inventory","Van","PI-1052139","A091911","Bottom Cover_Ameza_GV5","0.00","0","0.00","10/12/2024"
"","Sanjeet Kumar -  Inventory","Van","PI-1055151","EA16901","Updated_PCB STM32_1200mm_Erica/Ameza/Renesa Zen_1 LED_GV5","0.00","0","0.00","10/12/2024"
"","Sanjeet Kumar -  Inventory","Van","PI-1058163","A112503","Canopy_Sea Sand Ivory_Ameza_GV5","0.00","0","0.00","10/12/2024"
"","Sanjeet Kumar -  Inventory","Van","PI-1061375","A073401","Downrod_Earth Brown_CF_Studio+_GV4","0.00","60","0.00","10/12/2024"
"","Sanjeet Kumar -  Inventory","Van","PI-1065591","A064113","Blade_Aluminium_SS Ivory_Renesa Prime _GV5","0.00","0","0.00","10/12/2024"
"","Sanjeet Kumar -  Inventory","Van","PI-1680955","EA17701","PCB 41W_Aris non-starlight_GV5","0.00","0","0.00","10/12/2024"
"","Ramesh Sonar Inventory","Van","PI-0268","SA0060","Power PCB (Without Potting) BL_CF_Renesa_GV3","0.00","400","0.00","10/12/2024"
"","Ramesh Sonar Inventory","Van","PI-0269","SA0011","Consolidate PCB GV3_CF_Renesa+_GV3","0.00","350","0.00","10/12/2024"
"","Ramesh Sonar Inventory","Van","PI-0540","SA0019","Consolidate PCB GV2_CF__Efficio_GV2","5.00","500","5.00","10/12/2024"
"","Ramesh Sonar Inventory","Van","PI-0541","SA0001","Rotor_Efficio_GV2","0.00","300","0.00","10/12/2024"
"","Ramesh Sonar Inventory","Van","PI-0542","B1X0044","Wet/Dry jar sub asssembly MG1.0","0.00","450","0.00","10/12/2024"
"","Ramesh Sonar Inventory","Van","PI-0543","B1X0031","Liquidizer jar sub assembly MG1.0","0.00","500","0.00","10/12/2024"
"","Ramesh Sonar Inventory","Van","PI-0544","SRA026302","Motor_Gloss Black_1200mm_Ameza_GV5","0.00","2500","0.00","10/12/2024"
"","Ramesh Sonar Inventory","Van","PI-87872","A039904","Blade_Aluminium_Umber Brown_1200mm_Erica_GV5","0.00","600","0.00","10/12/2024"
"","Ramesh Sonar Inventory","Van","PI-88711","A091902","Plastic Bottom Cover along with Screw_Gloss Black_Ikano/Efficio Alpha/Ameza_GV5","0.00","0","0.00","10/12/2024"
"","Ramesh Sonar Inventory","Van","PI-89823","RA0919","Body_Top Plastic Assembly_Gloss Brown_Alpha/Renesa Zen/Prime_GV5","1.00","220","1.00","10/12/2024"
"","Ramesh Sonar Inventory","Van","PI-95241","A141701","Surge Protection Device Module Assembly_CF","0.00","0","0.00","10/12/2024"
"","Ramesh Sonar Inventory","Van","PI-95879","A091905","Plastic Bottom Cover along with Screw_Gloss White_Ikano/Efficio Alpha_GV5","0.00","0","0.00","10/12/2024"
"","Ramesh Sonar Inventory","Van","PI-3414","SA0061","Power PCB (Without Potting) WH_CF_Renesa_GV3","0.00","400","0.00","10/12/2024"
"","Ramesh Sonar Inventory","Van","PI-3415","RA1239","Deactivated - Motor Housing_Sandan Grey_CF_Renesa+/Renesa Smart_GV3","0.00","600","0.00","10/12/2024"
"","Ramesh Sonar Inventory","Van","PI-3416","SA0041","Motor Housing_White_CF_Renesa_GV3","0.00","590","0.00","10/12/2024"
"","Ramesh Sonar Inventory","Van","PI-3417","SA0042","Motor Housing_Brown_CF_Renesa_GV3","0.00","590","0.00","10/12/2024"
"","Ramesh Sonar Inventory","Van","PI-3418","SA0044","Motor Housing_Pearl White_CF_Renesa+/Renesa Smart_GV3","0.00","590","0.00","10/12/2024"
"","Ramesh Sonar Inventory","Van","PI-3419","SA0040","Motor Housing_Black_CF_Renesa_GV3","0.00","590","0.00","10/12/2024"
"","Ramesh Sonar Inventory","Van","PI-3420","SA0045","Motor Housing_Earth Brown_CF_Renesa+/Renesa Smart_GV3","0.00","590","0.00","10/12/2024"
"","Ramesh Sonar Inventory","Van","PI-3434","EA04101","PCB_Renesa/Renesa+/Ikano/Sudio+ STM8s, 70micron  (6 LED)_GV5","0.00","500","0.00","10/12/2024"
"","Ramesh Sonar Inventory","Van","PI-3435","EA03001","Smart PCB Phoenix Led_PCB_1200mm_GV5","0.00","700","0.00","10/12/2024"
"","Ramesh Sonar Inventory","Van","PI-3436","SA0056","Stator_CF_1200mm_Renesa/Renesa+/Renesa Smart_GV3","0.00","500","0.00","10/12/2024"
"","Ramesh Sonar Inventory","Van","PI-3437","SA0039","PCB_Remote_1200mm_Studio+_GV4","0.00","500","0.00","10/12/2024"
"","Ramesh Sonar Inventory","Van","PI-3438","SA0057","Stator_CF_1200mm_Efficio/Efficio+/Studio_GV2","0.00","500","0.00","10/12/2024"
"","Ramesh Sonar Inventory","Van","PI-3439","A1X0601","CF_Universal Remote New","0.00","250","0.00","10/12/2024"
"","Ramesh Sonar Inventory","Van","PI-3440","RA0037","Spring_Efficio_ Gv2a_GV2","0.00","25","0.00","10/12/2024"
"","Ramesh Sonar Inventory","Van","PI-3441","RA0028","Bearing 6202_CF","0.00","60","0.00","10/12/2024"
"","Ramesh Sonar Inventory","Van","PI-3621","B1X0056","Chutney jar sub assembly MG1.0","0.00","450","0.00","10/12/2024"
"","Ramesh Sonar Inventory","Van","PI-3662","RA0345","Circlip Pin_CF_Renesa_GV3","0.00","9","0.00","10/12/2024"
"","Ramesh Sonar Inventory","Van","PI-3663","SA0021","Main PCB_CF_1200mm_Efficio_Reg_28W_GV2","0.00","500","0.00","10/12/2024"
"","Ramesh Sonar Inventory","Van","PI-3664","SA0020","Sensor PCB_CF","1.00","60","1.00","10/12/2024"
"","Ramesh Sonar Inventory","Van","PI-3638","SPR0172","Top Motor Housing_Metal_Studio+_GV4","0.00","484","0.00","10/12/2024"
"","Ramesh Sonar Inventory","Van","PI-3639","A1C0009","Deactivated - PCB_Studio+/Ikano_(STM8s, 35micron Six LED)_GV5","0.00","500","0.00","10/12/2024"
"","Ramesh Sonar Inventory","Van","PI-3640","SA0038","PCB_Regulator_1200mm_Renesa Alpha_GV4","0.00","500","0.00","10/12/2024"
"","Ramesh Sonar Inventory","Van","PI-3641","A1X1217","Stator_1200mm_Studio+/Renesa Alpha/Naveo_GV4","0.00","500","0.00","10/12/2024"
"","Ramesh Sonar Inventory","Van","PI-3642","A022804","Motor Housing_Black_1200mm_Renesa+_GV5","0.00","600","0.00","10/12/2024"
"","Ramesh Sonar Inventory","Van","PI-3643","EA01701","PCB_Erica/Ameza/Renesa Zen_GV5 (STM8s,70micron single LED)","0.00","500","0.00","10/12/2024"
"","Ramesh Sonar Inventory","Van","PI-3680","SA0098","Stator_CF_1400mm_Renesa/Renesa+/Renesa Smart_GV3","0.00","500","0.00","10/12/2024"
"","Ramesh Sonar Inventory","Van","PI-3738","RA0072","Blade_Aluminium_Pearl White_1200mm_Renesa+/Renesa Smart_GV3","0.00","599","0.00","10/12/2024"
"","Ramesh Sonar Inventory","Van","PI-3739","RA0070","Blade_Aluminium_White_1200mm_Renesa_GV3","0.00","599","0.00","10/12/2024"
"","Ramesh Sonar Inventory","Van","PI-3823","RA0038","Spring_CF_Renesa_GV3","0.00","25","0.00","10/12/2024"
"","Ramesh Sonar Inventory","Van","PI-4041","SA0055","Stator_CF_600mm_Renesa/Renesa+/Renesa Smart_GV3","0.00","500","0.00","10/12/2024"
"","Ramesh Sonar Inventory","Van","PI-4042","SA0097","Stator_CF_0900mm_Renesa/Renesa+/Renesa Smart_GV3","0.00","500","0.00","10/12/2024"
"","Ramesh Sonar Inventory","Van","PI-4043","RA0031","Oc Connector_CF","0.00","15","0.00","10/12/2024"
"","Ramesh Sonar Inventory","Van","PI-4044","SRMASS0060","Display PCB_Efficio+_Pedestal_TPW","0.00","349","0.00","10/12/2024"
"","Ramesh Sonar Inventory","Van","PI-4045","SRMASS0074","Power PCB_Efficio+_Pedestal_TPW","0.00","499","0.00","10/12/2024"
"","Ramesh Sonar Inventory","Van","PI-4046","RA0848","Blade_Aluminium_Earth Brown_1200mm_Studio+_GV4","0.00","599","0.00","10/12/2024"
"","Ramesh Sonar Inventory","Van","PI-4047","SRMASS0062","Main PCB_Efficio_Pedestal_TPW","0.00","450","0.00","10/12/2024"
"","Ramesh Sonar Inventory","Van","PI-35852","SRMASS0075","Power PCB_Efficio+_Wall Mount_TPW","0.00","499","0.00","10/12/2024"
"","Ramesh Sonar Inventory","Van","PI-35853","RA0946","BLDC Motor_Efficio+_TPW","0.00","599","0.00","10/12/2024"
"","Ramesh Sonar Inventory","Van","PI-35854","SRMASS0159","Main PCB_Studio+_EXH","0.00","450","0.00","10/12/2024"
"","Ramesh Sonar Inventory","Van","PI-35855","SRMASS0158","BLDC Motor_200mm_Efficio_EXH","0.00","635","0.00","10/12/2024"
"","Ramesh Sonar Inventory","Van","PI-35856","RA0074","Blade_Aluminium_Matt Brown_1200mm_Renesa_GV3","0.00","599","0.00","10/12/2024"
"","Ramesh Sonar Inventory","Van","PI-35857","SRMASS0157","Main PCB_Efficio_EXH","0.00","450","0.00","10/12/2024"
"","Ramesh Sonar Inventory","Van","PI-35858","RA0182","Diffuser (Bottom Cap)_White_Renesa_GV3","0.00","60","0.00","10/12/2024"
"","Ramesh Sonar Inventory","Van","PI-35859","SRMASS0058","Digital PCB_Efficio+_Wall Mount_TPW","0.00","350","0.00","10/12/2024"
"","Ramesh Sonar Inventory","Van","PI-35860","RA0183","Diffuser (Bottom Cap)_Black_Renesa_GV3","0.00","60","0.00","10/12/2024"
"","Ramesh Sonar Inventory","Van","PI-35861","SRMASS0160","BLDC Motor_150mm_Studio+_EXH","0.00","599","0.00","10/12/2024"
"","Ramesh Sonar Inventory","Van","PI-35862","SRA1X1281","Motor_Gloss Ivory_1200mm_Ikano_GV5","0.00","2500","0.00","10/12/2024"
"","Ramesh Sonar Inventory","Van","PI-39880","FG0222","Atomberg Studio+ Ceiling Fan 1200MM SPC41235RM- Earth Brown_GV5","0.00","4000","0.00","10/12/2024"
"","Ramesh Sonar Inventory","Van","PI-39881","SRA036401","Motor_Snow White_1200mm_Erica Smart_GV5","0.00","2500","0.00","10/12/2024"
"","Ramesh Sonar Inventory","Van","PI-44075","SRMASS0056","Control PCB_Efficio+_Pedestal_TPW","0.00","349","0.00","10/12/2024"
"","Ramesh Sonar Inventory","Van","PI-44076","A2C0002","Power PCB_Renesa Pedestal Non Swing_TPW","0.00","500","0.00","10/12/2024"
"","Ramesh Sonar Inventory","Van","PI-44077","RA1238","Deactivated - Motor Housing_Golden_CF_Renesa+/Renesa Smart_GV3","0.00","600","0.00","10/12/2024"
"","Ramesh Sonar Inventory","Van","PI-44078","SA0043","Motor Housing_Ivory_CF_Renesa_GV3","0.00","590","0.00","10/12/2024"
"","Ramesh Sonar Inventory","Van","PI-44079","SA0087","PCB_Main_1200mm_Ozeo_GV4","0.00","500","0.00","10/12/2024"
"","Ramesh Sonar Inventory","Van","PI-44080","RA0178","Diffuser_Pearl White_Efficio_GV2","0.00","25","0.00","10/12/2024"
"","Ramesh Sonar Inventory","Van","PI-44081","RA0177","Diffuser_Pearl Ivory_Efficio_GV2","0.00","25","0.00","10/12/2024"
"","Ramesh Sonar Inventory","Van","PI-44082","RA0179","Diffuser_Brown_Efficio_GV2","0.00","25","0.00","10/12/2024"
"","Ramesh Sonar Inventory","Van","PI-44083","SA0102","Motor Housing_Aegean Blue_CF_Renesa+/Renesa Smart_GV3","0.00","600","0.00","10/12/2024"
"","Ramesh Sonar Inventory","Van","PI-44084","SA0010","Digital PCB_1200mm_Renesa Smart+_GV3","0.00","350","0.00","10/12/2024"
"","Ramesh Sonar Inventory","Van","PI-44085","RA0180","Diffuser_Sand Grey_Efficio_GV2","0.00","25","0.00","10/12/2024"
"","Ramesh Sonar Inventory","Van","PI-46697","RA1237","Blade_Aluminium_Sand Grey_1200mm_Renesa+/Renesa Smart_GV3","0.00","600","0.00","10/12/2024"
"","Ramesh Sonar Inventory","Van","PI-46698","SA0059","Stator_CF_1050/900mm_Efficio_GV2","0.00","500","0.00","10/12/2024"
"","Ramesh Sonar Inventory","Van","PI-46699","RA1240","Blade_Aluminium_Midnight Black_1200mm_Renesa_GV3","0.00","600","0.00","10/12/2024"
"","Ramesh Sonar Inventory","Van","PI-49723","SRMF0128","Motor_Sand Grey_1200mm_Renesa+_GV3","0.00","2500","0.00","10/12/2024"
"","Ramesh Sonar Inventory","Van","PI-49724","A1X0137","Blade_Aluminium_White_1200mm_Ikano_GV5","0.00","600","0.00","10/12/2024"
"","Ramesh Sonar Inventory","Van","PI-50610","RA1236","Blade_Aluminium_Golden_1200mm_Renesa+/Renesa Smart_GV3","0.00","600","0.00","10/12/2024"
"","Ramesh Sonar Inventory","Van","PI-52108","FG0237","Atomberg Erica Ceiling Fan 1200MM - Umber Brown GV5","0.00","4000","0.00","10/12/2024"
"","Ramesh Sonar Inventory","Van","PI-52109","SRMF0041","Motor_Pearl White_1400mm_Renesa+_GV3","0.00","2500","0.00","10/12/2024"
"","Ramesh Sonar Inventory","Van","PI-52110","RA0075","Blade_Aluminium_G-Oak_1200mm_Renesa+/Renesa Smart_GV3","0.00","599","0.00","10/12/2024"
"","Ramesh Sonar Inventory","Van","PI-52111","SRMF0010","Motor_black_1200mm_Efficio_GV2","0.00","2500","0.00","10/12/2024"
"","Ramesh Sonar Inventory","Van","PI-52558","A1X0139","Blade_Aluminium_Gloss Brown_1200mm_Ikano_GV5","0.00","600","0.00","10/12/2024"
"","Ramesh Sonar Inventory","Van","PI-53418","SA0099","Stator_1200mm_Erica/Ikano/Ameza/Studio+Reboot/Renesa Reboot/Prime/Zen_GV5","0.00","500","0.00","10/12/2024"
"","Ramesh Sonar Inventory","Van","PI-53985","SA0022","Main PCB_CF_1400mm_Efficio_Reg_35W_GV2","0.00","500","0.00","10/12/2024"
"","Ramesh Sonar Inventory","Van","PI-54482","RA1250","Deactivated - Blade_Aluminium_Earth Brown_1200mm_Renesa+/Renesa Smart_GV3","0.00","600","0.00","10/12/2024"
"","Ramesh Sonar Inventory","Van","PI-54489","RA0071","Blade_Aluminium_Earth Brown_1200mm_Renesa+/Renesa Smart_GV3","0.00","599","0.00","10/12/2024"
"","Ramesh Sonar Inventory","Van","PI-55417","A1X0136","Deactivated - Bottom Body Assembly_Ivory_Efficio Alpha/Ikano _GV5","0.00","220","0.00","10/12/2024"
"","Ramesh Sonar Inventory","Van","PI-55418","A1X0140","Blade_Aluminium_Gloss Ivory_1200mm_Ikano_GV5","0.00","600","0.00","10/12/2024"
"","Ramesh Sonar Inventory","Van","PI-57258","SRMF0036","Motor_Earth Brown_900mm_Renesa+_GV3","0.00","2500","0.00","10/12/2024"
"","Ramesh Sonar Inventory","Van","PI-58007","SRA1X1280","Motor_Gloss Brown_1200mm_Ikano_GV5","0.00","2500","0.00","10/12/2024"
"","Ramesh Sonar Inventory","Van","PI-58261","EA17601","PCB With LED Strip__Aris Starlight_GV5","0.00","500","0.00","10/12/2024"
"","Ramesh Sonar Inventory","Van","PI-58916","A023101","Motor Housing_Grey_Renesa+_GV5","0.00","600","0.00","10/12/2024"
"","Ramesh Sonar Inventory","Van","PI-59316","A1X0804","Canopy Plate_Pearl White_CF_Studio+_GV4","0.00","60","0.00","10/12/2024"
"","Ramesh Sonar Inventory","Van","PI-60263","RA0088","Blade_Aluminium_Earth Brown_900mm_Renesa+/Renesa Smart_GV3","0.00","599","0.00","10/12/2024"
"","Ramesh Sonar Inventory","Van","PI-60264","A004001","Motor Bldc_150mm_Studio_EXH","0.00","599","0.00","10/12/2024"
"","Ramesh Sonar Inventory","Van","PI-60956","SRA1X1278","Motor_Gloss White_1200mm_Ikano_GV5","0.00","2500","0.00","10/12/2024"
"","Ramesh Sonar Inventory","Van","PI-61280","SRA1X1081","Motor_Marble White_1200mm_Studio+Reboot_GV5","0.00","2500","0.00","10/12/2024"
"","Ramesh Sonar Inventory","Van","PI-61333","SRA2M0150","BLDC Motor_Renesa_TPW","0.00","700","0.00","10/12/2024"
"","Ramesh Sonar Inventory","Van","PI-61385","A040002","Blade_Aluminium_White_1200mm_Studio+Reboot_GV5","0.00","600","0.00","10/12/2024"
"","Ramesh Sonar Inventory","Van","PI-61945","RA0087","Blade_Aluminium_Pearl White_900mm_Renesa+/Renesa Smart_GV3","0.00","599","0.00","10/12/2024"
"","Ramesh Sonar Inventory","Van","PI-62020","RA0089","Blade_Aluminium_G-Oak_900mm_Renesa+/Renesa Smart_GV3","0.00","599","0.00","10/12/2024"
"","Ramesh Sonar Inventory","Van","PI-62226","RA0106","Downrod_Matt Black_CF","0.00","60","0.00","10/12/2024"
"","Ramesh Sonar Inventory","Van","PI-62227","RA0146","Canopy_Black_CF_Renesa_GV3","0.00","150","0.00","10/12/2024"
"","Ramesh Sonar Inventory","Van","PI-63872","EA07701","PCB_Renesa_900mm/1400mm_GV5.0 Reboot PCBA _Nuvoton+UCC-70 Micron_GV5","0.00","500","0.00","10/12/2024"
"","Ramesh Sonar Inventory","Van","PI-64148","A056101","Blade_Aluminium_Renesa+ Reboot _1200_1200MM - UMBER BROWN_GV5","0.00","600","0.00","10/12/2024"
"","Ramesh Sonar Inventory","Van","PI-64149","SRA022904","Motor_Mn Black_1200mm_Renesa Reboot_GV5","0.00","2500","0.00","10/12/2024"
"","Ramesh Sonar Inventory","Van","PI-64565","SA0103","Motor Housing_Sandan Grey_CF_Renesa+/Renesa Smart_GV3","0.00","600","0.00","10/12/2024"
"","Ramesh Sonar Inventory","Van","PI-64566","A022806","Motor Housing_Metallic Golden_1200mm_Renesa Reboot_GV5","0.00","600","0.00","10/12/2024"
"","Ramesh Sonar Inventory","Van","PI-66287","RA1409","Blade_Aluminium_Midnight Black_600mm_Renesa_GV3","0.00","600","0.00","10/12/2024"
"","Ramesh Sonar Inventory","Van","PI-66288","A1X1082","Blade_Aluminium_White_900mm_Renesa_GV3","0.00","600","0.00","10/12/2024"
"","Ramesh Sonar Inventory","Van","PI-66289","RA0173","Sensor Holder_CF","0.00","30","0.00","10/12/2024"
"","Ramesh Sonar Inventory","Van","PI-66553","A1X0150","Deactivated - Bottom Body Assembly_Gloss White_900mm_Ikano/Efficio Alpha_GV5","0.00","220","0.00","10/12/2024"
"","Ramesh Sonar Inventory","Van","PI-69541","A1X0138","Blade_Aluminium_Black_1200mm_Ikano_GV5","0.00","600","0.00","10/12/2024"
"","Ramesh Sonar Inventory","Van","PI-69542","A1X0134","Deactivated - Bottom Body_Plastic_Gloss Black_Ikano_GV5","0.00","220","0.00","10/12/2024"
"","Ramesh Sonar Inventory","Van","PI-71481","SA0104","Motor Housing_Golden_CF_Renesa+/Renesa Smart_GV3","0.00","600","0.00","10/12/2024"
"","Ramesh Sonar Inventory","Van","PI-72655","SRA023204","Motor_Pearl White_1200mm_Renesa+Reboot_GV5","0.00","2500","0.00","10/12/2024"
"","Ramesh Sonar Inventory","Van","PI-73152","SRMF0127","Motor_Golden_1200mm_Renesa+_GV3","0.00","2500","0.00","10/12/2024"
"","Ramesh Sonar Inventory","Van","PI-73840","RA1408","Blade_Aluminium_Sand Grey_900mm_Renesa+/Renesa Smart_GV3","0.00","600","0.00","10/12/2024"
"","Ramesh Sonar Inventory","Van","PI-75844","A101701","Top Canopy_White_1200mm_Aris_IOT_GV5","0.00","150","0.00","10/12/2024"
"","Ramesh Sonar Inventory","Van","PI-75845","A1X0801","(Old canopy) Canopy Bottom_Pearl White_CF_Studio+_GV4","0.00","85","0.00","10/12/2024"
"","Ramesh Sonar Inventory","Van","PI-75846","A1X0802","(Old canopy) Canopy TOP_Pearl White_CF_Studio+_GV4","0.00","150","0.00","10/12/2024"
"","Ramesh Sonar Inventory","Van","PI-75847","A101801","Canopy top plate_White_1200mm_Aris_IOT_GV5","0.00","150","0.00","10/12/2024"
"","Ramesh Sonar Inventory","Van","PI-75848","A1X0805","Blade_Aluminium_Pearl White_1200mm_Studio+_GV4","0.00","599","0.00","10/12/2024"
"","Ramesh Sonar Inventory","Van","PI-76699","RA0082","Blade_Aluminium_Brown_1400mm_Renesa/Renesa+/Renesa Smart_GV3 & GV5","0.00","599","0.00","10/12/2024"
"","Ramesh Sonar Inventory","Van","PI-76700","RA0098","Downrod_Brown_CF_Efficio_GV2","0.00","60","0.00","10/12/2024"
"","Ramesh Sonar Inventory","Van","PI-76701","RA0145","Canopy_Brown_CF_Renesa_GV3","0.00","150","0.00","10/12/2024"
"","Ramesh Sonar Inventory","Van","PI-76702","A1X0135","Deactivated - Bottom Body Assembly_Brown_Efficio Alpha/Ikano_GV5","0.00","220","0.00","10/12/2024"
"","Ramesh Sonar Inventory","Van","PI-79874","B1C0002","MG 1 Interface PCB","0.00","350","0.00","10/12/2024"
"","Ramesh Sonar Inventory","Van","PI-79875","B1C0001","MG 1 Driver PCB","0.00","1000","0.00","10/12/2024"
"","Ramesh Sonar Inventory","Van","PI-79876","RA0073","Blade_Aluminium_Ivory_1200mm_Renesa_GV3","0.00","599","0.00","10/12/2024"
"","Ramesh Sonar Inventory","Van","PI-79877","B1C0003","MG 1 Sensor PCB","3.00","150","0.00","10/12/2024"
"","Ramesh Sonar Inventory","Van","PI-79878","SA0080","Oscillation Motor_Efficio_Pedeastal_TPW","0.00","199","0.00","10/12/2024"
"","Ramesh Sonar Inventory","Van","PI-80167","B1X0117","Motor_MG_Black","0.00","2500","0.00","10/12/2024"
"","Ramesh Sonar Inventory","Van","PI-81794","RA0924","Body_Top Plastic Assembly_Gloss Black_Alpha/Renesa Zen/Prime_GV5","0.00","220","0.00","10/12/2024"
"","Ramesh Sonar Inventory","Van","PI-83156","SRA022908","Motor_ Renesa Reboot  Ceiling Fan 900MM 35 watt - MIDNIGHT BLACK_GV5","0.00","2500","0.00","10/12/2024"
"","Ramesh Sonar Inventory","Van","PI-85008","EA05401","Power PCB_Renesa Pedestal/Wall/Table_TPW","0.00","300","0.00","10/12/2024"
"","Ramesh Sonar Inventory","Van","PI-85773","A091906","Plastic Bottom Cover along with Screw_Gloss Brown_Ikano/Efficio Alpha_GV5","0.00","0","0.00","10/12/2024"
"","Ramesh Sonar Inventory","Van","PI-97204","RA0914","Body_Top Plastic Assembly_Gloss White_Alpha/Renesa Zen/Prime_GV5","0.00","150","0.00","10/12/2024"
"","Ramesh Sonar Inventory","Van","PI-97205","EA12401","PCB_White LED_Efficio Alpha/Enzel _GV5","0.00","500","0.00","10/12/2024"
"","Ramesh Sonar Inventory","Van","PI-98517","A1X1055","Blade_Aluminium_SnowWhite_1200mm_Erica_GV5","0.00","600","0.00","10/12/2024"
"","Ramesh Sonar Inventory","Van","PI-99665","A091904","Plastic Bottom Cover along with Screw_Gloss Ivory_Ameza_GV5","0.00","0","0.00","10/12/2024"
"","Ramesh Sonar Inventory","Van","PI-100282","A091903","Plastic Bottom Cover along with Screw_Gloss Brown_Ameza_GV5","0.00","0","0.00","10/12/2024"
"","Ramesh Sonar Inventory","Van","PI-101064","A091907","Plastic Bottom Cover along with Screw_Gloss Ivory_Ikano/Efficio Alpha_GV5","0.00","0","0.00","10/12/2024"
"","Ramesh Sonar Inventory","Van","PI-102133","A033006","Canopy Midnight Black Set Pack_GV5","0.00","150","0.00","10/12/2024"
"","Ramesh Sonar Inventory","Van","PI-103227","A1X1038","Bottom Cover_Umber Brown_1200mm_Erica Smart_GV5","0.00","220","0.00","10/12/2024"
"","Ramesh Sonar Inventory","Van","PI-105807","A022805","Motor Housing_Earth Brown_Renesa+_GV5","0.00","220","0.00","10/12/2024"
"","Ramesh Sonar Inventory","Van","PI-107335","A159801","MG1.1 SS Jar Set with Lids Service","0.00","0","0.00","10/12/2024"
"","Ramesh Sonar Inventory","Van","PI-111969","SA0085","Motor Housing_Gloss Ivory_Efficio Alpha/Ikano/Ameza_GV5","0.00","300","0.00","10/12/2024"
"","Ramesh Sonar Inventory","Van","PI-112300","EA02301","Interface PCB_Renesa Pedestal/Table_TPW","0.00","0","0.00","10/12/2024"
"","Ramesh Sonar Inventory","Van","PI-112479","EA05301","SMART PCBA /Phoenix-1 LED_PCB_GV5","0.00","700","0.00","10/12/2024"
"","Ramesh Sonar Inventory","Van","PI-112581","EA03201","PCB Without LED Strip_PCB_GV5","0.00","500","0.00","10/12/2024"
"","Ramesh Sonar Inventory","Van","PI-113714","A1X1106","Blade_Aluminium_Pearl White_600mm_Renesa+/Renesa Smart_GV3","0.00","600","0.00","10/12/2024"
"","Ramesh Sonar Inventory","Van","PI-114246","SA0086","Motor Housing_Gloss Black_Efficio Alpha/Ikano/Ameza _GV5","0.00","300","0.00","10/12/2024"
"","Ramesh Sonar Inventory","Van","PI-114728","B1X0106","Motor_MG_Wine Red","0.00","2500","0.00","10/12/2024"
"","Ramesh Sonar Inventory","Van","PI-116136","A143901","Bottom Rod(Long)_Renesa/Stelios/Stelios Pro Pedestal Fan_Snow White_TPW","0.00","100","0.00","10/12/2024"
"","Ramesh Sonar Inventory","Van","PI-116137","A2X0140","Top Rod_Midnight Black_Renesa/Stelios/Stelios Pro/Izar Pedestal_TPW","0.00","80","0.00","10/12/2024"
"","Ramesh Sonar Inventory","Van","PI-116446","A144001","Extention Rod (Long) Black_TPW","0.00","80","0.00","10/12/2024"
"","Ramesh Sonar Inventory","Van","PI-116460","RA0852","(Old canopy) TopCanopy_Earth Brown_CF_Studio+_GV4","0.00","150","0.00","10/12/2024"
"","Ramesh Sonar Inventory","Van","PI-116461","A1X0827","GV5 PCB Mounting Plate_CF","2.00","50","2.00","10/12/2024"
"","Ramesh Sonar Inventory","Van","PI-116804","A1X1007","Bottom Cover Assembly_White_Erica_GV5","0.00","220","0.00","10/12/2024"
"","Ramesh Sonar Inventory","Van","PI-116805","A1X1004","Motor Housing_Snow White_Erica_GV5","0.00","220","0.00","10/12/2024"
"","Ramesh Sonar Inventory","Van","PI-116806","A1X0042","Bottom Body_Plastic_Sand Grey_Studio+Reboot_GV5","0.00","220","0.00","10/12/2024"
"","Ramesh Sonar Inventory","Van","PI-116962","A029701","Blade_Plastic_Dark wood_1200mm_Aris_IOT_GV5","0.00","600","0.00","10/12/2024"
"","Ramesh Sonar Inventory","Van","PI-118653","RA0855","(Old canopy) Bottom_Canopy_Sand Grey_CF_Studio+_GV4","0.00","85","0.00","10/12/2024"
"","Ramesh Sonar Inventory","Van","PI-119633","SA0100","Stator_900mm_CF_GV5","0.00","220","0.00","10/12/2024"
"","Ramesh Sonar Inventory","Van","PI-119634","A1X1036","Bottom Cover Assembly_Pink_Erica_GV5","0.00","80","0.00","10/12/2024"
"","Ramesh Sonar Inventory","Van","PI-120256","A002901","Top Cover Assembly_Black_1200mm_Aris_IOT_GV5","0.00","220","0.00","10/12/2024"
"","Ramesh Sonar Inventory","Van","PI-120257","A003401","Stator_1200mm_Aris_GV5","0.00","0","0.00","10/12/2024"
"","Ramesh Sonar Inventory","Van","PI-120258","A1X1080","Motor Housing_Lotus Pink_Erica_GV5","0.00","220","0.00","10/12/2024"
"","Ramesh Sonar Inventory","Van","PI-120942","A1X0035","(Old canopy) Canopy_RightPart_Sand Grey_Studio+_GV5","0.00","50","0.00","10/12/2024"
"","Ramesh Sonar Inventory","Van","PI-120943","A1X0034","(Old canopy) Canopy_LeftPart_Sand Grey_Studio+_GV5","0.00","50","0.00","10/12/2024"
"","Ramesh Sonar Inventory","Van","PI-120944","A055701","(Old canopy) Canopy Screw Pouch_CF_Studio+Smart_GV5","0.00","150","0.00","10/12/2024"
"","Ramesh Sonar Inventory","Van","PI-122434","A063804","Blade_Aluminium_Ivory_Efficio Alpha _GV5","0.00","600","0.00","10/12/2024"
"","Ramesh Sonar Inventory","Van","PI-123778","A1X1282","Motor Housing_Sand Grey_Studio+Reboot_GV5","0.00","220","0.00","10/12/2024"
"","Ramesh Sonar Inventory","Van","PI-125583","A022801","Motor Housing White_Renesa/Renesa+/Renesa Smart+ GV5","0.00","500","0.00","10/12/2024"
"","Ramesh Sonar Inventory","Van","PI-125584","A022807","Motor Housing_Pearl white_Renesa+_GV5","0.00","600","0.00","10/12/2024"
"","Ramesh Sonar Inventory","Van","PI-128050","A029702","Blade_Plastic_White_1200mm_Aris_IOT_GV5","0.00","600","0.00","10/12/2024"
"","Ramesh Sonar Inventory","Van","PI-140347","EA07501","Main Power PCB_Aris Contour_GV5","0.00","0","0.00","10/12/2024"
"","Ramesh Sonar Inventory","Van","PI-140348","EA08501","Digital PCB _Aris Contour_GV5","0.00","0","0.00","10/12/2024"
"","Ramesh Sonar Inventory","Van","PI-140580","A040007","Blade_Aluminium_White Teakwood_Studio+_GV5","0.00","0","0.00","10/12/2024"
"","Ramesh Sonar Inventory","Van","PI-140581","A1X0051","Blade_Aluminium_Sand Grey_1200mm_Studio+Reboot_GV5","0.00","600","0.00","10/12/2024"
"","Ramesh Sonar Inventory","Van","PI-143180","A033005","Canopy_Pearl White_Renesa+_GV5","0.00","150","0.00","10/12/2024"
"","Ramesh Sonar Inventory","Van","PI-143181","RA0147","Canopy_Pearl White_CF_Renesa Smart+_GV3","0.00","150","0.00","10/12/2024"
"","Ramesh Sonar Inventory","Van","PI-143182","A1X1095","Motor Housing_Umber Brown_1200mm_Erica Smart_GV5","0.00","220","0.00","10/12/2024"
"","Ramesh Sonar Inventory","Van","PI-143183","A033008","Canopy_Matte Brown_Renesa+_GV5","0.00","150","0.00","10/12/2024"
"","Ramesh Sonar Inventory","Van","PI-143184","A1X1087","Canopy_White Set_Erica_GV5","0.00","150","0.00","10/12/2024"
"","Ramesh Sonar Inventory","Van","PI-143204","A002902","Top Cover Assembly_White_Aris_IOT_GV5","0.00","220","0.00","10/12/2024"
"","Ramesh Sonar Inventory","Van","PI-143650","RA0051","Blade_Aluminium_Brown_1400mm_Efficio/Efficio+/Studio_GV2","0.00","599","0.00","10/12/2024"
"","Ramesh Sonar Inventory","Van","PI-795624","TestProduct","Test PCB","0.00","0","0.00","10/12/2024"
"","Ramesh Sonar Inventory","Van","PI-803554","EA12301","Updated STM32 PCB C0_0.6M/0.9M/1.2M/ 1.4M_ Renesa/Renesa+/Studio+/Ikano/Prime_GV5","5.00","0","5.00","10/12/2024"
"","Ramesh Sonar Inventory","Van","PI-803555","RA0862","(Old canopy) CanopyPlate_Earth Brown_CF_Studio+_GV4","0.00","60","0.00","10/12/2024"
"","Ramesh Sonar Inventory","Van","PI-803556","B1X0116","MG1.0 Knob Assembly","0.00","80","0.00","10/12/2024"
"","Ramesh Sonar Inventory","Van","PI-822125","EA18601","Updated STM32_PCB_White LED_Efficio Alpha/Enzel/Azor _GV5","0.00","0","0.00","10/12/2024"
"","Ramesh Sonar Inventory","Van","PI-824638","EA20801","Updated STM32_PCB_Enerio 28W_GV5","0.00","0","0.00","10/12/2024"
"","Ramesh Sonar Inventory","Van","PI-856781","SA0058","Stator_CF_1400mm_Efficio/Efficio+/Studio_GV2","0.00","500","0.00","10/12/2024"
"","Ramesh Sonar Inventory","Van","PI-856782","A1X0102","(Old canopy) Canopy_Studio+ LH_Earth Brown_GV5","0.00","50","0.00","10/12/2024"
"","Ramesh Sonar Inventory","Van","PI-858403","A3H0017","5 Pin Wire harness_Renesa Walrus/Pedestal_Black_TPW","0.00","0","0.00","10/12/2024"
"","Ramesh Sonar Inventory","Van","PI-863270","A064116","Blade_Aluminium_Enzel/Renesa Zen_1200mm_Dark Walnut_GV5","0.00","0","0.00","10/12/2024"
"","Ramesh Sonar Inventory","Van","PI-865812","A064120","Blade_Aluminium_Enzel/Renesa Zen_1200mm_Maplewood_GV5","0.00","0","0.00","10/12/2024"
"","Ramesh Sonar Inventory","Van","PI-868354","A064118","Blade_Aluminium_Enzel/Renesa Zen_1200mm_Mistly Teal_GV5","0.00","0","0.00","10/12/2024"
"","Ramesh Sonar Inventory","Van","PI-870896","A064119","Blade_Aluminium_Enzel/Renesa Zen_1200mm_Pebble Grey_GV5","0.00","0","0.00","10/12/2024"
"","Ramesh Sonar Inventory","Van","PI-873438","A170501","Updated Motor housing_Renesa Prime_GV5","0.00","0","0.00","10/12/2024"
"","Ramesh Sonar Inventory","Van","PI-888335","A082201","Motor Housing_Marble White_Aris Contour_GV5","0.00","0","0.00","10/12/2024"
"","Ramesh Sonar Inventory","Van","PI-888336","A068801","Stator Assembly_Aris Contour_GV5","0.00","0","0.00","10/12/2024"
"","Ramesh Sonar Inventory","Van","PI-888811","SA0105","Updated Plastic body with screw_Pebble Grey_Prime/Enzel/Zen_GV5","0.00","0","0.00","10/12/2024"
"","Ramesh Sonar Inventory","Van","PI-891364","SA0106","Updated Plastic body with screw_Gloss White_Prime/Enzel/Zen_GV5","0.00","0","0.00","10/12/2024"
"","Ramesh Sonar Inventory","Van","PI-893917","SA0107","Updated Plastic body with screw_Gloss Black_Prime/Enzel/Zen_GV5","0.00","0","0.00","10/12/2024"
"","Ramesh Sonar Inventory","Van","PI-896470","SA0108","Updated Plastic body with screw_Gloss Brown_Prime/Enzel/Zen_GV5","0.00","0","0.00","10/12/2024"
"","Ramesh Sonar Inventory","Van","PI-915243","TestSa001","PCB_Regulator_1200mm_Renesa Alpha_GV4Test","0.00","0","0.00","10/12/2024"
"","Ramesh Sonar Inventory","Van","PI-920482","EA07101","Sensor PCB_Zenova_MG","0.00","0","0.00","10/12/2024"
"","Ramesh Sonar Inventory","Van","PI-960195","A029703","Blade_Plastic_Steller Black_1200mm_Aris_IOT_GV5","0.00","0","0.00","10/12/2024"
"","Ramesh Sonar Inventory","Van","PI-962796","A101703","Top Canopy_Steller Black_1200mm_Aris_IOT_GV5","0.00","0","0.00","10/12/2024"
"","Ramesh Sonar Inventory","Van","PI-965397","A101803","Canopy top Plate_steller black_1200mm_Aris_IOT_GV5","0.00","0","0.00","10/12/2024"
"","Ramesh Sonar Inventory","Van","PI-967998","A102003","Middle upper canopy_Steller black_Aris_GV5","0.00","0","0.00","10/12/2024"
"","Ramesh Sonar Inventory","Van","PI-970599","A102203","Middle Lower canopy_Steller black_Aris_GV5","0.00","0","0.00","10/12/2024"
"","Ramesh Sonar Inventory","Van","PI-973200","A102403","Bottom Canopy_Steller Black_1220mm_Aris_IOT_GV5","0.00","0","0.00","10/12/2024"
"","Ramesh Sonar Inventory","Van","PI-975801","A006402","False cover_Aris_GV5","0.00","0","0.00","10/12/2024"
"","Ramesh Sonar Inventory","Van","PI-978402","A006505","Bottom cover_Steller black_Aris_GV5","0.00","0","0.00","10/12/2024"
"","Ramesh Sonar Inventory","Van","PI-981003","A002903","Motor Housing_Steller Black_1200mm_Aris_IOT_GV5","0.00","0","0.00","10/12/2024"
"","Ramesh Sonar Inventory","Van","PI-989047","A158402","Motor & Jar Coupler Set_MG1.0/Zenova/Maple_MG","0.00","0","0.00","10/12/2024"
"","Ramesh Sonar Inventory","Van","PI-991648","SA0110","Grill Belt Assembly_Black_Renesa Pedestal/Wall/Table/Stelios Pro/Izar Pedestal_TPW","0.00","0","0.00","10/12/2024"
"","Ramesh Sonar Inventory","Van","PI-994249","SA0109","Grill belt assembly_White_Renesa/Stelios/Izar Pedestal_TPW","0.00","0","0.00","10/12/2024"
"","Ramesh Sonar Inventory","Van","PI-1000417","RA1348","FG replacement Tags","0.00","0","0.00","10/12/2024"
"","Ramesh Sonar Inventory","Van","PI-1004181","RA1631","Service Cello Tape (Yellow - 3INX65M)","0.00","0","0.00","10/12/2024"
"","Ramesh Sonar Inventory","Van","PI-1006786","RA1632","Defective Spares Tag","0.00","0","0.00","10/12/2024"
"","Ramesh Sonar Inventory","Van","PI-1009391","RA1633","Defective FG Replacement seal","0.00","0","0.00","10/12/2024"
"","Ramesh Sonar Inventory","Van","PI-1024851","A073415","Downrod_Aegean Blue_CF","0.00","0","0.00","10/12/2024"
"","Ramesh Sonar Inventory","Van","PI-1049126","A073406","Downrod_Golden_CF","0.00","0","0.00","10/12/2024"
"","Ramesh Sonar Inventory","Van","PI-1052138","A091911","Bottom Cover_Ameza_GV5","0.00","0","0.00","10/12/2024"
"","Ramesh Sonar Inventory","Van","PI-1055150","EA16901","Updated_PCB STM32_1200mm_Erica/Ameza/Renesa Zen_1 LED_GV5","2.00","0","2.00","10/12/2024"
"","Ramesh Sonar Inventory","Van","PI-1058162","A112503","Canopy_Sea Sand Ivory_Ameza_GV5","0.00","0","0.00","10/12/2024"
"","Ramesh Sonar Inventory","Van","PI-1061374","A073401","Downrod_Earth Brown_CF_Studio+_GV4","0.00","60","0.00","10/12/2024"
"","Ramesh Sonar Inventory","Van","PI-1065590","A064113","Blade_Aluminium_SS Ivory_Renesa Prime _GV5","0.00","0","0.00","10/12/2024"
"","Ramesh Sonar Inventory","Van","PI-1299225","SA0101","Stator_1400mm_GV5","0.00","500","0.00","10/12/2024"
"","Ramesh Sonar Inventory","Van","PI-1378502","A2X0027","Synchronous Motor_Renesa/Stelios/Stelios Pro_TPW","0.00","150","0.00","10/12/2024"
"","Ramesh Sonar Inventory","Van","PI-1384107","RA0863","(Old canopy) Canopy_Plate_Sand Grey_CF_Studio+_GV4","0.00","60","0.00","10/12/2024"
"","Ramesh Sonar Inventory","Van","PI-1509954","A1X0170","Blade_Aluminium_Marble White_1200mm_Studio+_GV5","0.00","600","0.00","10/12/2024"
"","Ramesh Sonar Inventory","Van","PI-1680966","EA17701","PCB 41W_Aris non-starlight_GV5","0.00","0","0.00","10/12/2024"
"","Ramesh Sonar Inventory","Van","PI-1684521","A2X0057","Front Grill Snow  White_TPW","0.00","80","0.00","10/12/2024"
"","Ramesh Sonar Inventory","Van","PI-1684522","A2X0055","Rear Grill Snow White_TPW","0.00","80","0.00","10/12/2024"
"","Ramesh Sonar Inventory","Van","PI-1684523","A3X0005","Hook Plate_TPW","0.00","80","0.00","10/12/2024"
"","Ramesh Sonar Inventory","Van","PI-1684524","A3X0016","Grill Decor Snow white_Renesa Pedesatal_Non Swing_TPW","0.00","80","0.00","10/12/2024"
"","Ramesh Sonar Inventory","Van","PI-1684525","A2X0023","Swivel Bearing_Renesa Pedestal/Wall/Table/Stelios Pro Pedestal_TPW","0.00","0","0.00","10/12/2024"
"","Ramesh Sonar Inventory","Van","PI-1754919","A3X0006","Mounting PlateTPW","0.00","80","0.00","10/12/2024"
"","Ramesh Sonar Inventory","Van","PI-1754920","A027301","Front Grill_Snow White_Stelios Pro/Izar Pedestal_TPW","0.00","0","0.00","10/12/2024"
"","Ramesh Sonar Inventory","Van","PI-1754921","A027401","Rear Grill_Snow White_Stelios Pro Pedestal/Izar Pedestal_TPW","0.00","0","0.00","10/12/2024"
"","Ramesh Sonar Inventory","Van","PI-1852827","A1X0169","Blade_Aluminium_Earth Brown_1200mm_Studio+ Reboot_GV5","0.00","600","0.00","10/12/2024"
"","Ramesh Sonar Inventory","Van","PI-1852828","A033601","Remote_Aris_IOT_GV5","0.00","250","0.00","10/12/2024"
"","Ramesh Sonar Inventory","Van","PI-1852829","A096502","Blade_Aluminium_Pebble Grey_1200mm_Renesa R Smart_GV5","0.00","600","0.00","10/12/2024"
"","Ramesh Sonar Inventory","Van","PI-1869065","A142202","Blade_Aluminium_Brown_1200mm_Efficio/Efficio+/Studio_GV2","0.00","599","0.00","10/12/2024"
"","Ramesh Sonar Inventory","Van","PI-2311784","DS","","0.00","1","0.00","10/12/2024"
"","Ramesh Sonar Inventory","Van","PI-2446513","B1X0151","Chopper Jar Assembly_MG1/Zenova/Yulia_MG","0.00","550","0.00","10/12/2024"
"","Ramesh Sonar Inventory","Van","PI-3144919","A229901","Faucet_Assembly_Tap","0.00","31","0.00","10/12/2024"
"","Ramesh Sonar Inventory","Van","PI-3145059","A233301","Lexcru_Booster_Kit_Assembly","0.00","0","0.00","10/12/2024"
"","Ramesh Sonar Inventory","Van","PI-3616759","EA12701","Smart PCB_Flamingo_6LED_1200mm_Renesa/Renesa+/Halo/Studio+_GV5","0.00","0","0.00","10/12/2024"
"","Ramesh Sonar Inventory","Van","PI-3661342","EA24801","Smart Phoenix PCB_900mm_Renesa Halo_GV5","3.00","0","3.00","10/12/2024"
"","Ramesh Sonar Inventory","Van","PI-3681218","EA30901","PCB_Aluminum_STM32_1200mm_Renesa Prime/Crest/Ikano_GV5","2.00","0","2.00","10/12/2024"
"","Adesh Vartak - Inventory","Van","PI-0270","MASS0061","Deactivated - Main PCB_CF_1200mm_Efficio_GV2","0.00","500","0.00","10/12/2024"
"","Adesh Vartak - Inventory","Van","PI-95808","EA12401","PCB_White LED_Efficio Alpha/Enzel _GV5","0.00","500","0.00","10/12/2024"
"","Adesh Vartak - Inventory","Van","PI-95809","A091902","Plastic Bottom Cover along with Screw_Gloss Black_Ikano/Efficio Alpha/Ameza_GV5","2.00","0","2.00","10/12/2024"
"","Adesh Vartak - Inventory","Van","PI-95810","A141701","Surge Protection Device Module Assembly_CF","0.00","0","0.00","10/12/2024"
"","Adesh Vartak - Inventory","Van","PI-45109","SA0060","Power PCB (Without Potting) BL_CF_Renesa_GV3","4.00","400","4.00","10/12/2024"
"","Adesh Vartak - Inventory","Van","PI-45110","SA0011","Consolidate PCB GV3_CF_Renesa+_GV3","2.00","350","2.00","10/12/2024"
"","Adesh Vartak - Inventory","Van","PI-45111","SA0061","Power PCB (Without Potting) WH_CF_Renesa_GV3","5.00","400","5.00","10/12/2024"
"","Adesh Vartak - Inventory","Van","PI-45112","RA1239","Deactivated - Motor Housing_Sandan Grey_CF_Renesa+/Renesa Smart_GV3","0.00","600","0.00","10/12/2024"
"","Adesh Vartak - Inventory","Van","PI-45230","SA0056","Stator_CF_1200mm_Renesa/Renesa+/Renesa Smart_GV3","4.00","500","4.00","10/12/2024"
"","Adesh Vartak - Inventory","Van","PI-45231","SA0045","Motor Housing_Earth Brown_CF_Renesa+/Renesa Smart_GV3","2.00","590","2.00","10/12/2024"
"","Adesh Vartak - Inventory","Van","PI-45232","RA1238","Deactivated - Motor Housing_Golden_CF_Renesa+/Renesa Smart_GV3","0.00","600","0.00","10/12/2024"
"","Adesh Vartak - Inventory","Van","PI-45233","SA0044","Motor Housing_Pearl White_CF_Renesa+/Renesa Smart_GV3","0.00","590","0.00","10/12/2024"
"","Adesh Vartak - Inventory","Van","PI-45234","SA0040","Motor Housing_Black_CF_Renesa_GV3","3.00","590","3.00","10/12/2024"
"","Adesh Vartak - Inventory","Van","PI-45405","A1X0827","GV5 PCB Mounting Plate_CF","2.00","50","2.00","10/12/2024"
"","Adesh Vartak - Inventory","Van","PI-45406","SA0099","Stator_1200mm_Erica/Ikano/Ameza/Studio+Reboot/Renesa Reboot/Prime/Zen_GV5","4.00","500","4.00","10/12/2024"
"","Adesh Vartak - Inventory","Van","PI-45431","SA0010","Digital PCB_1200mm_Renesa Smart+_GV3","3.00","350","3.00","10/12/2024"
"","Adesh Vartak - Inventory","Van","PI-45648","SA0041","Motor Housing_White_CF_Renesa_GV3","2.00","590","2.00","10/12/2024"
"","Adesh Vartak - Inventory","Van","PI-45649","SA0042","Motor Housing_Brown_CF_Renesa_GV3","2.00","590","2.00","10/12/2024"
"","Adesh Vartak - Inventory","Van","PI-45725","FG0204","Atomberg_MG 1.0 Black with Chopper jar","0.00","5000","0.00","10/12/2024"
"","Adesh Vartak - Inventory","Van","PI-47648","SA0039","PCB_Remote_1200mm_Studio+_GV4","0.00","500","0.00","10/12/2024"
"","Adesh Vartak - Inventory","Van","PI-47649","EA03001","Smart PCB Phoenix Led_PCB_1200mm_GV5","0.00","700","0.00","10/12/2024"
"","Adesh Vartak - Inventory","Van","PI-47650","SA0097","Stator_CF_0900mm_Renesa/Renesa+/Renesa Smart_GV3","1.00","500","1.00","10/12/2024"
"","Adesh Vartak - Inventory","Van","PI-47662","SA0038","PCB_Regulator_1200mm_Renesa Alpha_GV4","0.00","500","0.00","10/12/2024"
"","Adesh Vartak - Inventory","Van","PI-47663","EA01701","PCB_Erica/Ameza/Renesa Zen_GV5 (STM8s,70micron single LED)","0.00","500","0.00","10/12/2024"
"","Adesh Vartak - Inventory","Van","PI-47664","SA0087","PCB_Main_1200mm_Ozeo_GV4","0.00","500","0.00","10/12/2024"
"","Adesh Vartak - Inventory","Van","PI-47866","EA04101","PCB_Renesa/Renesa+/Ikano/Sudio+ STM8s, 70micron  (6 LED)_GV5","0.00","500","0.00","10/12/2024"
"","Adesh Vartak - Inventory","Van","PI-49835","SA0102","Motor Housing_Aegean Blue_CF_Renesa+/Renesa Smart_GV3","0.00","600","0.00","10/12/2024"
"","Adesh Vartak - Inventory","Van","PI-49836","A1X0601","CF_Universal Remote New","2.00","250","2.00","10/12/2024"
"","Adesh Vartak - Inventory","Van","PI-50127","A022804","Motor Housing_Black_1200mm_Renesa+_GV5","0.00","600","0.00","10/12/2024"
"","Adesh Vartak - Inventory","Van","PI-50128","RA0038","Spring_CF_Renesa_GV3","2.00","25","2.00","10/12/2024"
"","Adesh Vartak - Inventory","Van","PI-50129","RA0345","Circlip Pin_CF_Renesa_GV3","0.00","9","0.00","10/12/2024"
"","Adesh Vartak - Inventory","Van","PI-50245","RA0071","Blade_Aluminium_Earth Brown_1200mm_Renesa+/Renesa Smart_GV3","0.00","599","0.00","10/12/2024"
"","Adesh Vartak - Inventory","Van","PI-50246","SRMF0038","Motor_Earth Brown_1200mm_Renesa+_GV3","0.00","2500","0.00","10/12/2024"
"","Adesh Vartak - Inventory","Van","PI-50292","A1X0805","Blade_Aluminium_Pearl White_1200mm_Studio+_GV4","0.00","599","0.00","10/12/2024"
"","Adesh Vartak - Inventory","Van","PI-50894","SA0057","Stator_CF_1200mm_Efficio/Efficio+/Studio_GV2","0.00","500","0.00","10/12/2024"
"","Adesh Vartak - Inventory","Van","PI-50895","RA0040","Blade_Aluminium_Ivory_1200mm_Efficio_GV2","0.00","599","0.00","10/12/2024"
"","Adesh Vartak - Inventory","Van","PI-50897","SRA1X1280","Motor_Gloss Brown_1200mm_Ikano_GV5","0.00","2500","0.00","10/12/2024"
"","Adesh Vartak - Inventory","Van","PI-50911","A1X1217","Stator_1200mm_Studio+/Renesa Alpha/Naveo_GV4","0.00","500","0.00","10/12/2024"
"","Adesh Vartak - Inventory","Van","PI-50912","RA0183","Diffuser (Bottom Cap)_Black_Renesa_GV3","3.00","60","3.00","10/12/2024"
"","Adesh Vartak - Inventory","Van","PI-50913","RA0182","Diffuser (Bottom Cap)_White_Renesa_GV3","1.00","60","1.00","10/12/2024"
"","Adesh Vartak - Inventory","Van","PI-52074","SA0055","Stator_CF_600mm_Renesa/Renesa+/Renesa Smart_GV3","1.00","500","1.00","10/12/2024"
"","Adesh Vartak - Inventory","Van","PI-52075","SA0019","Consolidate PCB GV2_CF__Efficio_GV2","5.00","500","5.00","10/12/2024"
"","Adesh Vartak - Inventory","Van","PI-52322","RA0075","Blade_Aluminium_G-Oak_1200mm_Renesa+/Renesa Smart_GV3","0.00","599","0.00","10/12/2024"
"","Adesh Vartak - Inventory","Van","PI-52556","RA0074","Blade_Aluminium_Matt Brown_1200mm_Renesa_GV3","0.00","599","0.00","10/12/2024"
"","Adesh Vartak - Inventory","Van","PI-53370","SRA1X1281","Motor_Gloss Ivory_1200mm_Ikano_GV5","0.00","2500","0.00","10/12/2024"
"","Adesh Vartak - Inventory","Van","PI-53605","SRMASS0075","Power PCB_Efficio+_Wall Mount_TPW","0.00","499","0.00","10/12/2024"
"","Adesh Vartak - Inventory","Van","PI-54007","SRMASS0058","Digital PCB_Efficio+_Wall Mount_TPW","0.00","350","0.00","10/12/2024"
"","Adesh Vartak - Inventory","Van","PI-54145","A1X0140","Blade_Aluminium_Gloss Ivory_1200mm_Ikano_GV5","0.00","600","0.00","10/12/2024"
"","Adesh Vartak - Inventory","Van","PI-54146","SRMF0050","Motor_Black_600mm_Renesa_GV3","0.00","2500","0.00","10/12/2024"
"","Adesh Vartak - Inventory","Van","PI-54478","SRMF0114","Motor_Gloss White_1200mm_Ozeo_GV4","0.00","2500","0.00","10/12/2024"
"","Adesh Vartak - Inventory","Van","PI-54681","RA0070","Blade_Aluminium_White_1200mm_Renesa_GV3","0.00","599","0.00","10/12/2024"
"","Adesh Vartak - Inventory","Van","PI-54939","RA1240","Blade_Aluminium_Midnight Black_1200mm_Renesa_GV3","0.00","600","0.00","10/12/2024"
"","Adesh Vartak - Inventory","Van","PI-54940","SRA026301","Motor_Gloss White_1200mm_Ameza_GV5","0.00","2500","0.00","10/12/2024"
"","Adesh Vartak - Inventory","Van","PI-55015","B1X0117","Motor_MG_Black","0.00","2500","0.00","10/12/2024"
"","Adesh Vartak - Inventory","Van","PI-55189","RA0028","Bearing 6202_CF","2.00","60","2.00","10/12/2024"
"","Adesh Vartak - Inventory","Van","PI-55679","SRA026304","Motor_Gloss Ivory_1200mm_Ameza_GV5","0.00","2500","0.00","10/12/2024"
"","Adesh Vartak - Inventory","Van","PI-56114","B1X0056","Chutney jar sub assembly MG1.0","0.00","450","0.00","10/12/2024"
"","Adesh Vartak - Inventory","Van","PI-56115","B1X0044","Wet/Dry jar sub asssembly MG1.0","0.00","450","0.00","10/12/2024"
"","Adesh Vartak - Inventory","Van","PI-56116","B1X0031","Liquidizer jar sub assembly MG1.0","0.00","500","0.00","10/12/2024"
"","Adesh Vartak - Inventory","Van","PI-56763","RA0918","Deactivated - (old code) Blade_Aluminium_White_1200mm_Renesa Alpha_GV4","0.00","599","0.00","10/12/2024"
"","Adesh Vartak - Inventory","Van","PI-56764","A1X0135","Deactivated - Bottom Body Assembly_Brown_Efficio Alpha/Ikano_GV5","0.00","220","0.00","10/12/2024"
"","Adesh Vartak - Inventory","Van","PI-56862","RA0989","Connecting Wire - 4 pin Power to Digital PCB_400mm_Wall Mount E+_TPW","0.00","25","0.00","10/12/2024"
"","Adesh Vartak - Inventory","Van","PI-56863","SRMF0031","Motor_White_1200mm_Renesa_GV3","0.00","2500","0.00","10/12/2024"
"","Adesh Vartak - Inventory","Van","PI-56864","RA0946","BLDC Motor_Efficio+_TPW","0.00","599","0.00","10/12/2024"
"","Adesh Vartak - Inventory","Van","PI-56865","SA0103","Motor Housing_Sandan Grey_CF_Renesa+/Renesa Smart_GV3","1.00","600","1.00","10/12/2024"
"","Adesh Vartak - Inventory","Van","PI-57042","SRA022903","Motor_Matt Brown_1200mm_Renesa Reboot_GV5","0.00","2500","0.00","10/12/2024"
"","Adesh Vartak - Inventory","Van","PI-57253","RA0173","Sensor Holder_CF","2.00","30","2.00","10/12/2024"
"","Adesh Vartak - Inventory","Van","PI-57254","SRA022904","Motor_Mn Black_1200mm_Renesa Reboot_GV5","0.00","2500","0.00","10/12/2024"
"","Adesh Vartak - Inventory","Van","PI-57255","SA0020","Sensor PCB_CF","1.00","60","1.00","10/12/2024"
"","Adesh Vartak - Inventory","Van","PI-57283","SRMF0032","Motor_Brown_1400mm_Renesa_GV3","0.00","2500","0.00","10/12/2024"
"","Adesh Vartak - Inventory","Van","PI-57284","SA0098","Stator_CF_1400mm_Renesa/Renesa+/Renesa Smart_GV3","0.00","500","0.00","10/12/2024"
"","Adesh Vartak - Inventory","Van","PI-57342","A1X0136","Deactivated - Bottom Body Assembly_Ivory_Efficio Alpha/Ikano _GV5","0.00","220","0.00","10/12/2024"
"","Adesh Vartak - Inventory","Van","PI-57455","SRA026302","Motor_Gloss Black_1200mm_Ameza_GV5","0.00","2500","0.00","10/12/2024"
"","Adesh Vartak - Inventory","Van","PI-57456","SRA026303","Motor_Gloss Brown_1200mm_Ameza_GV5","0.00","2500","0.00","10/12/2024"
"","Adesh Vartak - Inventory","Van","PI-59137","SRMF0046","Motor_Black_1200mm_Renesa_GV3","0.00","2500","0.00","10/12/2024"
"","Adesh Vartak - Inventory","Van","PI-59605","A040001","Blade_Aluminium_Earth Brown_1200mm_Studio+Reboot_GV5","0.00","600","0.00","10/12/2024"
"","Adesh Vartak - Inventory","Van","PI-60818","RA1250","Deactivated - Blade_Aluminium_Earth Brown_1200mm_Renesa+/Renesa Smart_GV3","0.00","600","0.00","10/12/2024"
"","Adesh Vartak - Inventory","Van","PI-61430","RA1236","Blade_Aluminium_Golden_1200mm_Renesa+/Renesa Smart_GV3","0.00","600","0.00","10/12/2024"
"","Adesh Vartak - Inventory","Van","PI-61556","SRSPR0988","Motor Bldc_150mm_Efficio+_EXH","0.00","500","0.00","10/12/2024"
"","Adesh Vartak - Inventory","Van","PI-61589","A004001","Motor Bldc_150mm_Studio_EXH","0.00","599","0.00","10/12/2024"
"","Adesh Vartak - Inventory","Van","PI-61684","RA0073","Blade_Aluminium_Ivory_1200mm_Renesa_GV3","0.00","599","0.00","10/12/2024"
"","Adesh Vartak - Inventory","Van","PI-61935","RA1409","Blade_Aluminium_Midnight Black_600mm_Renesa_GV3","0.00","600","0.00","10/12/2024"
"","Adesh Vartak - Inventory","Van","PI-62193","RA1237","Blade_Aluminium_Sand Grey_1200mm_Renesa+/Renesa Smart_GV3","0.00","600","0.00","10/12/2024"
"","Adesh Vartak - Inventory","Van","PI-62619","SRMF0035","Motor_Pearl White_1200mm_Renesa Smart+_GV3","0.00","2500","0.00","10/12/2024"
"","Adesh Vartak - Inventory","Van","PI-62649","RA0072","Blade_Aluminium_Pearl White_1200mm_Renesa+/Renesa Smart_GV3","0.00","599","0.00","10/12/2024"
"","Adesh Vartak - Inventory","Van","PI-62651","SRMF0039","Motor_Pearl White_1200mm_Renesa+_GV3","0.00","2500","0.00","10/12/2024"
"","Adesh Vartak - Inventory","Van","PI-62790","RA0156","Remote_CF_Efficio_GV2","0.00","150","0.00","10/12/2024"
"","Adesh Vartak - Inventory","Van","PI-62791","SRMASS0158","BLDC Motor_200mm_Efficio_EXH","0.00","635","0.00","10/12/2024"
"","Adesh Vartak - Inventory","Van","PI-63140","SRMF0128","Motor_Sand Grey_1200mm_Renesa+_GV3","0.00","2500","0.00","10/12/2024"
"","Adesh Vartak - Inventory","Van","PI-63198","SRA1X1279","Motor_Gloss Black_1200mm_Ikano_GV5","0.00","2500","0.00","10/12/2024"
"","Adesh Vartak - Inventory","Van","PI-63199","SA0001","Rotor_Efficio_GV2","0.00","300","0.00","10/12/2024"
"","Adesh Vartak - Inventory","Van","PI-63417","SRMASS0160","BLDC Motor_150mm_Studio+_EXH","0.00","599","0.00","10/12/2024"
"","Adesh Vartak - Inventory","Van","PI-64610","SRA023201","Motor_Sand Grey_1200mm_Renesa+Reboot_GV5","0.00","2500","0.00","10/12/2024"
"","Adesh Vartak - Inventory","Van","PI-66364","SRMASS0074","Power PCB_Efficio+_Pedestal_TPW","0.00","499","0.00","10/12/2024"
"","Adesh Vartak - Inventory","Van","PI-66788","SRA023210","Motor_Midnight Black_1200mm_Renesa Smart+_GV5","0.00","2500","0.00","10/12/2024"
"","Adesh Vartak - Inventory","Van","PI-68108","SRA023204","Motor_Pearl White_1200mm_Renesa+Reboot_GV5","0.00","2500","0.00","10/12/2024"
"","Adesh Vartak - Inventory","Van","PI-68109","A1X1091","Blade_Aluminium_Aegean Blue_1200mm_Renesa+/Renesa Smart_GV3","0.00","600","0.00","10/12/2024"
"","Adesh Vartak - Inventory","Van","PI-69732","B1X0151","Chopper Jar Assembly_MG1/Zenova/Yulia_MG","0.00","550","0.00","10/12/2024"
"","Adesh Vartak - Inventory","Van","PI-69733","SRA1X1097","Motor_Umber Brown_1200mm_Erica_GV5","0.00","2500","0.00","10/12/2024"
"","Adesh Vartak - Inventory","Van","PI-69734","B1H0013","MG1.0 Motor coupler - Push type","0.00","4720","0.00","10/12/2024"
"","Adesh Vartak - Inventory","Van","PI-69735","B1C0003","MG 1 Sensor PCB","0.00","150","0.00","10/12/2024"
"","Adesh Vartak - Inventory","Van","PI-70044","EA07701","PCB_Renesa_900mm/1400mm_GV5.0 Reboot PCBA _Nuvoton+UCC-70 Micron_GV5","0.00","500","0.00","10/12/2024"
"","Adesh Vartak - Inventory","Van","PI-72718","A1X0134","Deactivated - Bottom Body_Plastic_Gloss Black_Ikano_GV5","0.00","220","0.00","10/12/2024"
"","Adesh Vartak - Inventory","Van","PI-72719","A1X0138","Blade_Aluminium_Black_1200mm_Ikano_GV5","0.00","600","0.00","10/12/2024"
"","Adesh Vartak - Inventory","Van","PI-76675","RA0106","Downrod_Matt Black_CF","0.00","60","0.00","10/12/2024"
"","Adesh Vartak - Inventory","Van","PI-76676","RA0146","Canopy_Black_CF_Renesa_GV3","0.00","150","0.00","10/12/2024"
"","Adesh Vartak - Inventory","Van","PI-77284","A2X0012","Top Rod White_Renesa/Stelios/Stelios Pro/Izar Pedestal_TPW","0.00","80","0.00","10/12/2024"
"","Adesh Vartak - Inventory","Van","PI-77285","RA1242","Canopy_Sand Grey_CF_Renesa+_GV3","0.00","150","0.00","10/12/2024"
"","Adesh Vartak - Inventory","Van","PI-77286","A144001","Extention Rod (Long) Black_TPW","0.00","80","0.00","10/12/2024"
"","Adesh Vartak - Inventory","Van","PI-80394","EA03201","PCB Without LED Strip_PCB_GV5","0.00","500","0.00","10/12/2024"
"","Adesh Vartak - Inventory","Van","PI-80395","EA17601","PCB With LED Strip__Aris Starlight_GV5","0.00","500","0.00","10/12/2024"
"","Adesh Vartak - Inventory","Van","PI-82495","SA0104","Motor Housing_Golden_CF_Renesa+/Renesa Smart_GV3","0.00","600","0.00","10/12/2024"
"","Adesh Vartak - Inventory","Van","PI-87213","RA0042","Blade_Aluminium_Ivory_1400mm_Efficio/Efficio+/Studio_GV2","0.00","599","0.00","10/12/2024"
"","Adesh Vartak - Inventory","Van","PI-87222","B1X0116","MG1.0 Knob Assembly","0.00","80","0.00","10/12/2024"
"","Adesh Vartak - Inventory","Van","PI-96457","B1X0042","MG1.0 Jar Lid for Wet/Dry/Chutney","0.00","450","0.00","10/12/2024"
"","Adesh Vartak - Inventory","Van","PI-96458","B1X0028","MG 1 Liquidizer jar lid","0.00","500","0.00","10/12/2024"
"","Adesh Vartak - Inventory","Van","PI-97383","A1X0169","Blade_Aluminium_Earth Brown_1200mm_Studio+ Reboot_GV5","0.00","600","0.00","10/12/2024"
"","Adesh Vartak - Inventory","Van","PI-97389","A091906","Plastic Bottom Cover along with Screw_Gloss Brown_Ikano/Efficio Alpha_GV5","0.00","0","0.00","10/12/2024"
"","Adesh Vartak - Inventory","Van","PI-97740","A091907","Plastic Bottom Cover along with Screw_Gloss Ivory_Ikano/Efficio Alpha_GV5","0.00","0","0.00","10/12/2024"
"","Adesh Vartak - Inventory","Van","PI-98518","A1X1055","Blade_Aluminium_SnowWhite_1200mm_Erica_GV5","0.00","600","0.00","10/12/2024"
"","Adesh Vartak - Inventory","Van","PI-98949","EA05301","SMART PCBA /Phoenix-1 LED_PCB_GV5","0.00","700","0.00","10/12/2024"
"","Adesh Vartak - Inventory","Van","PI-99023","A026402","Blade_Aluminium_Black_1200mm_Ameza_GV5","0.00","600","0.00","10/12/2024"
"","Adesh Vartak - Inventory","Van","PI-99263","A056101","Blade_Aluminium_Renesa+ Reboot _1200_1200MM - UMBER BROWN_GV5","0.00","600","0.00","10/12/2024"
"","Adesh Vartak - Inventory","Van","PI-99264","A1X0170","Blade_Aluminium_Marble White_1200mm_Studio+_GV5","0.00","600","0.00","10/12/2024"
"","Adesh Vartak - Inventory","Van","PI-99274","SRMF0008","Motor_Brown_1200mm_Efficio_GV2","0.00","2500","0.00","10/12/2024"
"","Adesh Vartak - Inventory","Van","PI-99672","A039904","Blade_Aluminium_Umber Brown_1200mm_Erica_GV5","0.00","600","0.00","10/12/2024"
"","Adesh Vartak - Inventory","Van","PI-99835","A1X0051","Blade_Aluminium_Sand Grey_1200mm_Studio+Reboot_GV5","0.00","600","0.00","10/12/2024"
"","Adesh Vartak - Inventory","Van","PI-99836","A005401","Blade_Aluminium_Metallic Gold_1200mm_Efficio+(with Trim)_GV2","0.00","599","0.00","10/12/2024"
"","Adesh Vartak - Inventory","Van","PI-100195","RA0083","Blade_Aluminium_Earth Brown_1400mm_Renesa+/Renesa Smart_GV3","0.00","599","0.00","10/12/2024"
"","Adesh Vartak - Inventory","Van","PI-101152","RA0087","Blade_Aluminium_Pearl White_900mm_Renesa+/Renesa Smart_GV3","0.00","599","0.00","10/12/2024"
"","Adesh Vartak - Inventory","Van","PI-101305","A1X1106","Blade_Aluminium_Pearl White_600mm_Renesa+/Renesa Smart_GV3","0.00","600","0.00","10/12/2024"
"","Adesh Vartak - Inventory","Van","PI-103951","EA05401","Power PCB_Renesa Pedestal/Wall/Table_TPW","2.00","300","2.00","10/12/2024"
"","Adesh Vartak - Inventory","Van","PI-103952","A2C0002","Power PCB_Renesa Pedestal Non Swing_TPW","1.00","500","1.00","10/12/2024"
"","Adesh Vartak - Inventory","Van","PI-104489","A033003","Canopy_Earth Brown_Renesa+_GV5","0.00","150","0.00","10/12/2024"
"","Adesh Vartak - Inventory","Van","PI-104878","A022807","Motor Housing_Pearl white_Renesa+_GV5","0.00","600","0.00","10/12/2024"
"","Adesh Vartak - Inventory","Van","PI-104892","A033006","Canopy Midnight Black Set Pack_GV5","0.00","150","0.00","10/12/2024"
"","Adesh Vartak - Inventory","Van","PI-105168","SA0021","Main PCB_CF_1200mm_Efficio_Reg_28W_GV2","0.00","500","0.00","10/12/2024"
"","Adesh Vartak - Inventory","Van","PI-105169","A029702","Blade_Plastic_White_1200mm_Aris_IOT_GV5","0.00","600","0.00","10/12/2024"
"","Adesh Vartak - Inventory","Van","PI-105784","A022801","Motor Housing White_Renesa/Renesa+/Renesa Smart+ GV5","1.00","500","1.00","10/12/2024"
"","Adesh Vartak - Inventory","Van","PI-105806","SA0085","Motor Housing_Gloss Ivory_Efficio Alpha/Ikano/Ameza_GV5","0.00","300","0.00","10/12/2024"
"","Adesh Vartak - Inventory","Van","PI-106026","SPR0172","Top Motor Housing_Metal_Studio+_GV4","0.00","484","0.00","10/12/2024"
"","Adesh Vartak - Inventory","Van","PI-106425","A029701","Blade_Plastic_Dark wood_1200mm_Aris_IOT_GV5","0.00","600","0.00","10/12/2024"
"","Adesh Vartak - Inventory","Van","PI-107292","A002902","Top Cover Assembly_White_Aris_IOT_GV5","0.00","220","0.00","10/12/2024"
"","Adesh Vartak - Inventory","Van","PI-107327","A022806","Motor Housing_Metallic Golden_1200mm_Renesa Reboot_GV5","1.00","600","1.00","10/12/2024"
"","Adesh Vartak - Inventory","Van","PI-108234","A1X1038","Bottom Cover_Umber Brown_1200mm_Erica Smart_GV5","0.00","220","0.00","10/12/2024"
"","Adesh Vartak - Inventory","Van","PI-108620","A003401","Stator_1200mm_Aris_GV5","0.00","0","0.00","10/12/2024"
"","Adesh Vartak - Inventory","Van","PI-110709","SA0100","Stator_900mm_CF_GV5","1.00","220","1.00","10/12/2024"
"","Adesh Vartak - Inventory","Van","PI-110951","EA08401","PCB_Renesa Prime_GV5 (Capacitor)","0.00","500","0.00","10/12/2024"
"","Adesh Vartak - Inventory","Van","PI-110952","A064103","Blade_Aluminium_ 1200MM _Prime/Alpha - Gloss Brown_GV5","0.00","600","0.00","10/12/2024"
"","Adesh Vartak - Inventory","Van","PI-112010","A022803","Motor Housing_Matt Brown_Renesa_GV5","1.00","220","1.00","10/12/2024"
"","Adesh Vartak - Inventory","Van","PI-114245","RA0082","Blade_Aluminium_Brown_1400mm_Renesa/Renesa+/Renesa Smart_GV3 & GV5","0.00","599","0.00","10/12/2024"
"","Adesh Vartak - Inventory","Van","PI-115210","A1X1095","Motor Housing_Umber Brown_1200mm_Erica Smart_GV5","0.00","220","0.00","10/12/2024"
"","Adesh Vartak - Inventory","Van","PI-115211","A142201","Blade_Aluminium_White_1200mm_Efficio/Efficio+/Studio_GV2","0.00","599","0.00","10/12/2024"
"","Adesh Vartak - Inventory","Van","PI-115829","A091904","Plastic Bottom Cover along with Screw_Gloss Ivory_Ameza_GV5","0.00","0","0.00","10/12/2024"
"","Adesh Vartak - Inventory","Van","PI-116440","A022805","Motor Housing_Earth Brown_Renesa+_GV5","0.00","220","0.00","10/12/2024"
"","Adesh Vartak - Inventory","Van","PI-117454","RA0046","Blade_Aluminium_White_1400mm_Efficio/Efficio+/Studio_GV2","0.00","599","0.00","10/12/2024"
"","Adesh Vartak - Inventory","Van","PI-117455","SA0058","Stator_CF_1400mm_Efficio/Efficio+/Studio_GV2","0.00","500","0.00","10/12/2024"
"","Adesh Vartak - Inventory","Van","PI-120907","A159801","MG1.1 SS Jar Set with Lids Service","2.00","0","2.00","10/12/2024"
"","Adesh Vartak - Inventory","Van","PI-122244","EA02401","Digital PCB_Renesa Wall Mount_TPW","0.00","350","0.00","10/12/2024"
"","Adesh Vartak - Inventory","Van","PI-122245","SA0080","Oscillation Motor_Efficio_Pedeastal_TPW","0.00","199","0.00","10/12/2024"
"","Adesh Vartak - Inventory","Van","PI-123769","A2X0136","Neck Male_Black_Renesa Pedestal/Table/Stelios Pro/Izar Pedestal_TPW","0.00","0","0.00","10/12/2024"
"","Adesh Vartak - Inventory","Van","PI-123770","A2H0003","M8 X 31 Neck Bolt_Renesa Pedesatal_Non Swing_TPW","0.00","80","0.00","10/12/2024"
"","Adesh Vartak - Inventory","Van","PI-123771","A2X0138","Neck Female_Black_Renesa Pedestal/Table/Stelios Pro/Izar Pedestal_TPW","0.00","0","0.00","10/12/2024"
"","Adesh Vartak - Inventory","Van","PI-123772","SA0086","Motor Housing_Gloss Black_Efficio Alpha/Ikano/Ameza _GV5","0.00","300","0.00","10/12/2024"
"","Adesh Vartak - Inventory","Van","PI-124098","SA0043","Motor Housing_Ivory_CF_Renesa_GV3","0.00","590","0.00","10/12/2024"
"","Adesh Vartak - Inventory","Van","PI-124099","A056202","Blade_Aluminium_Renesa+_1200mm - DARK WALNUT_GV3","0.00","600","0.00","10/12/2024"
"","Adesh Vartak - Inventory","Van","PI-128101","A052701","Blade_Aluminium_Renesa_1400mm Midnight Black_GV3 & GV5","0.00","600","0.00","10/12/2024"
"","Adesh Vartak - Inventory","Van","PI-128522","RA0077","Blade_Aluminium_White_600mm_Renesa_GV3","0.00","599","0.00","10/12/2024"
"","Adesh Vartak - Inventory","Van","PI-140524","RA0914","Body_Top Plastic Assembly_Gloss White_Alpha/Renesa Zen/Prime_GV5","0.00","150","0.00","10/12/2024"
"","Adesh Vartak - Inventory","Van","PI-140717","SA0101","Stator_1400mm_GV5","1.00","500","1.00","10/12/2024"
"","Adesh Vartak - Inventory","Van","PI-143423","A2X0003","Heavy  Base_Renesa/Stelios/Stelios Pro/Izar Pedestal_TPW","0.00","80","0.00","10/12/2024"
"","Adesh Vartak - Inventory","Van","PI-143424","SRA2M0150","BLDC Motor_Renesa_TPW","1.00","700","1.00","10/12/2024"
"","Adesh Vartak - Inventory","Van","PI-795628","TestProduct","Test PCB","0.00","0","0.00","10/12/2024"
"","Adesh Vartak - Inventory","Van","PI-803557","EA12301","Updated STM32 PCB C0_0.6M/0.9M/1.2M/ 1.4M_ Renesa/Renesa+/Studio+/Ikano/Prime_GV5","14.00","0","14.00","10/12/2024"
"","Adesh Vartak - Inventory","Van","PI-822129","EA18601","Updated STM32_PCB_White LED_Efficio Alpha/Enzel/Azor _GV5","1.00","0","1.00","10/12/2024"
"","Adesh Vartak - Inventory","Van","PI-824642","EA20801","Updated STM32_PCB_Enerio 28W_GV5","0.00","0","0.00","10/12/2024"
"","Adesh Vartak - Inventory","Van","PI-849760","SA0084","Motor Housing_Gloss Brown_Efficio Alpha/Ikano/Ameza_GV5","0.00","300","0.00","10/12/2024"
"","Adesh Vartak - Inventory","Van","PI-855583","A096502","Blade_Aluminium_Pebble Grey_1200mm_Renesa R Smart_GV5","0.00","600","0.00","10/12/2024"
"","Adesh Vartak - Inventory","Van","PI-858074","B1C0002","MG 1 Interface PCB","0.00","350","0.00","10/12/2024"
"","Adesh Vartak - Inventory","Van","PI-858073","A064110","Blade_Aluminium_Gloss White_Renesa Prime_GV5","0.00","600","0.00","10/12/2024"
"","Adesh Vartak - Inventory","Van","PI-858407","A3H0017","5 Pin Wire harness_Renesa Walrus/Pedestal_Black_TPW","0.00","0","0.00","10/12/2024"
"","Adesh Vartak - Inventory","Van","PI-863274","A064116","Blade_Aluminium_Enzel/Renesa Zen_1200mm_Dark Walnut_GV5","0.00","0","0.00","10/12/2024"
"","Adesh Vartak - Inventory","Van","PI-865816","A064120","Blade_Aluminium_Enzel/Renesa Zen_1200mm_Maplewood_GV5","0.00","0","0.00","10/12/2024"
"","Adesh Vartak - Inventory","Van","PI-868358","A064118","Blade_Aluminium_Enzel/Renesa Zen_1200mm_Mistly Teal_GV5","0.00","0","0.00","10/12/2024"
"","Adesh Vartak - Inventory","Van","PI-870900","A064119","Blade_Aluminium_Enzel/Renesa Zen_1200mm_Pebble Grey_GV5","0.00","0","0.00","10/12/2024"
"","Adesh Vartak - Inventory","Van","PI-873442","A170501","Updated Motor housing_Renesa Prime_GV5","0.00","0","0.00","10/12/2024"
"","Adesh Vartak - Inventory","Van","PI-888426","B1X0106","Motor_MG_Wine Red","0.00","2500","0.00","10/12/2024"
"","Adesh Vartak - Inventory","Van","PI-888815","SA0105","Updated Plastic body with screw_Pebble Grey_Prime/Enzel/Zen_GV5","0.00","0","0.00","10/12/2024"
"","Adesh Vartak - Inventory","Van","PI-891368","SA0106","Updated Plastic body with screw_Gloss White_Prime/Enzel/Zen_GV5","0.00","0","0.00","10/12/2024"
"","Adesh Vartak - Inventory","Van","PI-893921","SA0107","Updated Plastic body with screw_Gloss Black_Prime/Enzel/Zen_GV5","0.00","0","0.00","10/12/2024"
"","Adesh Vartak - Inventory","Van","PI-896474","SA0108","Updated Plastic body with screw_Gloss Brown_Prime/Enzel/Zen_GV5","0.00","0","0.00","10/12/2024"
"","Adesh Vartak - Inventory","Van","PI-898846","SRMASS0060","Display PCB_Efficio+_Pedestal_TPW","0.00","349","0.00","10/12/2024"
"","Adesh Vartak - Inventory","Van","PI-898847","SRMASS0056","Control PCB_Efficio+_Pedestal_TPW","0.00","349","0.00","10/12/2024"
"","Adesh Vartak - Inventory","Van","PI-915247","TestSa001","PCB_Regulator_1200mm_Renesa Alpha_GV4Test","0.00","0","0.00","10/12/2024"
"","Adesh Vartak - Inventory","Van","PI-917582","A1X1082","Blade_Aluminium_White_900mm_Renesa_GV3","0.00","600","0.00","10/12/2024"
"","Adesh Vartak - Inventory","Van","PI-920486","EA07101","Sensor PCB_Zenova_MG","0.00","0","0.00","10/12/2024"
"","Adesh Vartak - Inventory","Van","PI-940150","A064108","Blade_Aluminium_Enzel/Renesa Zen_1200mm_Gloss Brown_GV5","0.00","600","0.00","10/12/2024"
"","Adesh Vartak - Inventory","Van","PI-940151","RA0919","Body_Top Plastic Assembly_Gloss Brown_Alpha/Renesa Zen/Prime_GV5","0.00","220","0.00","10/12/2024"
"","Adesh Vartak - Inventory","Van","PI-940152","A023101","Motor Housing_Grey_Renesa+_GV5","1.00","600","1.00","10/12/2024"
"","Adesh Vartak - Inventory","Van","PI-960199","A029703","Blade_Plastic_Steller Black_1200mm_Aris_IOT_GV5","0.00","0","0.00","10/12/2024"
"","Adesh Vartak - Inventory","Van","PI-962800","A101703","Top Canopy_Steller Black_1200mm_Aris_IOT_GV5","0.00","0","0.00","10/12/2024"
"","Adesh Vartak - Inventory","Van","PI-965401","A101803","Canopy top Plate_steller black_1200mm_Aris_IOT_GV5","0.00","0","0.00","10/12/2024"
"","Adesh Vartak - Inventory","Van","PI-968002","A102003","Middle upper canopy_Steller black_Aris_GV5","0.00","0","0.00","10/12/2024"
"","Adesh Vartak - Inventory","Van","PI-970603","A102203","Middle Lower canopy_Steller black_Aris_GV5","0.00","0","0.00","10/12/2024"
"","Adesh Vartak - Inventory","Van","PI-973204","A102403","Bottom Canopy_Steller Black_1220mm_Aris_IOT_GV5","0.00","0","0.00","10/12/2024"
"","Adesh Vartak - Inventory","Van","PI-975805","A006402","False cover_Aris_GV5","0.00","0","0.00","10/12/2024"
"","Adesh Vartak - Inventory","Van","PI-978406","A006505","Bottom cover_Steller black_Aris_GV5","0.00","0","0.00","10/12/2024"
"","Adesh Vartak - Inventory","Van","PI-981007","A002903","Motor Housing_Steller Black_1200mm_Aris_IOT_GV5","0.00","0","0.00","10/12/2024"
"","Adesh Vartak - Inventory","Van","PI-989051","A158402","Motor & Jar Coupler Set_MG1.0/Zenova/Maple_MG","0.00","0","0.00","10/12/2024"
"","Adesh Vartak - Inventory","Van","PI-991652","SA0110","Grill Belt Assembly_Black_Renesa Pedestal/Wall/Table/Stelios Pro/Izar Pedestal_TPW","0.00","0","0.00","10/12/2024"
"","Adesh Vartak - Inventory","Van","PI-994253","SA0109","Grill belt assembly_White_Renesa/Stelios/Izar Pedestal_TPW","0.00","0","0.00","10/12/2024"
"","Adesh Vartak - Inventory","Van","PI-1000421","RA1348","FG replacement Tags","0.00","0","0.00","10/12/2024"
"","Adesh Vartak - Inventory","Van","PI-1004185","RA1631","Service Cello Tape (Yellow - 3INX65M)","0.00","0","0.00","10/12/2024"
"","Adesh Vartak - Inventory","Van","PI-1006790","RA1632","Defective Spares Tag","0.00","0","0.00","10/12/2024"
"","Adesh Vartak - Inventory","Van","PI-1009395","RA1633","Defective FG Replacement seal","0.00","0","0.00","10/12/2024"
"","Adesh Vartak - Inventory","Van","PI-1024855","A073415","Downrod_Aegean Blue_CF","0.00","0","0.00","10/12/2024"
"","Adesh Vartak - Inventory","Van","PI-1040443","RA0089","Blade_Aluminium_G-Oak_900mm_Renesa+/Renesa Smart_GV3","0.00","599","0.00","10/12/2024"
"","Adesh Vartak - Inventory","Van","PI-1049130","A073406","Downrod_Golden_CF","0.00","0","0.00","10/12/2024"
"","Adesh Vartak - Inventory","Van","PI-1052142","A091911","Bottom Cover_Ameza_GV5","0.00","0","0.00","10/12/2024"
"","Adesh Vartak - Inventory","Van","PI-1055154","EA16901","Updated_PCB STM32_1200mm_Erica/Ameza/Renesa Zen_1 LED_GV5","3.00","0","3.00","10/12/2024"
"","Adesh Vartak - Inventory","Van","PI-1058166","A112503","Canopy_Sea Sand Ivory_Ameza_GV5","0.00","0","0.00","10/12/2024"
"","Adesh Vartak - Inventory","Van","PI-1061378","A073401","Downrod_Earth Brown_CF_Studio+_GV4","0.00","60","0.00","10/12/2024"
"","Adesh Vartak - Inventory","Van","PI-1065764","A064113","Blade_Aluminium_SS Ivory_Renesa Prime _GV5","0.00","0","0.00","10/12/2024"
"","Adesh Vartak - Inventory","Van","PI-1287145","EA06301","Driver/Main PCB_Zenova_(MG1.1)","0.00","0","0.00","10/12/2024"
"","Adesh Vartak - Inventory","Van","PI-1287148","A181306","(Telescopic Canopy)Top+Bottom Canopy assly_earth brn_Studio+_GV5","0.00","0","0.00","10/12/2024"
"","Adesh Vartak - Inventory","Van","PI-1287149","A160206","(Telescopic Canopy)Top Plate Canopy_earth brn_Studio+_GV5","0.00","0","0.00","10/12/2024"
"","Adesh Vartak - Inventory","Van","PI-1287150","A181206","(Telescopic Canopy)Middle Canopy upper + Lower assly_earth brn_Studio+_GV5","0.00","0","0.00","10/12/2024"
"","Adesh Vartak - Inventory","Van","PI-1287151","A160601","(Telescopic Canopy)Resting Plate_Studio+_GV5","0.00","0","0.00","10/12/2024"
"","Adesh Vartak - Inventory","Van","PI-1317298","A091905","Plastic Bottom Cover along with Screw_Gloss White_Ikano/Efficio Alpha_GV5","1.00","0","1.00","10/12/2024"
"","Adesh Vartak - Inventory","Van","PI-1317300","SA0083","Motor Housing_white_1200mm_Ikano/Enerio_GV5","0.00","300","0.00","10/12/2024"
"","Adesh Vartak - Inventory","Van","PI-1458305","EA07501","Main Power PCB_Aris Contour_GV5","0.00","0","0.00","10/12/2024"
"","Adesh Vartak - Inventory","Van","PI-1458618","A068801","Stator Assembly_Aris Contour_GV5","0.00","0","0.00","10/12/2024"
"","Adesh Vartak - Inventory","Van","PI-1458619","EA08501","Digital PCB _Aris Contour_GV5","0.00","0","0.00","10/12/2024"
"","Adesh Vartak - Inventory","Van","PI-1586040","A091901","Plastic Bottom Cover along with Screw_Gloss White_Ameza_GV5","0.00","0","0.00","10/12/2024"
"","Adesh Vartak - Inventory","Van","PI-1598878","A102201","Middle Lower canopy_White_Aris_GV5","0.00","0","0.00","10/12/2024"
"","Adesh Vartak - Inventory","Van","PI-1598879","A101701","Top Canopy_White_1200mm_Aris_IOT_GV5","0.00","150","0.00","10/12/2024"
"","Adesh Vartak - Inventory","Van","PI-1598880","A101801","Canopy top plate_White_1200mm_Aris_IOT_GV5","0.00","150","0.00","10/12/2024"
"","Adesh Vartak - Inventory","Van","PI-1598884","A074801","Jar Assembly _SS_Metal_Chutney Jar_Zenova_(MG1.1)","0.00","0","0.00","10/12/2024"
"","Adesh Vartak - Inventory","Van","PI-1598885","A013001","Chutney/Multipurpose Jar Lid Assembly with Gasket_Plastic_Zenova_(MG1.1)","0.00","0","0.00","10/12/2024"
"","Adesh Vartak - Inventory","Van","PI-1598934","A158701","Chutney/Multipurpose Jar Lid Gasket_Rubber_Zenova_(MG1.1)","0.00","0","0.00","10/12/2024"
"","Adesh Vartak - Inventory","Van","PI-1656154","RA0995","Remote_Wall Mount_TPW","1.00","150","1.00","10/12/2024"
"","Adesh Vartak - Inventory","Van","PI-1700341","A040007","Blade_Aluminium_White Teakwood_Studio+_GV5","0.00","0","0.00","10/12/2024"
"","Adesh Vartak - Inventory","Van","PI-1731738","A033001","Canopy_White_Renesa+_GV5","1.00","150","1.00","10/12/2024"
"","Adesh Vartak - Inventory","Van","PI-1732055","A1X0137","Blade_Aluminium_White_1200mm_Ikano_GV5","0.00","600","0.00","10/12/2024"
"","Adesh Vartak - Inventory","Van","PI-1732117","EA17701","PCB 41W_Aris non-starlight_GV5","1.00","0","1.00","10/12/2024"
"","Adesh Vartak - Inventory","Van","PI-1740619","RA0037","Spring_Efficio_ Gv2a_GV2","1.00","25","1.00","10/12/2024"
"","Adesh Vartak - Inventory","Van","PI-1753238","A062301","Body_Erica_1200_Bottom cover Assembly - Black_GV5","0.00","220","0.00","10/12/2024"
"","Adesh Vartak - Inventory","Van","PI-1754916","B1C0001","MG 1 Driver PCB","1.00","1000","1.00","10/12/2024"
"","Adesh Vartak - Inventory","Van","PI-1754923","A040005","Blade_Aluminium_STUDIO+_1200mm - MARBLE WHITE TEAKWOOD_GV5","0.00","600","0.00","10/12/2024"
"","Adesh Vartak - Inventory","Van","PI-1787155","A1X1080","Motor Housing_Lotus Pink_Erica_GV5","0.00","220","0.00","10/12/2024"
"","Adesh Vartak - Inventory","Van","PI-1810493","A1X1057","Blade_Aluminium_Aegean Blue_1200mm_Erica_GV5","0.00","600","0.00","10/12/2024"
"","Adesh Vartak - Inventory","Van","PI-1811588","RA0929","Plastic Motor Housing_Ivory_Renesa Alpha_GV4","0.00","150","0.00","10/12/2024"
"","Adesh Vartak - Inventory","Van","PI-1811767","A1X0146","Bottom Body_Plastic_Silver Assembly_Studio+Reboot_GV5","0.00","220","0.00","10/12/2024"
"","Adesh Vartak - Inventory","Van","PI-1848726","RA0086","Blade_Aluminium_Pearl White_1400mm_Renesa+/Renesa Smart_GV3","0.00","600","0.00","10/12/2024"
"","Adesh Vartak - Inventory","Van","PI-1848727","A3X0011","TPW Renesa With Swing  Power PCB Plate","0.00","500","0.00","10/12/2024"
"","Adesh Vartak - Inventory","Van","PI-1848902","A2X0027","Synchronous Motor_Renesa/Stelios/Stelios Pro_TPW","0.00","150","0.00","10/12/2024"
"","Adesh Vartak - Inventory","Van","PI-2031999","A196004","Bottom cover_Umber Brown_Erica Nuvo_GV5","0.00","0","0.00","10/12/2024"
"","Adesh Vartak - Inventory","Van","PI-2246901","A1X0139","Blade_Aluminium_Gloss Brown_1200mm_Ikano_GV5","0.00","600","0.00","10/12/2024"
"","Adesh Vartak - Inventory","Van","PI-2269774","DS","","0.00","1","0.00","10/12/2024"
"","Adesh Vartak - Inventory","Van","PI-2277813","A064112","Blade_Gloss Brown_1200mm_Renesa Prime_GV5","0.00","0","0.00","10/12/2024"
"","Adesh Vartak - Inventory","Van","PI-2311534","A1X0042","Bottom Body_Plastic_Sand Grey_Studio+Reboot_GV5","1.00","220","1.00","10/12/2024"
"","Adesh Vartak - Inventory","Van","PI-2351455","SA0022","Main PCB_CF_1400mm_Efficio_Reg_35W_GV2","4.00","500","4.00","10/12/2024"
"","Adesh Vartak - Inventory","Van","PI-2351457","A1X1260","Motor Housing_Marble White_Studio+Reboot_GV5","0.00","220","0.00","10/12/2024"
"","Adesh Vartak - Inventory","Van","PI-2362950","EA26101","Surge Protection Device (SPD) Remote+Regulator_CF","10.00","0","10.00","10/12/2024"
"","Adesh Vartak - Inventory","Van","PI-2392595","A019402","Knob assembly with interface PCB_Zenova_(MG1.1)","0.00","0","0.00","10/12/2024"
"","Adesh Vartak - Inventory","Van","PI-2407479","A234403","Blade_1200mm_Misty Teal_Renesa Halo_GV5","0.00","0","0.00","10/12/2024"
"","Adesh Vartak - Inventory","Van","PI-2409339","SRA159101","MG Base Unit_Red Wine_Zenova_(MG1.1)","0.00","0","0.00","10/12/2024"
"","Adesh Vartak - Inventory","Van","PI-2446507","EA24201","Updated STM32 PCB C0_1230mm_ Erica Meta_GV5","1.00","0","1.00","10/12/2024"
"","Adesh Vartak - Inventory","Van","PI-2663680","A009003","Knob Assembly_Plastic_Zenova_(MG1.1)","1.00","0","1.00","10/12/2024"
"","Adesh Vartak - Inventory","Van","PI-2875490","A029709","Blade_1200mm_Pearl White_Aris_GV5","0.00","0","0.00","10/12/2024"
"","Adesh Vartak - Inventory","Van","PI-2961133","A1X1216","Motor Housing_Earth Brown_Studio+Reboot_GV5","0.00","220","0.00","10/12/2024"
"","Adesh Vartak - Inventory","Van","PI-3297773","A176302","Sync Motor(Minzhuo 2.5 RPM)_TPW","1.00","266","1.00","10/12/2024"
"","Adesh Vartak - Inventory","Van","PI-3302359","A3X0036","Remote_Renesa Pedestal/Wall/Table/Stelios Pro/Izar Pedestal_TPW","2.00","250","2.00","10/12/2024"
"","Adesh Vartak - Inventory","Van","PI-3319459","A238401","Blade_Aluminium_Gloss White_600mm_Renesa Smart/Halo_GV5","0.00","0","0.00","10/12/2024"
"","Adesh Vartak - Inventory","Van","PI-3319760","A234404","Blade_1200mm_Matt Brown_Renesa Halo_GV5","0.00","0","0.00","10/12/2024"
"","Adesh Vartak - Inventory","Van","PI-3322202","EA24801","Smart Phoenix PCB_900mm_Renesa Halo_GV5","2.00","0","2.00","10/12/2024"
"","Adesh Vartak - Inventory","Van","PI-3322205","EA19401","Power PCB_Renesa Elite/Studio Nexus_GV5","0.00","0","0.00","10/12/2024"
"","Adesh Vartak - Inventory","Van","PI-3322206","EA20701","Digital Smart PCB_Renesa Elite/Studio Nexus_GV5","1.00","0","1.00","10/12/2024"
"","Adesh Vartak - Inventory","Van","PI-3324537","A179802","Neck Base(New)_Black_Renesa Table/Renesa Pedestal Fan_TPW","1.00","207","1.00","10/12/2024"
"","Adesh Vartak - Inventory","Van","PI-3324538","A181002","Neck Base(New)_Black_Renesa Wall Fan_TPW","1.00","207","1.00","10/12/2024"
"","Adesh Vartak - Inventory","Van","PI-3331779","A088901","Induction Motor Assembly_Stelios Pro Pedestal/Izar Pedestal_TPW","0.00","0","0.00","10/12/2024"
"","Adesh Vartak - Inventory","Van","PI-3616443","A195604","Blade Aluminium_1200mm_Umber Brown_Erica Nuvo_GV5","0.00","0","0.00","10/12/2024"
"","Adesh Vartak - Inventory","Van","PI-3616664","EA24601","PCB_Phoenix_1400mm_Renesa Halo_GV5","1.00","0","1.00","10/12/2024"
"","Adesh Vartak - Inventory","Van","PI-3616665","EA12701","Smart PCB_Flamingo_6LED_1200mm_Renesa/Renesa+/Halo/Studio+_GV5","11.00","0","11.00","10/12/2024"
"","Adesh Vartak - Inventory","Van","PI-3616666","EA24701","Smart PCB Flamingo_ 6 LED Blue PCB_600mm_GV5","2.00","0","2.00","10/12/2024"
"","Adesh Vartak - Inventory","Van","PI-3616851","A102008","Middle upper canopy_Sand Grey_Aris_GV5","0.00","0","0.00","10/12/2024"
"","Adesh Vartak - Inventory","Van","PI-3616852","A157702","Chutney Jar Assembly_Yulia Mixer Grinder_MG","0.00","1180","0.00","10/12/2024"
"","Adesh Vartak - Inventory","Van","PI-3616853","A102208","Middle Lower canopy_Sand Grey_Aris_GV5","0.00","0","0.00","10/12/2024"
"","Adesh Vartak - Inventory","Van","PI-3616854","A101808","Canopy Plate_Sand Grey_Aris_GV5","0.00","0","0.00","10/12/2024"
"","Adesh Vartak - Inventory","Van","PI-3627562","A100302","Canopy bottom_Ivory_GV5","0.00","0","0.00","10/12/2024"
"","Adesh Vartak - Inventory","Van","PI-3653409","A234401","Blade_1200mm_Matt Black_Renesa Halo_GV5","0.00","0","0.00","10/12/2024"
"","Adesh Vartak - Inventory","Van","PI-3678826","EA23801","PCB Smart_1400mm_Renesa Elite/Studio Nexus_GV5","0.00","0","0.00","10/12/2024"
"","Adesh Vartak - Inventory","Van","PI-3710669","A029721","Blade_1200mm_Sand Grey_Aris Gladius_GV5","0.00","0","0.00","10/12/2024"
"","Adesh Vartak - Inventory","Van","PI-3747360","EA30101","PCB_Regulator_35W_Renesa Prime_GV5","3.00","0","3.00","10/12/2024"
"","Adesh Vartak - Inventory","Van","PI-3791611","A248805","Canopy Plate_Gloss White_Enzel_GV5","0.00","0","0.00","10/12/2024"
"","Adesh Vartak - Inventory","Van","PI-3799310","RA0916","Canopy_Gloss White_Alpha/Renesa Zen/Prime_GV5","1.00","150","1.00","10/12/2024"
"","Adesh Vartak - Inventory","Van","PI-3816232","EA19501","Updated_Main Power PCB_Aris Contour_GV5","1.00","0","1.00","10/12/2024"
"","Adesh Vartak - Inventory","Van","PI-3860572","A171119","Blade Aluminium_900mm_Pearl White_Renesa Elite_GV5","1.00","0","1.00","10/12/2024"
"","Adesh Vartak - Inventory","Van","PI-3870595","A177002","Bottom Canopy_Matt Black_Rhino_GV5","0.00","0","0.00","10/12/2024"
"","Adesh Vartak - Inventory","Van","PI-3870596","A163402","Canopy Plate_Matt Black_Renesa Elite_GV5","0.00","0","0.00","10/12/2024"
"","Aman Maurya	- Inventory","Van","PI-0271","SA0020","Sensor PCB_CF","0.00","60","0.00","10/12/2024"
"","Aman Maurya	- Inventory","Van","PI-89101","A091907","Plastic Bottom Cover along with Screw_Gloss Ivory_Ikano/Efficio Alpha_GV5","0.00","0","0.00","10/12/2024"
"","Aman Maurya	- Inventory","Van","PI-89102","A091905","Plastic Bottom Cover along with Screw_Gloss White_Ikano/Efficio Alpha_GV5","0.00","0","0.00","10/12/2024"
"","Aman Maurya	- Inventory","Van","PI-94472","A141701","Surge Protection Device Module Assembly_CF","0.00","0","0.00","10/12/2024"
"","Aman Maurya	- Inventory","Van","PI-95638","SA0104","Motor Housing_Golden_CF_Renesa+/Renesa Smart_GV3","0.00","600","0.00","10/12/2024"
"","Aman Maurya	- Inventory","Van","PI-48012","EA04101","PCB_Renesa/Renesa+/Ikano/Sudio+ STM8s, 70micron  (6 LED)_GV5","0.00","500","0.00","10/12/2024"
"","Aman Maurya	- Inventory","Van","PI-48013","SA0011","Consolidate PCB GV3_CF_Renesa+_GV3","0.00","350","0.00","10/12/2024"
"","Aman Maurya	- Inventory","Van","PI-48014","SA0019","Consolidate PCB GV2_CF__Efficio_GV2","0.00","500","0.00","10/12/2024"
"","Aman Maurya	- Inventory","Van","PI-48015","SA0056","Stator_CF_1200mm_Renesa/Renesa+/Renesa Smart_GV3","0.00","500","0.00","10/12/2024"
"","Aman Maurya	- Inventory","Van","PI-48029","SRA1X1280","Motor_Gloss Brown_1200mm_Ikano_GV5","0.00","2500","0.00","10/12/2024"
"","Aman Maurya	- Inventory","Van","PI-48083","SA0039","PCB_Remote_1200mm_Studio+_GV4","0.00","500","0.00","10/12/2024"
"","Aman Maurya	- Inventory","Van","PI-48340","EA03001","Smart PCB Phoenix Led_PCB_1200mm_GV5","0.00","700","0.00","10/12/2024"
"","Aman Maurya	- Inventory","Van","PI-50498","SA0010","Digital PCB_1200mm_Renesa Smart+_GV3","0.00","350","0.00","10/12/2024"
"","Aman Maurya	- Inventory","Van","PI-50499","A1X0601","CF_Universal Remote New","0.00","250","0.00","10/12/2024"
"","Aman Maurya	- Inventory","Van","PI-50500","SA0098","Stator_CF_1400mm_Renesa/Renesa+/Renesa Smart_GV3","0.00","500","0.00","10/12/2024"
"","Aman Maurya	- Inventory","Van","PI-50501","SA0038","PCB_Regulator_1200mm_Renesa Alpha_GV4","0.00","500","0.00","10/12/2024"
"","Aman Maurya	- Inventory","Van","PI-50502","SA0057","Stator_CF_1200mm_Efficio/Efficio+/Studio_GV2","0.00","500","0.00","10/12/2024"
"","Aman Maurya	- Inventory","Van","PI-50503","EA01701","PCB_Erica/Ameza/Renesa Zen_GV5 (STM8s,70micron single LED)","0.00","500","0.00","10/12/2024"
"","Aman Maurya	- Inventory","Van","PI-50504","SA0060","Power PCB (Without Potting) BL_CF_Renesa_GV3","0.00","400","0.00","10/12/2024"
"","Aman Maurya	- Inventory","Van","PI-50505","SA0055","Stator_CF_600mm_Renesa/Renesa+/Renesa Smart_GV3","0.00","500","0.00","10/12/2024"
"","Aman Maurya	- Inventory","Van","PI-50506","SA0058","Stator_CF_1400mm_Efficio/Efficio+/Studio_GV2","0.00","500","0.00","10/12/2024"
"","Aman Maurya	- Inventory","Van","PI-50507","EA05301","SMART PCBA /Phoenix-1 LED_PCB_GV5","0.00","700","0.00","10/12/2024"
"","Aman Maurya	- Inventory","Van","PI-50508","SA0040","Motor Housing_Black_CF_Renesa_GV3","0.00","590","0.00","10/12/2024"
"","Aman Maurya	- Inventory","Van","PI-50509","SRMF0123","Motor _Ivory_1200mm_Renesa Alpha_GV4","0.00","4720","0.00","10/12/2024"
"","Aman Maurya	- Inventory","Van","PI-50510","SA0021","Main PCB_CF_1200mm_Efficio_Reg_28W_GV2","0.00","500","0.00","10/12/2024"
"","Aman Maurya	- Inventory","Van","PI-50511","SA0087","PCB_Main_1200mm_Ozeo_GV4","0.00","500","0.00","10/12/2024"
"","Aman Maurya	- Inventory","Van","PI-50512","SA0061","Power PCB (Without Potting) WH_CF_Renesa_GV3","0.00","400","0.00","10/12/2024"
"","Aman Maurya	- Inventory","Van","PI-50902","SRMASS0062","Main PCB_Efficio_Pedestal_TPW","0.00","450","0.00","10/12/2024"
"","Aman Maurya	- Inventory","Van","PI-50903","RA0182","Diffuser (Bottom Cap)_White_Renesa_GV3","0.00","60","0.00","10/12/2024"
"","Aman Maurya	- Inventory","Van","PI-50904","RA0183","Diffuser (Bottom Cap)_Black_Renesa_GV3","0.00","60","0.00","10/12/2024"
"","Aman Maurya	- Inventory","Van","PI-50905","RA0038","Spring_CF_Renesa_GV3","0.00","25","0.00","10/12/2024"
"","Aman Maurya	- Inventory","Van","PI-50906","RA0179","Diffuser_Brown_Efficio_GV2","0.00","25","0.00","10/12/2024"
"","Aman Maurya	- Inventory","Van","PI-50907","RA0177","Diffuser_Pearl Ivory_Efficio_GV2","0.00","25","0.00","10/12/2024"
"","Aman Maurya	- Inventory","Van","PI-50908","SRMF0028","Motor_White_600mm_Renesa_GV3","0.00","2500","0.00","10/12/2024"
"","Aman Maurya	- Inventory","Van","PI-50909","RA0345","Circlip Pin_CF_Renesa_GV3","0.00","9","0.00","10/12/2024"
"","Aman Maurya	- Inventory","Van","PI-50910","SRMASS0059","Display PCB_Efficio_Pedestal_TPW","0.00","350","0.00","10/12/2024"
"","Aman Maurya	- Inventory","Van","PI-52250","EA03201","PCB Without LED Strip_PCB_GV5","0.00","500","0.00","10/12/2024"
"","Aman Maurya	- Inventory","Van","PI-52914","A1X0140","Blade_Aluminium_Gloss Ivory_1200mm_Ikano_GV5","0.00","600","0.00","10/12/2024"
"","Aman Maurya	- Inventory","Van","PI-52915","RA0028","Bearing 6202_CF","0.00","60","0.00","10/12/2024"
"","Aman Maurya	- Inventory","Van","PI-52916","RA0070","Blade_Aluminium_White_1200mm_Renesa_GV3","0.00","599","0.00","10/12/2024"
"","Aman Maurya	- Inventory","Van","PI-52917","RA1240","Blade_Aluminium_Midnight Black_1200mm_Renesa_GV3","0.00","600","0.00","10/12/2024"
"","Aman Maurya	- Inventory","Van","PI-52918","B1X0044","Wet/Dry jar sub asssembly MG1.0","0.00","450","0.00","10/12/2024"
"","Aman Maurya	- Inventory","Van","PI-52919","B1X0056","Chutney jar sub assembly MG1.0","0.00","450","0.00","10/12/2024"
"","Aman Maurya	- Inventory","Van","PI-54226","A142202","Blade_Aluminium_Brown_1200mm_Efficio/Efficio+/Studio_GV2","0.00","599","0.00","10/12/2024"
"","Aman Maurya	- Inventory","Van","PI-54913","RA0993","Deactivated - Wall Mount E+_400mm_Oscillation Motor_TPW_400mm_Wall Mount E+_TPW","0.00","199","0.00","10/12/2024"
"","Aman Maurya	- Inventory","Van","PI-54914","SA0099","Stator_1200mm_Erica/Ikano/Ameza/Studio+Reboot/Renesa Reboot/Prime/Zen_GV5","0.00","500","0.00","10/12/2024"
"","Aman Maurya	- Inventory","Van","PI-55051","EA05401","Power PCB_Renesa Pedestal/Wall/Table_TPW","0.00","300","0.00","10/12/2024"
"","Aman Maurya	- Inventory","Van","PI-55237","RA0072","Blade_Aluminium_Pearl White_1200mm_Renesa+/Renesa Smart_GV3","0.00","599","0.00","10/12/2024"
"","Aman Maurya	- Inventory","Van","PI-55238","SRA023202","Motor_Earth Brown_1200mm_Renesa+Reboot_GV5","0.00","2500","0.00","10/12/2024"
"","Aman Maurya	- Inventory","Van","PI-57061","RA0129","Downrod_Sand Grey_CF_Efficio+_GV2","0.00","60","0.00","10/12/2024"
"","Aman Maurya	- Inventory","Van","PI-57062","A022806","Motor Housing_Metallic Golden_1200mm_Renesa Reboot_GV5","0.00","600","0.00","10/12/2024"
"","Aman Maurya	- Inventory","Van","PI-57063","RA1242","Canopy_Sand Grey_CF_Renesa+_GV3","0.00","150","0.00","10/12/2024"
"","Aman Maurya	- Inventory","Van","PI-57064","SRMF0030","Motor_Brown_1200mm_Renesa_GV3","0.00","2500","0.00","10/12/2024"
"","Aman Maurya	- Inventory","Van","PI-57065","A023101","Motor Housing_Grey_Renesa+_GV5","0.00","600","0.00","10/12/2024"
"","Aman Maurya	- Inventory","Van","PI-57066","A022804","Motor Housing_Black_1200mm_Renesa+_GV5","0.00","600","0.00","10/12/2024"
"","Aman Maurya	- Inventory","Van","PI-57069","A1X0805","Blade_Aluminium_Pearl White_1200mm_Studio+_GV4","0.00","599","0.00","10/12/2024"
"","Aman Maurya	- Inventory","Van","PI-57070","RA1237","Blade_Aluminium_Sand Grey_1200mm_Renesa+/Renesa Smart_GV3","0.00","600","0.00","10/12/2024"
"","Aman Maurya	- Inventory","Van","PI-58117","RA0147","Canopy_Pearl White_CF_Renesa Smart+_GV3","0.00","150","0.00","10/12/2024"
"","Aman Maurya	- Inventory","Van","PI-61271","RA0074","Blade_Aluminium_Matt Brown_1200mm_Renesa_GV3","0.00","599","0.00","10/12/2024"
"","Aman Maurya	- Inventory","Van","PI-61382","A1X0136","Deactivated - Bottom Body Assembly_Ivory_Efficio Alpha/Ikano _GV5","0.00","220","0.00","10/12/2024"
"","Aman Maurya	- Inventory","Van","PI-61383","SRMASS0058","Digital PCB_Efficio+_Wall Mount_TPW","0.00","350","0.00","10/12/2024"
"","Aman Maurya	- Inventory","Van","PI-62394","EA17601","PCB With LED Strip__Aris Starlight_GV5","0.00","500","0.00","10/12/2024"
"","Aman Maurya	- Inventory","Van","PI-62395","SRA023201","Motor_Sand Grey_1200mm_Renesa+Reboot_GV5","0.00","2500","0.00","10/12/2024"
"","Aman Maurya	- Inventory","Van","PI-62400","RA0037","Spring_Efficio_ Gv2a_GV2","0.00","25","0.00","10/12/2024"
"","Aman Maurya	- Inventory","Van","PI-62401","RA0173","Sensor Holder_CF","0.00","30","0.00","10/12/2024"
"","Aman Maurya	- Inventory","Van","PI-62402","A1X1083","Blade_Aluminium_Midnight Black_900mm_Renesa_GV3","0.00","600","0.00","10/12/2024"
"","Aman Maurya	- Inventory","Van","PI-62403","SA0043","Motor Housing_Ivory_CF_Renesa_GV3","0.00","590","0.00","10/12/2024"
"","Aman Maurya	- Inventory","Van","PI-62406","SA0045","Motor Housing_Earth Brown_CF_Renesa+/Renesa Smart_GV3","0.00","590","0.00","10/12/2024"
"","Aman Maurya	- Inventory","Van","PI-62407","SA0041","Motor Housing_White_CF_Renesa_GV3","0.00","590","0.00","10/12/2024"
"","Aman Maurya	- Inventory","Van","PI-62408","SA0044","Motor Housing_Pearl White_CF_Renesa+/Renesa Smart_GV3","0.00","590","0.00","10/12/2024"
"","Aman Maurya	- Inventory","Van","PI-62409","RA1251","Deactivated - Blade_Aluminium_Pearl White_1200mm_Renesa+/Renesa Smart_GV3","0.00","600","0.00","10/12/2024"
"","Aman Maurya	- Inventory","Van","PI-62410","SA0042","Motor Housing_Brown_CF_Renesa_GV3","0.00","590","0.00","10/12/2024"
"","Aman Maurya	- Inventory","Van","PI-62931","SRA023203","Motor_Mettalic Golden_1200mm_Renesa+Reboot_GV5","0.00","2500","0.00","10/12/2024"
"","Aman Maurya	- Inventory","Van","PI-62932","SRA023205","Motor_Midnight Black_1200mm_Renesa+Reboot_GV5","0.00","2500","0.00","10/12/2024"
"","Aman Maurya	- Inventory","Van","PI-64627","RA0085","Blade_Aluminium_Golden Oak_1400mm_Renesa+/Renesa Smart_GV3","0.00","599","0.00","10/12/2024"
"","Aman Maurya	- Inventory","Van","PI-65178","RA0073","Blade_Aluminium_Ivory_1200mm_Renesa_GV3","0.00","599","0.00","10/12/2024"
"","Aman Maurya	- Inventory","Van","PI-65179","RA0180","Diffuser_Sand Grey_Efficio_GV2","0.00","25","0.00","10/12/2024"
"","Aman Maurya	- Inventory","Van","PI-65180","RA0178","Diffuser_Pearl White_Efficio_GV2","0.00","25","0.00","10/12/2024"
"","Aman Maurya	- Inventory","Van","PI-65181","A2X0175","PD_Neck_base_Midnight Black","0.00","80","0.00","10/12/2024"
"","Aman Maurya	- Inventory","Van","PI-65182","B1C0001","MG 1 Driver PCB","0.00","1000","0.00","10/12/2024"
"","Aman Maurya	- Inventory","Van","PI-65183","A2C0002","Power PCB_Renesa Pedestal Non Swing_TPW","0.00","500","0.00","10/12/2024"
"","Aman Maurya	- Inventory","Van","PI-65184","A004001","Motor Bldc_150mm_Studio_EXH","0.00","599","0.00","10/12/2024"
"","Aman Maurya	- Inventory","Van","PI-65185","RA0075","Blade_Aluminium_G-Oak_1200mm_Renesa+/Renesa Smart_GV3","0.00","599","0.00","10/12/2024"
"","Aman Maurya	- Inventory","Van","PI-65326","A1X0135","Deactivated - Bottom Body Assembly_Brown_Efficio Alpha/Ikano_GV5","0.00","220","0.00","10/12/2024"
"","Aman Maurya	- Inventory","Van","PI-65327","SA0022","Main PCB_CF_1400mm_Efficio_Reg_35W_GV2","0.00","500","0.00","10/12/2024"
"","Aman Maurya	- Inventory","Van","PI-65328","A1X0134","Deactivated - Bottom Body_Plastic_Gloss Black_Ikano_GV5","0.00","220","0.00","10/12/2024"
"","Aman Maurya	- Inventory","Van","PI-65333","SRA023207","Motor_Earth Brown_1200mm_Renesa Smart+_GV5","0.00","2500","0.00","10/12/2024"
"","Aman Maurya	- Inventory","Van","PI-66048","RA0133","Blade_Aluminium_Sand Grey_1200mm_Studio_GV2","0.00","599","0.00","10/12/2024"
"","Aman Maurya	- Inventory","Van","PI-66375","RA0057","Blade_Aluminium_Black_1200mm_Efficio/Efficio+/Studio_GV2","0.00","599","0.00","10/12/2024"
"","Aman Maurya	- Inventory","Van","PI-66376","SA0001","Rotor_Efficio_GV2","0.00","300","0.00","10/12/2024"
"","Aman Maurya	- Inventory","Van","PI-67153","B1X0031","Liquidizer jar sub assembly MG1.0","0.00","500","0.00","10/12/2024"
"","Aman Maurya	- Inventory","Van","PI-67154","B1X0042","MG1.0 Jar Lid for Wet/Dry/Chutney","0.00","450","0.00","10/12/2024"
"","Aman Maurya	- Inventory","Van","PI-67155","B1X0028","MG 1 Liquidizer jar lid","0.00","500","0.00","10/12/2024"
"","Aman Maurya	- Inventory","Van","PI-72133","RA0988","oscillation Motor_Efficio+_Walal Mount_TPW","0.00","199","0.00","10/12/2024"
"","Aman Maurya	- Inventory","Van","PI-72297","RA0071","Blade_Aluminium_Earth Brown_1200mm_Renesa+/Renesa Smart_GV3","0.00","599","0.00","10/12/2024"
"","Aman Maurya	- Inventory","Van","PI-72298","RA1409","Blade_Aluminium_Midnight Black_600mm_Renesa_GV3","0.00","600","0.00","10/12/2024"
"","Aman Maurya	- Inventory","Van","PI-78196","RA0087","Blade_Aluminium_Pearl White_900mm_Renesa+/Renesa Smart_GV3","0.00","599","0.00","10/12/2024"
"","Aman Maurya	- Inventory","Van","PI-78834","A033008","Canopy_Matte Brown_Renesa+_GV5","0.00","150","0.00","10/12/2024"
"","Aman Maurya	- Inventory","Van","PI-78835","A1X0150","Deactivated - Bottom Body Assembly_Gloss White_900mm_Ikano/Efficio Alpha_GV5","0.00","220","0.00","10/12/2024"
"","Aman Maurya	- Inventory","Van","PI-79868","B1C0002","MG 1 Interface PCB","0.00","350","0.00","10/12/2024"
"","Aman Maurya	- Inventory","Van","PI-79869","B1X0117","Motor_MG_Black","0.00","2500","0.00","10/12/2024"
"","Aman Maurya	- Inventory","Van","PI-84665","SA0103","Motor Housing_Sandan Grey_CF_Renesa+/Renesa Smart_GV3","0.00","600","0.00","10/12/2024"
"","Aman Maurya	- Inventory","Van","PI-85042","B1H0013","MG1.0 Motor coupler - Push type","0.00","4720","0.00","10/12/2024"
"","Aman Maurya	- Inventory","Van","PI-85043","B1X0116","MG1.0 Knob Assembly","0.00","80","0.00","10/12/2024"
"","Aman Maurya	- Inventory","Van","PI-85044","A013201","MG1.1 Chutney jar handle assembly","0.00","80","0.00","10/12/2024"
"","Aman Maurya	- Inventory","Van","PI-85498","SA0097","Stator_CF_0900mm_Renesa/Renesa+/Renesa Smart_GV3","0.00","500","0.00","10/12/2024"
"","Aman Maurya	- Inventory","Van","PI-96879","A142201","Blade_Aluminium_White_1200mm_Efficio/Efficio+/Studio_GV2","0.00","599","0.00","10/12/2024"
"","Aman Maurya	- Inventory","Van","PI-98573","A1X0034","(Old canopy) Canopy_LeftPart_Sand Grey_Studio+_GV5","0.00","50","0.00","10/12/2024"
"","Aman Maurya	- Inventory","Van","PI-98574","RA0142","Canopy_White_CF_Efficio_GV2","0.00","150","0.00","10/12/2024"
"","Aman Maurya	- Inventory","Van","PI-98575","A1X0035","(Old canopy) Canopy_RightPart_Sand Grey_Studio+_GV5","0.00","50","0.00","10/12/2024"
"","Aman Maurya	- Inventory","Van","PI-98920","A091904","Plastic Bottom Cover along with Screw_Gloss Ivory_Ameza_GV5","0.00","0","0.00","10/12/2024"
"","Aman Maurya	- Inventory","Van","PI-98978","SRMASS0074","Power PCB_Efficio+_Pedestal_TPW","0.00","499","0.00","10/12/2024"
"","Aman Maurya	- Inventory","Van","PI-99227","RA1236","Blade_Aluminium_Golden_1200mm_Renesa+/Renesa Smart_GV3","0.00","600","0.00","10/12/2024"
"","Aman Maurya	- Inventory","Van","PI-100001","SRMF0011","Motor_White_1200mm_Efficio_GV2","0.00","2500","0.00","10/12/2024"
"","Aman Maurya	- Inventory","Van","PI-100002","EA07701","PCB_Renesa_900mm/1400mm_GV5.0 Reboot PCBA _Nuvoton+UCC-70 Micron_GV5","0.00","500","0.00","10/12/2024"
"","Aman Maurya	- Inventory","Van","PI-100003","EA12401","PCB_White LED_Efficio Alpha/Enzel _GV5","0.00","500","0.00","10/12/2024"
"","Aman Maurya	- Inventory","Van","PI-100004","EA08401","PCB_Renesa Prime_GV5 (Capacitor)","0.00","500","0.00","10/12/2024"
"","Aman Maurya	- Inventory","Van","PI-101044","A091902","Plastic Bottom Cover along with Screw_Gloss Black_Ikano/Efficio Alpha/Ameza_GV5","0.00","0","0.00","10/12/2024"
"","Aman Maurya	- Inventory","Van","PI-101557","A1X0042","Bottom Body_Plastic_Sand Grey_Studio+Reboot_GV5","0.00","220","0.00","10/12/2024"
"","Aman Maurya	- Inventory","Van","PI-104564","A040002","Blade_Aluminium_White_1200mm_Studio+Reboot_GV5","0.00","600","0.00","10/12/2024"
"","Aman Maurya	- Inventory","Van","PI-105584","A2C0003","Interface PCB_Renesa Pedestal Non Swing_TPW","0.00","150","0.00","10/12/2024"
"","Aman Maurya	- Inventory","Van","PI-105585","A075901","Handle_Plastic_Liquidiser/Wet & Dry Jar_MG_1.0","0.00","100","0.00","10/12/2024"
"","Aman Maurya	- Inventory","Van","PI-107330","A159801","MG1.1 SS Jar Set with Lids Service","0.00","0","0.00","10/12/2024"
"","Aman Maurya	- Inventory","Van","PI-107331","RA0080","Blade_Aluminium_White_1400mm_Renesa_GV3 & GV5","0.00","599","0.00","10/12/2024"
"","Aman Maurya	- Inventory","Van","PI-108922","A091906","Plastic Bottom Cover along with Screw_Gloss Brown_Ikano/Efficio Alpha_GV5","0.00","0","0.00","10/12/2024"
"","Aman Maurya	- Inventory","Van","PI-108923","RA0924","Body_Top Plastic Assembly_Gloss Black_Alpha/Renesa Zen/Prime_GV5","0.00","220","0.00","10/12/2024"
"","Aman Maurya	- Inventory","Van","PI-109956","RA0915","Bottom Cover_Gloss White_Prime_GV5","0.00","200","0.00","10/12/2024"
"","Aman Maurya	- Inventory","Van","PI-109957","RA0914","Body_Top Plastic Assembly_Gloss White_Alpha/Renesa Zen/Prime_GV5","0.00","150","0.00","10/12/2024"
"","Aman Maurya	- Inventory","Van","PI-110953","SRMASS0160","BLDC Motor_150mm_Studio+_EXH","0.00","599","0.00","10/12/2024"
"","Aman Maurya	- Inventory","Van","PI-112514","B1C0003","MG 1 Sensor PCB","0.00","150","0.00","10/12/2024"
"","Aman Maurya	- Inventory","Van","PI-113434","A2X0057","Front Grill Snow  White_TPW","0.00","80","0.00","10/12/2024"
"","Aman Maurya	- Inventory","Van","PI-113435","SRACC0090","Plastic RIM_400mm_Wall Mount E+_TPW","0.00","90","0.00","10/12/2024"
"","Aman Maurya	- Inventory","Van","PI-113679","SA0085","Motor Housing_Gloss Ivory_Efficio Alpha/Ikano/Ameza_GV5","0.00","300","0.00","10/12/2024"
"","Aman Maurya	- Inventory","Van","PI-114983","A033001","Canopy_White_Renesa+_GV5","0.00","150","0.00","10/12/2024"
"","Aman Maurya	- Inventory","Van","PI-118077","A033006","Canopy Midnight Black Set Pack_GV5","0.00","150","0.00","10/12/2024"
"","Aman Maurya	- Inventory","Van","PI-118159","RA0086","Blade_Aluminium_Pearl White_1400mm_Renesa+/Renesa Smart_GV3","0.00","600","0.00","10/12/2024"
"","Aman Maurya	- Inventory","Van","PI-118302","SRA2M0150","BLDC Motor_Renesa_TPW","0.00","700","0.00","10/12/2024"
"","Aman Maurya	- Inventory","Van","PI-118303","RA0916","Canopy_Gloss White_Alpha/Renesa Zen/Prime_GV5","0.00","150","0.00","10/12/2024"
"","Aman Maurya	- Inventory","Van","PI-119235","A1X1082","Blade_Aluminium_White_900mm_Renesa_GV3","0.00","600","0.00","10/12/2024"
"","Aman Maurya	- Inventory","Van","PI-119236","A144001","Extention Rod (Long) Black_TPW","0.00","80","0.00","10/12/2024"
"","Aman Maurya	- Inventory","Van","PI-119237","A022801","Motor Housing White_Renesa/Renesa+/Renesa Smart+ GV5","0.00","500","0.00","10/12/2024"
"","Aman Maurya	- Inventory","Van","PI-119238","A143901","Bottom Rod(Long)_Renesa/Stelios/Stelios Pro Pedestal Fan_Snow White_TPW","0.00","100","0.00","10/12/2024"
"","Aman Maurya	- Inventory","Van","PI-120544","RA0145","Canopy_Brown_CF_Renesa_GV3","0.00","150","0.00","10/12/2024"
"","Aman Maurya	- Inventory","Van","PI-120545","EA06301","Driver/Main PCB_Zenova_(MG1.1)","0.00","0","0.00","10/12/2024"
"","Aman Maurya	- Inventory","Van","PI-120546","A101801","Canopy top plate_White_1200mm_Aris_IOT_GV5","0.00","150","0.00","10/12/2024"
"","Aman Maurya	- Inventory","Van","PI-120547","A098102","Canopy Plate_Black_Aris Contour_GV5","0.00","0","0.00","10/12/2024"
"","Aman Maurya	- Inventory","Van","PI-120548","A002902","Top Cover Assembly_White_Aris_IOT_GV5","0.00","220","0.00","10/12/2024"
"","Aman Maurya	- Inventory","Van","PI-120549","A2X0013","Neck_Male_Snow White_Renesa/Stelios Pro/Izar Pedestal_TPW","0.00","0","0.00","10/12/2024"
"","Aman Maurya	- Inventory","Van","PI-120550","RA0098","Downrod_Brown_CF_Efficio_GV2","0.00","60","0.00","10/12/2024"
"","Aman Maurya	- Inventory","Van","PI-120551","A2X0014","Neck_Female_Snow White_Renesa/Stelios Pro/Izar Pedestal_TPW","0.00","0","0.00","10/12/2024"
"","Aman Maurya	- Inventory","Van","PI-121805","A022807","Motor Housing_Pearl white_Renesa+_GV5","0.00","600","0.00","10/12/2024"
"","Aman Maurya	- Inventory","Van","PI-121806","B1X0106","Motor_MG_Wine Red","0.00","2500","0.00","10/12/2024"
"","Aman Maurya	- Inventory","Van","PI-121807","SA0100","Stator_900mm_CF_GV5","0.00","220","0.00","10/12/2024"
"","Aman Maurya	- Inventory","Van","PI-123762","A101702","Top Canopy_Black_1200mm_Aris_IOT_GV5","0.00","150","0.00","10/12/2024"
"","Aman Maurya	- Inventory","Van","PI-123763","A101802","Canopy top Plate_Black_1200mm_Aris_IOT_GV5","0.00","150","0.00","10/12/2024"
"","Aman Maurya	- Inventory","Van","PI-124400","RA0114","Downrod_White_CF_Efficio_GV2","0.00","60","0.00","10/12/2024"
"","Aman Maurya	- Inventory","Van","PI-125287","EA07501","Main Power PCB_Aris Contour_GV5","0.00","0","0.00","10/12/2024"
"","Aman Maurya	- Inventory","Van","PI-125288","EA08501","Digital PCB _Aris Contour_GV5","0.00","0","0.00","10/12/2024"
"","Aman Maurya	- Inventory","Van","PI-126017","A091903","Plastic Bottom Cover along with Screw_Gloss Brown_Ameza_GV5","0.00","0","0.00","10/12/2024"
"","Aman Maurya	- Inventory","Van","PI-127554","A2X0027","Synchronous Motor_Renesa/Stelios/Stelios Pro_TPW","0.00","150","0.00","10/12/2024"
"","Aman Maurya	- Inventory","Van","PI-129084","A101701","Top Canopy_White_1200mm_Aris_IOT_GV5","0.00","150","0.00","10/12/2024"
"","Aman Maurya	- Inventory","Van","PI-143488","A1X0051","Blade_Aluminium_Sand Grey_1200mm_Studio+Reboot_GV5","0.00","600","0.00","10/12/2024"
"","Aman Maurya	- Inventory","Van","PI-143489","A029702","Blade_Plastic_White_1200mm_Aris_IOT_GV5","0.00","600","0.00","10/12/2024"
"","Aman Maurya	- Inventory","Van","PI-795626","TestProduct","Test PCB","0.00","0","0.00","10/12/2024"
"","Aman Maurya	- Inventory","Van","PI-803566","EA12301","Updated STM32 PCB C0_0.6M/0.9M/1.2M/ 1.4M_ Renesa/Renesa+/Studio+/Ikano/Prime_GV5","0.00","0","0.00","10/12/2024"
"","Aman Maurya	- Inventory","Van","PI-822127","EA18601","Updated STM32_PCB_White LED_Efficio Alpha/Enzel/Azor _GV5","0.00","0","0.00","10/12/2024"
"","Aman Maurya	- Inventory","Van","PI-824640","EA20801","Updated STM32_PCB_Enerio 28W_GV5","0.00","0","0.00","10/12/2024"
"","Aman Maurya	- Inventory","Van","PI-853252","A158701","Chutney/Multipurpose Jar Lid Gasket_Rubber_Zenova_(MG1.1)","0.00","0","0.00","10/12/2024"
"","Aman Maurya	- Inventory","Van","PI-853253","B1X0187","Lid Lock Clip_Plastic_Zenova_(MG1.1)","0.00","0","0.00","10/12/2024"
"","Aman Maurya	- Inventory","Van","PI-853254","A158201","Liquidizer Jar Lid Assembly with Gasket_Plastic_Zenova_(MG1.1)","0.00","0","0.00","10/12/2024"
"","Aman Maurya	- Inventory","Van","PI-858405","A3H0017","5 Pin Wire harness_Renesa Walrus/Pedestal_Black_TPW","0.00","0","0.00","10/12/2024"
"","Aman Maurya	- Inventory","Van","PI-863272","A064116","Blade_Aluminium_Enzel/Renesa Zen_1200mm_Dark Walnut_GV5","0.00","0","0.00","10/12/2024"
"","Aman Maurya	- Inventory","Van","PI-865814","A064120","Blade_Aluminium_Enzel/Renesa Zen_1200mm_Maplewood_GV5","0.00","0","0.00","10/12/2024"
"","Aman Maurya	- Inventory","Van","PI-868356","A064118","Blade_Aluminium_Enzel/Renesa Zen_1200mm_Mistly Teal_GV5","0.00","0","0.00","10/12/2024"
"","Aman Maurya	- Inventory","Van","PI-870898","A064119","Blade_Aluminium_Enzel/Renesa Zen_1200mm_Pebble Grey_GV5","0.00","0","0.00","10/12/2024"
"","Aman Maurya	- Inventory","Van","PI-873440","A170501","Updated Motor housing_Renesa Prime_GV5","0.00","0","0.00","10/12/2024"
"","Aman Maurya	- Inventory","Van","PI-888813","SA0105","Updated Plastic body with screw_Pebble Grey_Prime/Enzel/Zen_GV5","0.00","0","0.00","10/12/2024"
"","Aman Maurya	- Inventory","Van","PI-891366","SA0106","Updated Plastic body with screw_Gloss White_Prime/Enzel/Zen_GV5","0.00","0","0.00","10/12/2024"
"","Aman Maurya	- Inventory","Van","PI-893919","SA0107","Updated Plastic body with screw_Gloss Black_Prime/Enzel/Zen_GV5","0.00","0","0.00","10/12/2024"
"","Aman Maurya	- Inventory","Van","PI-896472","SA0108","Updated Plastic body with screw_Gloss Brown_Prime/Enzel/Zen_GV5","0.00","0","0.00","10/12/2024"
"","Aman Maurya	- Inventory","Van","PI-915245","TestSa001","PCB_Regulator_1200mm_Renesa Alpha_GV4Test","0.00","0","0.00","10/12/2024"
"","Aman Maurya	- Inventory","Van","PI-920484","EA07101","Sensor PCB_Zenova_MG","0.00","0","0.00","10/12/2024"
"","Aman Maurya	- Inventory","Van","PI-943729","A003401","Stator_1200mm_Aris_GV5","0.00","0","0.00","10/12/2024"
"","Aman Maurya	- Inventory","Van","PI-960197","A029703","Blade_Plastic_Steller Black_1200mm_Aris_IOT_GV5","0.00","0","0.00","10/12/2024"
"","Aman Maurya	- Inventory","Van","PI-962798","A101703","Top Canopy_Steller Black_1200mm_Aris_IOT_GV5","0.00","0","0.00","10/12/2024"
"","Aman Maurya	- Inventory","Van","PI-965399","A101803","Canopy top Plate_steller black_1200mm_Aris_IOT_GV5","0.00","0","0.00","10/12/2024"
"","Aman Maurya	- Inventory","Van","PI-968000","A102003","Middle upper canopy_Steller black_Aris_GV5","0.00","0","0.00","10/12/2024"
"","Aman Maurya	- Inventory","Van","PI-970601","A102203","Middle Lower canopy_Steller black_Aris_GV5","0.00","0","0.00","10/12/2024"
"","Aman Maurya	- Inventory","Van","PI-973202","A102403","Bottom Canopy_Steller Black_1220mm_Aris_IOT_GV5","0.00","0","0.00","10/12/2024"
"","Aman Maurya	- Inventory","Van","PI-975803","A006402","False cover_Aris_GV5","0.00","0","0.00","10/12/2024"
"","Aman Maurya	- Inventory","Van","PI-978404","A006505","Bottom cover_Steller black_Aris_GV5","0.00","0","0.00","10/12/2024"
"","Aman Maurya	- Inventory","Van","PI-981005","A002903","Motor Housing_Steller Black_1200mm_Aris_IOT_GV5","0.00","0","0.00","10/12/2024"
"","Aman Maurya	- Inventory","Van","PI-989049","A158402","Motor & Jar Coupler Set_MG1.0/Zenova/Maple_MG","0.00","0","0.00","10/12/2024"
"","Aman Maurya	- Inventory","Van","PI-991650","SA0110","Grill Belt Assembly_Black_Renesa Pedestal/Wall/Table/Stelios Pro/Izar Pedestal_TPW","0.00","0","0.00","10/12/2024"
"","Aman Maurya	- Inventory","Van","PI-994251","SA0109","Grill belt assembly_White_Renesa/Stelios/Izar Pedestal_TPW","0.00","0","0.00","10/12/2024"
"","Aman Maurya	- Inventory","Van","PI-1000419","RA1348","FG replacement Tags","0.00","0","0.00","10/12/2024"
"","Aman Maurya	- Inventory","Van","PI-1004183","RA1631","Service Cello Tape (Yellow - 3INX65M)","0.00","0","0.00","10/12/2024"
"","Aman Maurya	- Inventory","Van","PI-1006788","RA1632","Defective Spares Tag","0.00","0","0.00","10/12/2024"
"","Aman Maurya	- Inventory","Van","PI-1009393","RA1633","Defective FG Replacement seal","0.00","0","0.00","10/12/2024"
"","Aman Maurya	- Inventory","Van","PI-1024853","A073415","Downrod_Aegean Blue_CF","0.00","0","0.00","10/12/2024"
"","Aman Maurya	- Inventory","Van","PI-1049128","A073406","Downrod_Golden_CF","0.00","0","0.00","10/12/2024"
"","Aman Maurya	- Inventory","Van","PI-1052140","A091911","Bottom Cover_Ameza_GV5","0.00","0","0.00","10/12/2024"
"","Aman Maurya	- Inventory","Van","PI-1055152","EA16901","Updated_PCB STM32_1200mm_Erica/Ameza/Renesa Zen_1 LED_GV5","0.00","0","0.00","10/12/2024"
"","Aman Maurya	- Inventory","Van","PI-1058164","A112503","Canopy_Sea Sand Ivory_Ameza_GV5","0.00","0","0.00","10/12/2024"
"","Aman Maurya	- Inventory","Van","PI-1061376","A073401","Downrod_Earth Brown_CF_Studio+_GV4","0.00","60","0.00","10/12/2024"
"","Aman Maurya	- Inventory","Van","PI-1065592","A064113","Blade_Aluminium_SS Ivory_Renesa Prime _GV5","0.00","0","0.00","10/12/2024"
"","Aman Maurya	- Inventory","Van","PI-1102983","A3X0037","Neck Base wall Midnight black","0.00","80","0.00","10/12/2024"
"","Aman Maurya	- Inventory","Van","PI-1203287","RA0031","Oc Connector_CF","0.00","15","0.00","10/12/2024"
"","Aman Maurya	- Inventory","Van","PI-1282133","A033005","Canopy_Pearl White_Renesa+_GV5","0.00","150","0.00","10/12/2024"
"","Aman Maurya	- Inventory","Van","PI-1458974","A1X1087","Canopy_White Set_Erica_GV5","0.00","150","0.00","10/12/2024"
"","Aman Maurya	- Inventory","Van","PI-1467613","A022810","Motor Housing_Umber Brown_Renesa+_GV5","0.00","220","0.00","10/12/2024"
"","Aman Maurya	- Inventory","Van","PI-1467614","A056101","Blade_Aluminium_Renesa+ Reboot _1200_1200MM - UMBER BROWN_GV5","0.00","600","0.00","10/12/2024"
"","Aman Maurya	- Inventory","Van","PI-1489523","A135202","Grill Belt_Stelios/Stelios Pro Pedestal_Midnight Black_iTPW","0.00","0","0.00","10/12/2024"
"","Aman Maurya	- Inventory","Van","PI-1853088","SA0048","Body_Aluminium_Matt Brown_Efficio_GV2","0.00","300","0.00","10/12/2024"
"","Aman Maurya	- Inventory","Van","PI-1864025","A098101","Canopy Plate_Marble White_Aris Contour_GV5","0.00","0","0.00","10/12/2024"
"","Aman Maurya	- Inventory","Van","PI-2021656","A040005","Blade_Aluminium_STUDIO+_1200mm - MARBLE WHITE TEAKWOOD_GV5","0.00","600","0.00","10/12/2024"
"","Aman Maurya	- Inventory","Van","PI-2021657","A040007","Blade_Aluminium_White Teakwood_Studio+_GV5","0.00","0","0.00","10/12/2024"
"","Aman Maurya	- Inventory","Van","PI-2311785","DS","","0.00","1","0.00","10/12/2024"
"","Supresh Potale - Inventory","Van","PI-0259","RA0182","Diffuser (Bottom Cap)_White_Renesa_GV3","0.00","60","0.00","10/12/2024"
"","Supresh Potale - Inventory","Van","PI-0260","B1X0044","Wet/Dry jar sub asssembly MG1.0","0.00","450","0.00","10/12/2024"
"","Supresh Potale - Inventory","Van","PI-0261","RA0178","Diffuser_Pearl White_Efficio_GV2","0.00","25","0.00","10/12/2024"
"","Supresh Potale - Inventory","Van","PI-0262","SA0060","Power PCB (Without Potting) BL_CF_Renesa_GV3","0.00","400","0.00","10/12/2024"
"","Supresh Potale - Inventory","Van","PI-0263","B1X0031","Liquidizer jar sub assembly MG1.0","0.00","500","0.00","10/12/2024"
"","Supresh Potale - Inventory","Van","PI-0264","B1X0056","Chutney jar sub assembly MG1.0","0.00","450","0.00","10/12/2024"
"","Supresh Potale - Inventory","Van","PI-0265","SA0040","Motor Housing_Black_CF_Renesa_GV3","0.00","590","0.00","10/12/2024"
"","Supresh Potale - Inventory","Van","PI-0266","RA0183","Diffuser (Bottom Cap)_Black_Renesa_GV3","0.00","60","0.00","10/12/2024"
"","Supresh Potale - Inventory","Van","PI-0267","SA0056","Stator_CF_1200mm_Renesa/Renesa+/Renesa Smart_GV3","0.00","500","0.00","10/12/2024"
"","Supresh Potale - Inventory","Van","PI-2828","EA04101","PCB_Renesa/Renesa+/Ikano/Sudio+ STM8s, 70micron  (6 LED)_GV5","0.00","500","0.00","10/12/2024"
"","Supresh Potale - Inventory","Van","PI-3646","SA0041","Motor Housing_White_CF_Renesa_GV3","0.00","590","0.00","10/12/2024"
"","Supresh Potale - Inventory","Van","PI-3647","SA0044","Motor Housing_Pearl White_CF_Renesa+/Renesa Smart_GV3","0.00","590","0.00","10/12/2024"
"","Supresh Potale - Inventory","Van","PI-3648","EA01701","PCB_Erica/Ameza/Renesa Zen_GV5 (STM8s,70micron single LED)","0.00","500","0.00","10/12/2024"
"","Supresh Potale - Inventory","Van","PI-3649","SA0011","Consolidate PCB GV3_CF_Renesa+_GV3","0.00","350","0.00","10/12/2024"
"","Supresh Potale - Inventory","Van","PI-50379","RA0038","Spring_CF_Renesa_GV3","0.00","25","0.00","10/12/2024"
"","Supresh Potale - Inventory","Van","PI-50380","A022804","Motor Housing_Black_1200mm_Renesa+_GV5","0.00","600","0.00","10/12/2024"
"","Supresh Potale - Inventory","Van","PI-50381","RA0345","Circlip Pin_CF_Renesa_GV3","0.00","9","0.00","10/12/2024"
"","Supresh Potale - Inventory","Van","PI-50382","RA0028","Bearing 6202_CF","0.00","60","0.00","10/12/2024"
"","Supresh Potale - Inventory","Van","PI-50383","SA0038","PCB_Regulator_1200mm_Renesa Alpha_GV4","0.00","500","0.00","10/12/2024"
"","Supresh Potale - Inventory","Van","PI-50384","SA0020","Sensor PCB_CF","0.00","60","0.00","10/12/2024"
"","Supresh Potale - Inventory","Van","PI-50385","A1X0601","CF_Universal Remote New","0.00","250","0.00","10/12/2024"
"","Supresh Potale - Inventory","Van","PI-50386","SA0087","PCB_Main_1200mm_Ozeo_GV4","0.00","500","0.00","10/12/2024"
"","Supresh Potale - Inventory","Van","PI-50387","SA0061","Power PCB (Without Potting) WH_CF_Renesa_GV3","0.00","400","0.00","10/12/2024"
"","Supresh Potale - Inventory","Van","PI-50388","RA1105","Master Remote (Tech Use only)","0.00","250","0.00","10/12/2024"
"","Supresh Potale - Inventory","Van","PI-50389","SA0019","Consolidate PCB GV2_CF__Efficio_GV2","0.00","500","0.00","10/12/2024"
"","Supresh Potale - Inventory","Van","PI-50390","SRMASS0149","Diffuser Opener Tool_CF_Renesa+_GV3","0.00","4720","0.00","10/12/2024"
"","Supresh Potale - Inventory","Van","PI-50643","SA0042","Motor Housing_Brown_CF_Renesa_GV3","0.00","590","0.00","10/12/2024"
"","Supresh Potale - Inventory","Van","PI-52100","SA0102","Motor Housing_Aegean Blue_CF_Renesa+/Renesa Smart_GV3","0.00","600","0.00","10/12/2024"
"","Supresh Potale - Inventory","Van","PI-52101","SA0043","Motor Housing_Ivory_CF_Renesa_GV3","0.00","590","0.00","10/12/2024"
"","Supresh Potale - Inventory","Van","PI-52102","SA0045","Motor Housing_Earth Brown_CF_Renesa+/Renesa Smart_GV3","0.00","590","0.00","10/12/2024"
"","Supresh Potale - Inventory","Van","PI-52103","RA1238","Deactivated - Motor Housing_Golden_CF_Renesa+/Renesa Smart_GV3","0.00","600","0.00","10/12/2024"
"","Supresh Potale - Inventory","Van","PI-52104","SA0057","Stator_CF_1200mm_Efficio/Efficio+/Studio_GV2","0.00","500","0.00","10/12/2024"
"","Supresh Potale - Inventory","Van","PI-52547","A1X0140","Blade_Aluminium_Gloss Ivory_1200mm_Ikano_GV5","0.00","600","0.00","10/12/2024"
"","Supresh Potale - Inventory","Van","PI-52552","SRA1X1279","Motor_Gloss Black_1200mm_Ikano_GV5","0.00","2500","0.00","10/12/2024"
"","Supresh Potale - Inventory","Van","PI-52553","RA0075","Blade_Aluminium_G-Oak_1200mm_Renesa+/Renesa Smart_GV3","0.00","599","0.00","10/12/2024"
"","Supresh Potale - Inventory","Van","PI-52554","SRA1X1281","Motor_Gloss Ivory_1200mm_Ikano_GV5","0.00","2500","0.00","10/12/2024"
"","Supresh Potale - Inventory","Van","PI-52555","RA0071","Blade_Aluminium_Earth Brown_1200mm_Renesa+/Renesa Smart_GV3","0.00","599","0.00","10/12/2024"
"","Supresh Potale - Inventory","Van","PI-52557","RA0862","(Old canopy) CanopyPlate_Earth Brown_CF_Studio+_GV4","0.00","60","0.00","10/12/2024"
"","Supresh Potale - Inventory","Van","PI-53411","RA0143","Canopy_Earth Brown_CF_Renesa Smart+_GV3","0.00","150","0.00","10/12/2024"
"","Supresh Potale - Inventory","Van","PI-55830","SA0039","PCB_Remote_1200mm_Studio+_GV4","0.00","500","0.00","10/12/2024"
"","Supresh Potale - Inventory","Van","PI-56543","RA0146","Canopy_Black_CF_Renesa_GV3","0.00","150","0.00","10/12/2024"
"","Supresh Potale - Inventory","Van","PI-57056","RA1240","Blade_Aluminium_Midnight Black_1200mm_Renesa_GV3","0.00","600","0.00","10/12/2024"
"","Supresh Potale - Inventory","Van","PI-57057","SRMF0030","Motor_Brown_1200mm_Renesa_GV3","0.00","2500","0.00","10/12/2024"
"","Supresh Potale - Inventory","Van","PI-57058","RA0074","Blade_Aluminium_Matt Brown_1200mm_Renesa_GV3","0.00","599","0.00","10/12/2024"
"","Supresh Potale - Inventory","Van","PI-57059","SRMF0046","Motor_Black_1200mm_Renesa_GV3","0.00","2500","0.00","10/12/2024"
"","Supresh Potale - Inventory","Van","PI-58032","A023101","Motor Housing_Grey_Renesa+_GV5","0.00","600","0.00","10/12/2024"
"","Supresh Potale - Inventory","Van","PI-58033","SA0099","Stator_1200mm_Erica/Ikano/Ameza/Studio+Reboot/Renesa Reboot/Prime/Zen_GV5","0.00","500","0.00","10/12/2024"
"","Supresh Potale - Inventory","Van","PI-58538","SRA022903","Motor_Matt Brown_1200mm_Renesa Reboot_GV5","0.00","2500","0.00","10/12/2024"
"","Supresh Potale - Inventory","Van","PI-59386","EA03001","Smart PCB Phoenix Led_PCB_1200mm_GV5","0.00","700","0.00","10/12/2024"
"","Supresh Potale - Inventory","Van","PI-59513","A1X0042","Bottom Body_Plastic_Sand Grey_Studio+Reboot_GV5","0.00","220","0.00","10/12/2024"
"","Supresh Potale - Inventory","Van","PI-60441","SRMASS0058","Digital PCB_Efficio+_Wall Mount_TPW","0.00","350","0.00","10/12/2024"
"","Supresh Potale - Inventory","Van","PI-60442","SRMASS0075","Power PCB_Efficio+_Wall Mount_TPW","0.00","499","0.00","10/12/2024"
"","Supresh Potale - Inventory","Van","PI-61099","SA0098","Stator_CF_1400mm_Renesa/Renesa+/Renesa Smart_GV3","0.00","500","0.00","10/12/2024"
"","Supresh Potale - Inventory","Van","PI-61682","RA0083","Blade_Aluminium_Earth Brown_1400mm_Renesa+/Renesa Smart_GV3","0.00","599","0.00","10/12/2024"
"","Supresh Potale - Inventory","Van","PI-61683","A040001","Blade_Aluminium_Earth Brown_1200mm_Studio+Reboot_GV5","0.00","600","0.00","10/12/2024"
"","Supresh Potale - Inventory","Van","PI-62072","A1X1091","Blade_Aluminium_Aegean Blue_1200mm_Renesa+/Renesa Smart_GV3","0.00","600","0.00","10/12/2024"
"","Supresh Potale - Inventory","Van","PI-62092","RA0085","Blade_Aluminium_Golden Oak_1400mm_Renesa+/Renesa Smart_GV3","0.00","599","0.00","10/12/2024"
"","Supresh Potale - Inventory","Van","PI-62093","SRA023203","Motor_Mettalic Golden_1200mm_Renesa+Reboot_GV5","0.00","2500","0.00","10/12/2024"
"","Supresh Potale - Inventory","Van","PI-62812","SRA062201","Motor_ CF_Erica_1200 - Midnight Black_GV5","0.00","2500","0.00","10/12/2024"
"","Supresh Potale - Inventory","Van","PI-63023","RA0072","Blade_Aluminium_Pearl White_1200mm_Renesa+/Renesa Smart_GV3","0.00","599","0.00","10/12/2024"
"","Supresh Potale - Inventory","Van","PI-63066","SRMF0032","Motor_Brown_1400mm_Renesa_GV3","0.00","2500","0.00","10/12/2024"
"","Supresh Potale - Inventory","Van","PI-63067","EA03201","PCB Without LED Strip_PCB_GV5","0.00","500","0.00","10/12/2024"
"","Supresh Potale - Inventory","Van","PI-63068","A1X0137","Blade_Aluminium_White_1200mm_Ikano_GV5","0.00","600","0.00","10/12/2024"
"","Supresh Potale - Inventory","Van","PI-63069","SRA036401","Motor_Snow White_1200mm_Erica Smart_GV5","0.00","2500","0.00","10/12/2024"
"","Supresh Potale - Inventory","Van","PI-63292","RA0076","Blade_Aluminium_Natural Oak_1200mm_Renesa+/Renesa Smart_GV3","0.00","599","0.00","10/12/2024"
"","Supresh Potale - Inventory","Van","PI-64957","EA05401","Power PCB_Renesa Pedestal/Wall/Table_TPW","0.00","300","0.00","10/12/2024"
"","Supresh Potale - Inventory","Van","PI-64958","A2C0002","Power PCB_Renesa Pedestal Non Swing_TPW","0.00","500","0.00","10/12/2024"
"","Supresh Potale - Inventory","Van","PI-66286","A1X0136","Deactivated - Bottom Body Assembly_Ivory_Efficio Alpha/Ikano _GV5","0.00","220","0.00","10/12/2024"
"","Supresh Potale - Inventory","Van","PI-67008","A1X0134","Deactivated - Bottom Body_Plastic_Gloss Black_Ikano_GV5","0.00","220","0.00","10/12/2024"
"","Supresh Potale - Inventory","Van","PI-68113","A1X0051","Blade_Aluminium_Sand Grey_1200mm_Studio+Reboot_GV5","0.00","600","0.00","10/12/2024"
"","Supresh Potale - Inventory","Van","PI-68721","SA0001","Rotor_Efficio_GV2","0.00","300","0.00","10/12/2024"
"","Supresh Potale - Inventory","Van","PI-68722","SA0021","Main PCB_CF_1200mm_Efficio_Reg_28W_GV2","0.00","500","0.00","10/12/2024"
"","Supresh Potale - Inventory","Van","PI-68723","EA07701","PCB_Renesa_900mm/1400mm_GV5.0 Reboot PCBA _Nuvoton+UCC-70 Micron_GV5","0.00","500","0.00","10/12/2024"
"","Supresh Potale - Inventory","Van","PI-69933","RA0086","Blade_Aluminium_Pearl White_1400mm_Renesa+/Renesa Smart_GV3","0.00","600","0.00","10/12/2024"
"","Supresh Potale - Inventory","Van","PI-71869","SA0104","Motor Housing_Golden_CF_Renesa+/Renesa Smart_GV3","0.00","600","0.00","10/12/2024"
"","Supresh Potale - Inventory","Van","PI-72493","A1X0138","Blade_Aluminium_Black_1200mm_Ikano_GV5","0.00","600","0.00","10/12/2024"
"","Supresh Potale - Inventory","Van","PI-73487","A056101","Blade_Aluminium_Renesa+ Reboot _1200_1200MM - UMBER BROWN_GV5","0.00","600","0.00","10/12/2024"
"","Supresh Potale - Inventory","Van","PI-73527","A039904","Blade_Aluminium_Umber Brown_1200mm_Erica_GV5","0.00","600","0.00","10/12/2024"
"","Supresh Potale - Inventory","Van","PI-74667","SA0048","Body_Aluminium_Matt Brown_Efficio_GV2","0.00","300","0.00","10/12/2024"
"","Supresh Potale - Inventory","Van","PI-74668","SA0103","Motor Housing_Sandan Grey_CF_Renesa+/Renesa Smart_GV3","0.00","600","0.00","10/12/2024"
"","Supresh Potale - Inventory","Van","PI-75360","SPR0172","Top Motor Housing_Metal_Studio+_GV4","0.00","484","0.00","10/12/2024"
"","Supresh Potale - Inventory","Van","PI-75361","A1X1217","Stator_1200mm_Studio+/Renesa Alpha/Naveo_GV4","0.00","500","0.00","10/12/2024"
"","Supresh Potale - Inventory","Van","PI-75665","SRMF0037","Motor_Pearl White_900mm_Renesa+_GV3","0.00","2500","0.00","10/12/2024"
"","Supresh Potale - Inventory","Van","PI-75870","EA05301","SMART PCBA /Phoenix-1 LED_PCB_GV5","0.00","700","0.00","10/12/2024"
"","Supresh Potale - Inventory","Van","PI-75871","RA1236","Blade_Aluminium_Golden_1200mm_Renesa+/Renesa Smart_GV3","0.00","600","0.00","10/12/2024"
"","Supresh Potale - Inventory","Van","PI-79870","SRMF0127","Motor_Golden_1200mm_Renesa+_GV3","0.00","2500","0.00","10/12/2024"
"","Supresh Potale - Inventory","Van","PI-81820","A091902","Plastic Bottom Cover along with Screw_Gloss Black_Ikano/Efficio Alpha/Ameza_GV5","0.00","0","0.00","10/12/2024"
"","Supresh Potale - Inventory","Van","PI-81838","A026403","Blade_Aluminium_Brown_1200mm_Ameza_GV5","0.00","600","0.00","10/12/2024"
"","Supresh Potale - Inventory","Van","PI-85617","A1X1055","Blade_Aluminium_SnowWhite_1200mm_Erica_GV5","0.00","600","0.00","10/12/2024"
"","Supresh Potale - Inventory","Van","PI-85981","SA0010","Digital PCB_1200mm_Renesa Smart+_GV3","0.00","350","0.00","10/12/2024"
"","Supresh Potale - Inventory","Van","PI-86013","A141701","Surge Protection Device Module Assembly_CF","0.00","0","0.00","10/12/2024"
"","Supresh Potale - Inventory","Van","PI-795635","TestProduct","Test PCB","0.00","0","0.00","10/12/2024"
"","Supresh Potale - Inventory","Van","PI-822136","EA18601","Updated STM32_PCB_White LED_Efficio Alpha/Enzel/Azor _GV5","0.00","0","0.00","10/12/2024"
"","Supresh Potale - Inventory","Van","PI-824649","EA20801","Updated STM32_PCB_Enerio 28W_GV5","0.00","0","0.00","10/12/2024"
"","Supresh Potale - Inventory","Van","PI-858414","A3H0017","5 Pin Wire harness_Renesa Walrus/Pedestal_Black_TPW","0.00","0","0.00","10/12/2024"
"","Supresh Potale - Inventory","Van","PI-863281","A064116","Blade_Aluminium_Enzel/Renesa Zen_1200mm_Dark Walnut_GV5","0.00","0","0.00","10/12/2024"
"","Supresh Potale - Inventory","Van","PI-865823","A064120","Blade_Aluminium_Enzel/Renesa Zen_1200mm_Maplewood_GV5","0.00","0","0.00","10/12/2024"
"","Supresh Potale - Inventory","Van","PI-868365","A064118","Blade_Aluminium_Enzel/Renesa Zen_1200mm_Mistly Teal_GV5","0.00","0","0.00","10/12/2024"
"","Supresh Potale - Inventory","Van","PI-870907","A064119","Blade_Aluminium_Enzel/Renesa Zen_1200mm_Pebble Grey_GV5","0.00","0","0.00","10/12/2024"
"","Supresh Potale - Inventory","Van","PI-873449","A170501","Updated Motor housing_Renesa Prime_GV5","0.00","0","0.00","10/12/2024"
"","Supresh Potale - Inventory","Van","PI-888822","SA0105","Updated Plastic body with screw_Pebble Grey_Prime/Enzel/Zen_GV5","0.00","0","0.00","10/12/2024"
"","Supresh Potale - Inventory","Van","PI-891375","SA0106","Updated Plastic body with screw_Gloss White_Prime/Enzel/Zen_GV5","0.00","0","0.00","10/12/2024"
"","Supresh Potale - Inventory","Van","PI-893928","SA0107","Updated Plastic body with screw_Gloss Black_Prime/Enzel/Zen_GV5","0.00","0","0.00","10/12/2024"
"","Supresh Potale - Inventory","Van","PI-896481","SA0108","Updated Plastic body with screw_Gloss Brown_Prime/Enzel/Zen_GV5","0.00","0","0.00","10/12/2024"
"","Supresh Potale - Inventory","Van","PI-915254","TestSa001","PCB_Regulator_1200mm_Renesa Alpha_GV4Test","0.00","0","0.00","10/12/2024"
"","Supresh Potale - Inventory","Van","PI-920493","EA07101","Sensor PCB_Zenova_MG","0.00","0","0.00","10/12/2024"
"","Supresh Potale - Inventory","Van","PI-960206","A029703","Blade_Plastic_Steller Black_1200mm_Aris_IOT_GV5","0.00","0","0.00","10/12/2024"
"","Supresh Potale - Inventory","Van","PI-962807","A101703","Top Canopy_Steller Black_1200mm_Aris_IOT_GV5","0.00","0","0.00","10/12/2024"
"","Supresh Potale - Inventory","Van","PI-965408","A101803","Canopy top Plate_steller black_1200mm_Aris_IOT_GV5","0.00","0","0.00","10/12/2024"
"","Supresh Potale - Inventory","Van","PI-968009","A102003","Middle upper canopy_Steller black_Aris_GV5","0.00","0","0.00","10/12/2024"
"","Supresh Potale - Inventory","Van","PI-970610","A102203","Middle Lower canopy_Steller black_Aris_GV5","0.00","0","0.00","10/12/2024"
"","Supresh Potale - Inventory","Van","PI-973211","A102403","Bottom Canopy_Steller Black_1220mm_Aris_IOT_GV5","0.00","0","0.00","10/12/2024"
"","Supresh Potale - Inventory","Van","PI-975812","A006402","False cover_Aris_GV5","0.00","0","0.00","10/12/2024"
"","Supresh Potale - Inventory","Van","PI-978413","A006505","Bottom cover_Steller black_Aris_GV5","0.00","0","0.00","10/12/2024"
"","Supresh Potale - Inventory","Van","PI-981014","A002903","Motor Housing_Steller Black_1200mm_Aris_IOT_GV5","0.00","0","0.00","10/12/2024"
"","Supresh Potale - Inventory","Van","PI-989058","A158402","Motor & Jar Coupler Set_MG1.0/Zenova/Maple_MG","0.00","0","0.00","10/12/2024"
"","Supresh Potale - Inventory","Van","PI-991659","SA0110","Grill Belt Assembly_Black_Renesa Pedestal/Wall/Table/Stelios Pro/Izar Pedestal_TPW","0.00","0","0.00","10/12/2024"
"","Supresh Potale - Inventory","Van","PI-994260","SA0109","Grill belt assembly_White_Renesa/Stelios/Izar Pedestal_TPW","0.00","0","0.00","10/12/2024"
"","Supresh Potale - Inventory","Van","PI-1000428","RA1348","FG replacement Tags","0.00","0","0.00","10/12/2024"
"","Supresh Potale - Inventory","Van","PI-1004192","RA1631","Service Cello Tape (Yellow - 3INX65M)","0.00","0","0.00","10/12/2024"
"","Supresh Potale - Inventory","Van","PI-1006797","RA1632","Defective Spares Tag","0.00","0","0.00","10/12/2024"
"","Supresh Potale - Inventory","Van","PI-1009402","RA1633","Defective FG Replacement seal","0.00","0","0.00","10/12/2024"
"","Supresh Potale - Inventory","Van","PI-1024862","A073415","Downrod_Aegean Blue_CF","0.00","0","0.00","10/12/2024"
"","Supresh Potale - Inventory","Van","PI-1049137","A073406","Downrod_Golden_CF","0.00","0","0.00","10/12/2024"
"","Supresh Potale - Inventory","Van","PI-1052149","A091911","Bottom Cover_Ameza_GV5","0.00","0","0.00","10/12/2024"
"","Supresh Potale - Inventory","Van","PI-1055161","EA16901","Updated_PCB STM32_1200mm_Erica/Ameza/Renesa Zen_1 LED_GV5","0.00","0","0.00","10/12/2024"
"","Supresh Potale - Inventory","Van","PI-1058173","A112503","Canopy_Sea Sand Ivory_Ameza_GV5","0.00","0","0.00","10/12/2024"
"","Supresh Potale - Inventory","Van","PI-1061385","A073401","Downrod_Earth Brown_CF_Studio+_GV4","0.00","60","0.00","10/12/2024"
"","Supresh Potale - Inventory","Van","PI-1065770","A064113","Blade_Aluminium_SS Ivory_Renesa Prime _GV5","0.00","0","0.00","10/12/2024"
"","Talah Shaikh - Inventory","Van","PI-90020","RA0946","BLDC Motor_Efficio+_TPW","0.00","599","0.00","10/12/2024"
"","Talah Shaikh - Inventory","Van","PI-90021","A091904","Plastic Bottom Cover along with Screw_Gloss Ivory_Ameza_GV5","0.00","0","0.00","10/12/2024"
"","Talah Shaikh - Inventory","Van","PI-90022","A091901","Plastic Bottom Cover along with Screw_Gloss White_Ameza_GV5","0.00","0","0.00","10/12/2024"
"","Talah Shaikh - Inventory","Van","PI-90023","A022801","Motor Housing White_Renesa/Renesa+/Renesa Smart+ GV5","0.00","500","0.00","10/12/2024"
"","Talah Shaikh - Inventory","Van","PI-90024","A091903","Plastic Bottom Cover along with Screw_Gloss Brown_Ameza_GV5","0.00","0","0.00","10/12/2024"
"","Talah Shaikh - Inventory","Van","PI-90025","SRMASS0158","BLDC Motor_200mm_Efficio_EXH","0.00","635","0.00","10/12/2024"
"","Talah Shaikh - Inventory","Van","PI-90026","A091902","Plastic Bottom Cover along with Screw_Gloss Black_Ikano/Efficio Alpha/Ameza_GV5","0.00","0","0.00","10/12/2024"
"","Talah Shaikh - Inventory","Van","PI-90027","SRMASS0074","Power PCB_Efficio+_Pedestal_TPW","0.00","499","0.00","10/12/2024"
"","Talah Shaikh - Inventory","Van","PI-93123","SA0097","Stator_CF_0900mm_Renesa/Renesa+/Renesa Smart_GV3","0.00","500","0.00","10/12/2024"
"","Talah Shaikh - Inventory","Van","PI-93124","SA0055","Stator_CF_600mm_Renesa/Renesa+/Renesa Smart_GV3","0.00","500","0.00","10/12/2024"
"","Talah Shaikh - Inventory","Van","PI-93125","RA0183","Diffuser (Bottom Cap)_Black_Renesa_GV3","0.00","60","0.00","10/12/2024"
"","Talah Shaikh - Inventory","Van","PI-93126","SA0098","Stator_CF_1400mm_Renesa/Renesa+/Renesa Smart_GV3","0.00","500","0.00","10/12/2024"
"","Talah Shaikh - Inventory","Van","PI-93127","SRMF0031","Motor_White_1200mm_Renesa_GV3","0.00","2500","0.00","10/12/2024"
"","Talah Shaikh - Inventory","Van","PI-95658","A1X0137","Blade_Aluminium_White_1200mm_Ikano_GV5","0.00","600","0.00","10/12/2024"
"","Talah Shaikh - Inventory","Van","PI-95659","SRMASS0060","Display PCB_Efficio+_Pedestal_TPW","0.00","349","0.00","10/12/2024"
"","Talah Shaikh - Inventory","Van","PI-95660","A141701","Surge Protection Device Module Assembly_CF","0.00","0","0.00","10/12/2024"
"","Talah Shaikh - Inventory","Van","PI-95661","A1X0138","Blade_Aluminium_Black_1200mm_Ikano_GV5","0.00","600","0.00","10/12/2024"
"","Talah Shaikh - Inventory","Van","PI-95662","SRMASS0056","Control PCB_Efficio+_Pedestal_TPW","0.00","349","0.00","10/12/2024"
"","Talah Shaikh - Inventory","Van","PI-95663","EA05301","SMART PCBA /Phoenix-1 LED_PCB_GV5","0.00","700","0.00","10/12/2024"
"","Talah Shaikh - Inventory","Van","PI-95664","A1X0140","Blade_Aluminium_Gloss Ivory_1200mm_Ikano_GV5","0.00","600","0.00","10/12/2024"
"","Talah Shaikh - Inventory","Van","PI-95665","A1X1055","Blade_Aluminium_SnowWhite_1200mm_Erica_GV5","0.00","600","0.00","10/12/2024"
"","Talah Shaikh - Inventory","Van","PI-4048","EA04101","PCB_Renesa/Renesa+/Ikano/Sudio+ STM8s, 70micron  (6 LED)_GV5","0.00","500","0.00","10/12/2024"
"","Talah Shaikh - Inventory","Van","PI-4049","SA0060","Power PCB (Without Potting) BL_CF_Renesa_GV3","0.00","400","0.00","10/12/2024"
"","Talah Shaikh - Inventory","Van","PI-4050","SA0011","Consolidate PCB GV3_CF_Renesa+_GV3","0.00","350","0.00","10/12/2024"
"","Talah Shaikh - Inventory","Van","PI-4051","SA0019","Consolidate PCB GV2_CF__Efficio_GV2","0.00","500","0.00","10/12/2024"
"","Talah Shaikh - Inventory","Van","PI-4052","SA0020","Sensor PCB_CF","0.00","60","0.00","10/12/2024"
"","Talah Shaikh - Inventory","Van","PI-4053","RA0038","Spring_CF_Renesa_GV3","0.00","25","0.00","10/12/2024"
"","Talah Shaikh - Inventory","Van","PI-4054","RA0345","Circlip Pin_CF_Renesa_GV3","0.00","9","0.00","10/12/2024"
"","Talah Shaikh - Inventory","Van","PI-4055","EA03001","Smart PCB Phoenix Led_PCB_1200mm_GV5","0.00","700","0.00","10/12/2024"
"","Talah Shaikh - Inventory","Van","PI-4056","SA0087","PCB_Main_1200mm_Ozeo_GV4","0.00","500","0.00","10/12/2024"
"","Talah Shaikh - Inventory","Van","PI-4057","SA0061","Power PCB (Without Potting) WH_CF_Renesa_GV3","0.00","400","0.00","10/12/2024"
"","Talah Shaikh - Inventory","Van","PI-4058","SA0039","PCB_Remote_1200mm_Studio+_GV4","0.00","500","0.00","10/12/2024"
"","Talah Shaikh - Inventory","Van","PI-4059","SA0056","Stator_CF_1200mm_Renesa/Renesa+/Renesa Smart_GV3","0.00","500","0.00","10/12/2024"
"","Talah Shaikh - Inventory","Van","PI-4060","SA0038","PCB_Regulator_1200mm_Renesa Alpha_GV4","0.00","500","0.00","10/12/2024"
"","Talah Shaikh - Inventory","Van","PI-46702","A1X0601","CF_Universal Remote New","0.00","250","0.00","10/12/2024"
"","Talah Shaikh - Inventory","Van","PI-46950","SA0044","Motor Housing_Pearl White_CF_Renesa+/Renesa Smart_GV3","0.00","590","0.00","10/12/2024"
"","Talah Shaikh - Inventory","Van","PI-46951","SA0057","Stator_CF_1200mm_Efficio/Efficio+/Studio_GV2","0.00","500","0.00","10/12/2024"
"","Talah Shaikh - Inventory","Van","PI-46952","EA01701","PCB_Erica/Ameza/Renesa Zen_GV5 (STM8s,70micron single LED)","0.00","500","0.00","10/12/2024"
"","Talah Shaikh - Inventory","Van","PI-46953","RA0031","Oc Connector_CF","0.00","15","0.00","10/12/2024"
"","Talah Shaikh - Inventory","Van","PI-46954","SA0040","Motor Housing_Black_CF_Renesa_GV3","0.00","590","0.00","10/12/2024"
"","Talah Shaikh - Inventory","Van","PI-46955","RA0173","Sensor Holder_CF","0.00","30","0.00","10/12/2024"
"","Talah Shaikh - Inventory","Van","PI-46956","SA0041","Motor Housing_White_CF_Renesa_GV3","0.00","590","0.00","10/12/2024"
"","Talah Shaikh - Inventory","Van","PI-46957","RA1239","Deactivated - Motor Housing_Sandan Grey_CF_Renesa+/Renesa Smart_GV3","0.00","600","0.00","10/12/2024"
"","Talah Shaikh - Inventory","Van","PI-46958","RA1238","Deactivated - Motor Housing_Golden_CF_Renesa+/Renesa Smart_GV3","0.00","600","0.00","10/12/2024"
"","Talah Shaikh - Inventory","Van","PI-46959","SA0043","Motor Housing_Ivory_CF_Renesa_GV3","0.00","590","0.00","10/12/2024"
"","Talah Shaikh - Inventory","Van","PI-46960","B1X0044","Wet/Dry jar sub asssembly MG1.0","0.00","450","0.00","10/12/2024"
"","Talah Shaikh - Inventory","Van","PI-46961","SA0001","Rotor_Efficio_GV2","0.00","300","0.00","10/12/2024"
"","Talah Shaikh - Inventory","Van","PI-46962","B1X0031","Liquidizer jar sub assembly MG1.0","0.00","500","0.00","10/12/2024"
"","Talah Shaikh - Inventory","Van","PI-46963","SA0042","Motor Housing_Brown_CF_Renesa_GV3","0.00","590","0.00","10/12/2024"
"","Talah Shaikh - Inventory","Van","PI-46964","B1X0056","Chutney jar sub assembly MG1.0","0.00","450","0.00","10/12/2024"
"","Talah Shaikh - Inventory","Van","PI-46965","SA0045","Motor Housing_Earth Brown_CF_Renesa+/Renesa Smart_GV3","0.00","590","0.00","10/12/2024"
"","Talah Shaikh - Inventory","Van","PI-47156","SA0010","Digital PCB_1200mm_Renesa Smart+_GV3","0.00","350","0.00","10/12/2024"
"","Talah Shaikh - Inventory","Van","PI-47657","EA17601","PCB With LED Strip__Aris Starlight_GV5","0.00","500","0.00","10/12/2024"
"","Talah Shaikh - Inventory","Van","PI-52565","RA0028","Bearing 6202_CF","0.00","60","0.00","10/12/2024"
"","Talah Shaikh - Inventory","Van","PI-55098","RA0072","Blade_Aluminium_Pearl White_1200mm_Renesa+/Renesa Smart_GV3","0.00","599","0.00","10/12/2024"
"","Talah Shaikh - Inventory","Van","PI-55439","SA0021","Main PCB_CF_1200mm_Efficio_Reg_28W_GV2","0.00","500","0.00","10/12/2024"
"","Talah Shaikh - Inventory","Van","PI-55440","RA0156","Remote_CF_Efficio_GV2","0.00","150","0.00","10/12/2024"
"","Talah Shaikh - Inventory","Van","PI-55441","A2C0002","Power PCB_Renesa Pedestal Non Swing_TPW","0.00","500","0.00","10/12/2024"
"","Talah Shaikh - Inventory","Van","PI-55442","SRMASS0159","Main PCB_Studio+_EXH","0.00","450","0.00","10/12/2024"
"","Talah Shaikh - Inventory","Van","PI-55834","EA03201","PCB Without LED Strip_PCB_GV5","0.00","500","0.00","10/12/2024"
"","Talah Shaikh - Inventory","Van","PI-55835","A142202","Blade_Aluminium_Brown_1200mm_Efficio/Efficio+/Studio_GV2","0.00","599","0.00","10/12/2024"
"","Talah Shaikh - Inventory","Van","PI-55836","B1X0117","Motor_MG_Black","0.00","2500","0.00","10/12/2024"
"","Talah Shaikh - Inventory","Van","PI-55837","SA0022","Main PCB_CF_1400mm_Efficio_Reg_35W_GV2","0.00","500","0.00","10/12/2024"
"","Talah Shaikh - Inventory","Van","PI-56740","SA0058","Stator_CF_1400mm_Efficio/Efficio+/Studio_GV2","0.00","500","0.00","10/12/2024"
"","Talah Shaikh - Inventory","Van","PI-58036","SRMASS0160","BLDC Motor_150mm_Studio+_EXH","0.00","599","0.00","10/12/2024"
"","Talah Shaikh - Inventory","Van","PI-60811","SRMF0128","Motor_Sand Grey_1200mm_Renesa+_GV3","0.00","2500","0.00","10/12/2024"
"","Talah Shaikh - Inventory","Van","PI-62631","SRMF0008","Motor_Brown_1200mm_Efficio_GV2","0.00","2500","0.00","10/12/2024"
"","Talah Shaikh - Inventory","Van","PI-62632","EA07701","PCB_Renesa_900mm/1400mm_GV5.0 Reboot PCBA _Nuvoton+UCC-70 Micron_GV5","0.00","500","0.00","10/12/2024"
"","Talah Shaikh - Inventory","Van","PI-66044","SRSPR0988","Motor Bldc_150mm_Efficio+_EXH","0.00","500","0.00","10/12/2024"
"","Talah Shaikh - Inventory","Van","PI-66045","RA0073","Blade_Aluminium_Ivory_1200mm_Renesa_GV3","0.00","599","0.00","10/12/2024"
"","Talah Shaikh - Inventory","Van","PI-66046","RA0918","Deactivated - (old code) Blade_Aluminium_White_1200mm_Renesa Alpha_GV4","0.00","599","0.00","10/12/2024"
"","Talah Shaikh - Inventory","Van","PI-66047","RA1240","Blade_Aluminium_Midnight Black_1200mm_Renesa_GV3","0.00","600","0.00","10/12/2024"
"","Talah Shaikh - Inventory","Van","PI-66365","A004001","Motor Bldc_150mm_Studio_EXH","0.00","599","0.00","10/12/2024"
"","Talah Shaikh - Inventory","Van","PI-67324","SRMF0030","Motor_Brown_1200mm_Renesa_GV3","0.00","2500","0.00","10/12/2024"
"","Talah Shaikh - Inventory","Van","PI-71877","SA0104","Motor Housing_Golden_CF_Renesa+/Renesa Smart_GV3","0.00","600","0.00","10/12/2024"
"","Talah Shaikh - Inventory","Van","PI-78896","SA0099","Stator_1200mm_Erica/Ikano/Ameza/Studio+Reboot/Renesa Reboot/Prime/Zen_GV5","0.00","500","0.00","10/12/2024"
"","Talah Shaikh - Inventory","Van","PI-78897","A023101","Motor Housing_Grey_Renesa+_GV5","0.00","600","0.00","10/12/2024"
"","Talah Shaikh - Inventory","Van","PI-78898","A022804","Motor Housing_Black_1200mm_Renesa+_GV5","0.00","600","0.00","10/12/2024"
"","Talah Shaikh - Inventory","Van","PI-85046","SA0103","Motor Housing_Sandan Grey_CF_Renesa+/Renesa Smart_GV3","0.00","600","0.00","10/12/2024"
"","Talah Shaikh - Inventory","Van","PI-101885","EA05401","Power PCB_Renesa Pedestal/Wall/Table_TPW","0.00","300","0.00","10/12/2024"
"","Talah Shaikh - Inventory","Van","PI-101886","SA0102","Motor Housing_Aegean Blue_CF_Renesa+/Renesa Smart_GV3","0.00","600","0.00","10/12/2024"
"","Talah Shaikh - Inventory","Van","PI-105588","B1X0116","MG1.0 Knob Assembly","0.00","80","0.00","10/12/2024"
"","Talah Shaikh - Inventory","Van","PI-109479","A091905","Plastic Bottom Cover along with Screw_Gloss White_Ikano/Efficio Alpha_GV5","0.00","0","0.00","10/12/2024"
"","Talah Shaikh - Inventory","Van","PI-109480","RA0070","Blade_Aluminium_White_1200mm_Renesa_GV3","0.00","599","0.00","10/12/2024"
"","Talah Shaikh - Inventory","Van","PI-109481","A091906","Plastic Bottom Cover along with Screw_Gloss Brown_Ikano/Efficio Alpha_GV5","0.00","0","0.00","10/12/2024"
"","Talah Shaikh - Inventory","Van","PI-109482","EA02401","Digital PCB_Renesa Wall Mount_TPW","0.00","350","0.00","10/12/2024"
"","Talah Shaikh - Inventory","Van","PI-111226","A142201","Blade_Aluminium_White_1200mm_Efficio/Efficio+/Studio_GV2","0.00","599","0.00","10/12/2024"
"","Talah Shaikh - Inventory","Van","PI-112291","A1X1082","Blade_Aluminium_White_900mm_Renesa_GV3","0.00","600","0.00","10/12/2024"
"","Talah Shaikh - Inventory","Van","PI-112292","RA0157","Remote_CF_Renesa_GV3","0.00","150","0.00","10/12/2024"
"","Talah Shaikh - Inventory","Van","PI-112293","SRA2M0150","BLDC Motor_Renesa_TPW","0.00","700","0.00","10/12/2024"
"","Talah Shaikh - Inventory","Van","PI-112298","A1X1282","Motor Housing_Sand Grey_Studio+Reboot_GV5","0.00","220","0.00","10/12/2024"
"","Talah Shaikh - Inventory","Van","PI-112299","A1X0042","Bottom Body_Plastic_Sand Grey_Studio+Reboot_GV5","0.00","220","0.00","10/12/2024"
"","Talah Shaikh - Inventory","Van","PI-114393","A159801","MG1.1 SS Jar Set with Lids Service","0.00","0","0.00","10/12/2024"
"","Talah Shaikh - Inventory","Van","PI-116655","SA0101","Stator_1400mm_GV5","0.00","500","0.00","10/12/2024"
"","Talah Shaikh - Inventory","Van","PI-121628","RA0074","Blade_Aluminium_Matt Brown_1200mm_Renesa_GV3","0.00","599","0.00","10/12/2024"
"","Talah Shaikh - Inventory","Van","PI-121629","B1H0024","Jar Coupler_Plastic_MG_1.0","0.00","50","0.00","10/12/2024"
"","Talah Shaikh - Inventory","Van","PI-122386","A3X0036","Remote_Renesa Pedestal/Wall/Table/Stelios Pro/Izar Pedestal_TPW","0.00","250","0.00","10/12/2024"
"","Talah Shaikh - Inventory","Van","PI-140068","EA08401","PCB_Renesa Prime_GV5 (Capacitor)","0.00","500","0.00","10/12/2024"
"","Talah Shaikh - Inventory","Van","PI-795610","TestProduct","Test PCB","0.00","0","0.00","10/12/2024"
"","Talah Shaikh - Inventory","Van","PI-819540","EA12301","Updated STM32 PCB C0_0.6M/0.9M/1.2M/ 1.4M_ Renesa/Renesa+/Studio+/Ikano/Prime_GV5","0.00","0","0.00","10/12/2024"
"","Talah Shaikh - Inventory","Van","PI-822111","EA18601","Updated STM32_PCB_White LED_Efficio Alpha/Enzel/Azor _GV5","0.00","0","0.00","10/12/2024"
"","Talah Shaikh - Inventory","Van","PI-824624","EA20801","Updated STM32_PCB_Enerio 28W_GV5","0.00","0","0.00","10/12/2024"
"","Talah Shaikh - Inventory","Van","PI-856761","A091907","Plastic Bottom Cover along with Screw_Gloss Ivory_Ikano/Efficio Alpha_GV5","0.00","0","0.00","10/12/2024"
"","Talah Shaikh - Inventory","Van","PI-858389","A3H0017","5 Pin Wire harness_Renesa Walrus/Pedestal_Black_TPW","0.00","0","0.00","10/12/2024"
"","Talah Shaikh - Inventory","Van","PI-863256","A064116","Blade_Aluminium_Enzel/Renesa Zen_1200mm_Dark Walnut_GV5","0.00","0","0.00","10/12/2024"
"","Talah Shaikh - Inventory","Van","PI-865798","A064120","Blade_Aluminium_Enzel/Renesa Zen_1200mm_Maplewood_GV5","0.00","0","0.00","10/12/2024"
"","Talah Shaikh - Inventory","Van","PI-868340","A064118","Blade_Aluminium_Enzel/Renesa Zen_1200mm_Mistly Teal_GV5","0.00","0","0.00","10/12/2024"
"","Talah Shaikh - Inventory","Van","PI-870882","A064119","Blade_Aluminium_Enzel/Renesa Zen_1200mm_Pebble Grey_GV5","0.00","0","0.00","10/12/2024"
"","Talah Shaikh - Inventory","Van","PI-873424","A170501","Updated Motor housing_Renesa Prime_GV5","0.00","0","0.00","10/12/2024"
"","Talah Shaikh - Inventory","Van","PI-888797","SA0105","Updated Plastic body with screw_Pebble Grey_Prime/Enzel/Zen_GV5","0.00","0","0.00","10/12/2024"
"","Talah Shaikh - Inventory","Van","PI-891350","SA0106","Updated Plastic body with screw_Gloss White_Prime/Enzel/Zen_GV5","0.00","0","0.00","10/12/2024"
"","Talah Shaikh - Inventory","Van","PI-893903","SA0107","Updated Plastic body with screw_Gloss Black_Prime/Enzel/Zen_GV5","0.00","0","0.00","10/12/2024"
"","Talah Shaikh - Inventory","Van","PI-896456","SA0108","Updated Plastic body with screw_Gloss Brown_Prime/Enzel/Zen_GV5","0.00","0","0.00","10/12/2024"
"","Talah Shaikh - Inventory","Van","PI-915229","TestSa001","PCB_Regulator_1200mm_Renesa Alpha_GV4Test","0.00","0","0.00","10/12/2024"
"","Talah Shaikh - Inventory","Van","PI-917620","SA0086","Motor Housing_Gloss Black_Efficio Alpha/Ikano/Ameza _GV5","0.00","300","0.00","10/12/2024"
"","Talah Shaikh - Inventory","Van","PI-920468","EA07101","Sensor PCB_Zenova_MG","0.00","0","0.00","10/12/2024"
"","Talah Shaikh - Inventory","Van","PI-960181","A029703","Blade_Plastic_Steller Black_1200mm_Aris_IOT_GV5","0.00","0","0.00","10/12/2024"
"","Talah Shaikh - Inventory","Van","PI-962782","A101703","Top Canopy_Steller Black_1200mm_Aris_IOT_GV5","0.00","0","0.00","10/12/2024"
"","Talah Shaikh - Inventory","Van","PI-965383","A101803","Canopy top Plate_steller black_1200mm_Aris_IOT_GV5","0.00","0","0.00","10/12/2024"
"","Talah Shaikh - Inventory","Van","PI-967984","A102003","Middle upper canopy_Steller black_Aris_GV5","0.00","0","0.00","10/12/2024"
"","Talah Shaikh - Inventory","Van","PI-970585","A102203","Middle Lower canopy_Steller black_Aris_GV5","0.00","0","0.00","10/12/2024"
"","Talah Shaikh - Inventory","Van","PI-973186","A102403","Bottom Canopy_Steller Black_1220mm_Aris_IOT_GV5","0.00","0","0.00","10/12/2024"
"","Talah Shaikh - Inventory","Van","PI-975787","A006402","False cover_Aris_GV5","0.00","0","0.00","10/12/2024"
"","Talah Shaikh - Inventory","Van","PI-978388","A006505","Bottom cover_Steller black_Aris_GV5","0.00","0","0.00","10/12/2024"
"","Talah Shaikh - Inventory","Van","PI-980989","A002903","Motor Housing_Steller Black_1200mm_Aris_IOT_GV5","0.00","0","0.00","10/12/2024"
"","Talah Shaikh - Inventory","Van","PI-989033","A158402","Motor & Jar Coupler Set_MG1.0/Zenova/Maple_MG","0.00","0","0.00","10/12/2024"
"","Talah Shaikh - Inventory","Van","PI-991634","SA0110","Grill Belt Assembly_Black_Renesa Pedestal/Wall/Table/Stelios Pro/Izar Pedestal_TPW","0.00","0","0.00","10/12/2024"
"","Talah Shaikh - Inventory","Van","PI-994235","SA0109","Grill belt assembly_White_Renesa/Stelios/Izar Pedestal_TPW","0.00","0","0.00","10/12/2024"
"","Talah Shaikh - Inventory","Van","PI-1000403","RA1348","FG replacement Tags","0.00","0","0.00","10/12/2024"
"","Talah Shaikh - Inventory","Van","PI-1004167","RA1631","Service Cello Tape (Yellow - 3INX65M)","0.00","0","0.00","10/12/2024"
"","Talah Shaikh - Inventory","Van","PI-1006772","RA1632","Defective Spares Tag","0.00","0","0.00","10/12/2024"
"","Talah Shaikh - Inventory","Van","PI-1009377","RA1633","Defective FG Replacement seal","0.00","0","0.00","10/12/2024"
"","Talah Shaikh - Inventory","Van","PI-1024837","A073415","Downrod_Aegean Blue_CF","0.00","0","0.00","10/12/2024"
"","Talah Shaikh - Inventory","Van","PI-1049112","A073406","Downrod_Golden_CF","0.00","0","0.00","10/12/2024"
"","Talah Shaikh - Inventory","Van","PI-1052124","A091911","Bottom Cover_Ameza_GV5","0.00","0","0.00","10/12/2024"
"","Talah Shaikh - Inventory","Van","PI-1055136","EA16901","Updated_PCB STM32_1200mm_Erica/Ameza/Renesa Zen_1 LED_GV5","0.00","0","0.00","10/12/2024"
"","Talah Shaikh - Inventory","Van","PI-1058148","A112503","Canopy_Sea Sand Ivory_Ameza_GV5","0.00","0","0.00","10/12/2024"
"","Talah Shaikh - Inventory","Van","PI-1061360","A073401","Downrod_Earth Brown_CF_Studio+_GV4","0.00","60","0.00","10/12/2024"
"","Talah Shaikh - Inventory","Van","PI-1065577","A064113","Blade_Aluminium_SS Ivory_Renesa Prime _GV5","0.00","0","0.00","10/12/2024"
"","Talah Shaikh - Inventory","Van","PI-1075944","A2X0027","Synchronous Motor_Renesa/Stelios/Stelios Pro_TPW","0.00","150","0.00","10/12/2024"
"","Talah Shaikh - Inventory","Van","PI-1259980","SRMASS0058","Digital PCB_Efficio+_Wall Mount_TPW","0.00","350","0.00","10/12/2024"
"","Talah Shaikh - Inventory","Van","PI-1259981","SRMASS0075","Power PCB_Efficio+_Wall Mount_TPW","0.00","499","0.00","10/12/2024"
"","Talah Shaikh - Inventory","Van","PI-1384241","EA12401","PCB_White LED_Efficio Alpha/Enzel _GV5","0.00","500","0.00","10/12/2024"
"","Talah Shaikh - Inventory","Van","PI-1458397","A1X0139","Blade_Aluminium_Gloss Brown_1200mm_Ikano_GV5","0.00","600","0.00","10/12/2024"
"","Talah Shaikh - Inventory","Van","PI-1564708","RA0057","Blade_Aluminium_Black_1200mm_Efficio/Efficio+/Studio_GV2","0.00","599","0.00","10/12/2024"
"","Talah Shaikh - Inventory","Van","PI-1564709","A171103","Blade Aluminium_1200mm_Matt Black_Renesa Elite_GV5","0.00","0","0.00","10/12/2024"
"","Talah Shaikh - Inventory","Van","PI-1564770","RA0075","Blade_Aluminium_G-Oak_1200mm_Renesa+/Renesa Smart_GV3","0.00","599","0.00","10/12/2024"
"","Talah Shaikh - Inventory","Van","PI-1680954","EA17701","PCB 41W_Aris non-starlight_GV5","0.00","0","0.00","10/12/2024"
"","Talah Shaikh - Inventory","Van","PI-1689489","A064112","Blade_Gloss Brown_1200mm_Renesa Prime_GV5","0.00","0","0.00","10/12/2024"
"","Talah Shaikh - Inventory","Van","PI-1754852","RA0914","Body_Top Plastic Assembly_Gloss White_Alpha/Renesa Zen/Prime_GV5","0.00","150","0.00","10/12/2024"
"","Talah Shaikh - Inventory","Van","PI-1755386","A040001","Blade_Aluminium_Earth Brown_1200mm_Studio+Reboot_GV5","0.00","600","0.00","10/12/2024"
"","Talah Shaikh - Inventory","Van","PI-1773172","B1C0001","MG 1 Driver PCB","0.00","1000","0.00","10/12/2024"
"","Talah Shaikh - Inventory","Van","PI-1773173","RA0924","Body_Top Plastic Assembly_Gloss Black_Alpha/Renesa Zen/Prime_GV5","1.00","220","1.00","10/12/2024"
"","Talah Shaikh - Inventory","Van","PI-1795073","B1C0002","MG 1 Interface PCB","0.00","350","0.00","10/12/2024"
"","Talah Shaikh - Inventory","Van","PI-1795130","EA06301","Driver/Main PCB_Zenova_(MG1.1)","0.00","0","0.00","10/12/2024"
"","Talah Shaikh - Inventory","Van","PI-1803756","A171109","Blade Aluminium_1200mm_Gold Oak_Renesa Elite_GV5","0.00","0","0.00","10/12/2024"
"","Talah Shaikh - Inventory","Van","PI-1811763","B1C0003","MG 1 Sensor PCB","0.00","150","0.00","10/12/2024"
"","Talah Shaikh - Inventory","Van","PI-1811764","RA0175","PCB Base_CF_Efficio_GV2","0.00","30","0.00","10/12/2024"
"","Talah Shaikh - Inventory","Van","PI-1835656","A064108","Blade_Aluminium_Enzel/Renesa Zen_1200mm_Gloss Brown_GV5","0.00","600","0.00","10/12/2024"
"","Talah Shaikh - Inventory","Van","PI-1848721","RA0071","Blade_Aluminium_Earth Brown_1200mm_Renesa+/Renesa Smart_GV3","0.00","599","0.00","10/12/2024"
"","Talah Shaikh - Inventory","Van","PI-1848722","A1X0051","Blade_Aluminium_Sand Grey_1200mm_Studio+Reboot_GV5","0.00","600","0.00","10/12/2024"
"","Talah Shaikh - Inventory","Van","PI-1864024","A171101","Blade Aluminium_1200mm_Pearl White_Renesa Elite_GV5","0.00","0","0.00","10/12/2024"
"","Talah Shaikh - Inventory","Van","PI-2017024","RA1408","Blade_Aluminium_Sand Grey_900mm_Renesa+/Renesa Smart_GV3","0.00","600","0.00","10/12/2024"
"","Talah Shaikh - Inventory","Van","PI-2066105","RA0929","Plastic Motor Housing_Ivory_Renesa Alpha_GV4","0.00","150","0.00","10/12/2024"
"","Talah Shaikh - Inventory","Van","PI-2066106","A003401","Stator_1200mm_Aris_GV5","0.00","0","0.00","10/12/2024"
"","Talah Shaikh - Inventory","Van","PI-2163346","A063802","Blade_Aluminium_Black_Efficio Alpha/Ameza_GV5","0.00","600","0.00","10/12/2024"
"","Talah Shaikh - Inventory","Van","PI-2269775","DS","","0.00","1","0.00","10/12/2024"
"","Talah Shaikh - Inventory","Van","PI-2308987","A1X1083","Blade_Aluminium_Midnight Black_900mm_Renesa_GV3","0.00","600","0.00","10/12/2024"
"","Talah Shaikh - Inventory","Van","PI-2309509","A064111","Blade_Aluminium_Gloss Black_Renesa Prime_GV5","0.00","600","0.00","10/12/2024"
"","Talah Shaikh - Inventory","Van","PI-2334710","A238307","Blade_1400mm_Blaze Brown_Renesa Halo_GV5","0.00","0","0.00","10/12/2024"
"","Talah Shaikh - Inventory","Van","PI-2351375","A234401","Blade_1200mm_Matt Black_Renesa Halo_GV5","0.00","0","0.00","10/12/2024"
"","Talah Shaikh - Inventory","Van","PI-2355974","A234402","Blade_1200mm_Gloss White_Renesa Halo_GV5","0.00","0","0.00","10/12/2024"
"","Talah Shaikh - Inventory","Van","PI-2392425","A196004","Bottom cover_Umber Brown_Erica Nuvo_GV5","0.00","0","0.00","10/12/2024"
"","Talah Shaikh - Inventory","Van","PI-2434091","A1X0043","Bottom Body_Plastic_Aegean Blue_Studio+Reboot_GV5","0.00","220","0.00","10/12/2024"
"","Talah Shaikh - Inventory","Van","PI-2506868","A1X0052","Blade_Aluminium_Aegean Blue_1200mm_Studio+_GV5","0.00","600","0.00","10/12/2024"
"","Talah Shaikh - Inventory","Van","PI-2717292","RA1237","Blade_Aluminium_Sand Grey_1200mm_Renesa+/Renesa Smart_GV3","0.00","600","0.00","10/12/2024"
"","Talah Shaikh - Inventory","Van","PI-3085051","EA24201","Updated STM32 PCB C0_1230mm_ Erica Meta_GV5","0.00","0","0.00","10/12/2024"
"","Talah Shaikh - Inventory","Van","PI-3125199","EA19301","Main PCB with Knob_Xiana MG","0.00","708","0.00","10/12/2024"
"","Talah Shaikh - Inventory","Van","PI-3302356","RA0822","Capacitor 8µF_Renesa Alpha/Prime/Enario_GV4/GV5","0.00","150","0.00","10/12/2024"
"","Talah Shaikh - Inventory","Van","PI-3302357","A238302","Blade_1400mm_Matt Black_Renesa Halo_GV5","0.00","0","0.00","10/12/2024"
"","Talah Shaikh - Inventory","Van","PI-3334127","EA24601","PCB_Phoenix_1400mm_Renesa Halo_GV5","0.00","0","0.00","10/12/2024"
"","Ravinath Patil Inventory","Van","PI-3694","SA0056","Stator_CF_1200mm_Renesa/Renesa+/Renesa Smart_GV3","0.00","500","0.00","10/12/2024"
"","Ravinath Patil Inventory","Van","PI-3695","SA0001","Rotor_Efficio_GV2","0.00","300","0.00","10/12/2024"
"","Ravinath Patil Inventory","Van","PI-3696","SA0060","Power PCB (Without Potting) BL_CF_Renesa_GV3","0.00","400","0.00","10/12/2024"
"","Ravinath Patil Inventory","Van","PI-3697","SA0011","Consolidate PCB GV3_CF_Renesa+_GV3","0.00","350","0.00","10/12/2024"
"","Ravinath Patil Inventory","Van","PI-3698","SA0061","Power PCB (Without Potting) WH_CF_Renesa_GV3","0.00","400","0.00","10/12/2024"
"","Ravinath Patil Inventory","Van","PI-3699","SA0041","Motor Housing_White_CF_Renesa_GV3","0.00","590","0.00","10/12/2024"
"","Ravinath Patil Inventory","Van","PI-3700","SA0042","Motor Housing_Brown_CF_Renesa_GV3","0.00","590","0.00","10/12/2024"
"","Ravinath Patil Inventory","Van","PI-3701","SA0039","PCB_Remote_1200mm_Studio+_GV4","0.00","500","0.00","10/12/2024"
"","Ravinath Patil Inventory","Van","PI-3702","SA0040","Motor Housing_Black_CF_Renesa_GV3","0.00","590","0.00","10/12/2024"
"","Ravinath Patil Inventory","Van","PI-3703","SA0010","Digital PCB_1200mm_Renesa Smart+_GV3","0.00","350","0.00","10/12/2024"
"","Ravinath Patil Inventory","Van","PI-3704","EA03001","Smart PCB Phoenix Led_PCB_1200mm_GV5","0.00","700","0.00","10/12/2024"
"","Ravinath Patil Inventory","Van","PI-3705","SA0044","Motor Housing_Pearl White_CF_Renesa+/Renesa Smart_GV3","0.00","590","0.00","10/12/2024"
"","Ravinath Patil Inventory","Van","PI-4075","RA0031","Oc Connector_CF","0.00","15","0.00","10/12/2024"
"","Ravinath Patil Inventory","Van","PI-4076","RA0156","Remote_CF_Efficio_GV2","0.00","150","0.00","10/12/2024"
"","Ravinath Patil Inventory","Van","PI-4077","SA0055","Stator_CF_600mm_Renesa/Renesa+/Renesa Smart_GV3","0.00","500","0.00","10/12/2024"
"","Ravinath Patil Inventory","Van","PI-4078","SA0020","Sensor PCB_CF","0.00","60","0.00","10/12/2024"
"","Ravinath Patil Inventory","Van","PI-4079","RA0028","Bearing 6202_CF","0.00","60","0.00","10/12/2024"
"","Ravinath Patil Inventory","Van","PI-4080","RA0173","Sensor Holder_CF","0.00","30","0.00","10/12/2024"
"","Ravinath Patil Inventory","Van","PI-4081","SA0043","Motor Housing_Ivory_CF_Renesa_GV3","0.00","590","0.00","10/12/2024"
"","Ravinath Patil Inventory","Van","PI-4082","SA0087","PCB_Main_1200mm_Ozeo_GV4","0.00","500","0.00","10/12/2024"
"","Ravinath Patil Inventory","Van","PI-4083","SA0038","PCB_Regulator_1200mm_Renesa Alpha_GV4","0.00","500","0.00","10/12/2024"
"","Ravinath Patil Inventory","Van","PI-4084","A1X1217","Stator_1200mm_Studio+/Renesa Alpha/Naveo_GV4","0.00","500","0.00","10/12/2024"
"","Ravinath Patil Inventory","Van","PI-4085","SPR0172","Top Motor Housing_Metal_Studio+_GV4","0.00","484","0.00","10/12/2024"
"","Ravinath Patil Inventory","Van","PI-4086","SA0019","Consolidate PCB GV2_CF__Efficio_GV2","0.00","500","0.00","10/12/2024"
"","Ravinath Patil Inventory","Van","PI-4087","RA0157","Remote_CF_Renesa_GV3","0.00","150","0.00","10/12/2024"
"","Ravinath Patil Inventory","Van","PI-4088","EA04101","PCB_Renesa/Renesa+/Ikano/Sudio+ STM8s, 70micron  (6 LED)_GV5","0.00","500","0.00","10/12/2024"
"","Ravinath Patil Inventory","Van","PI-4089","SA0057","Stator_CF_1200mm_Efficio/Efficio+/Studio_GV2","0.00","500","0.00","10/12/2024"
"","Ravinath Patil Inventory","Van","PI-4090","RA1105","Master Remote (Tech Use only)","0.00","250","0.00","10/12/2024"
"","Ravinath Patil Inventory","Van","PI-40971","RA0080","Blade_Aluminium_White_1400mm_Renesa_GV3 & GV5","0.00","599","0.00","10/12/2024"
"","Ravinath Patil Inventory","Van","PI-40972","RA0183","Diffuser (Bottom Cap)_Black_Renesa_GV3","0.00","60","0.00","10/12/2024"
"","Ravinath Patil Inventory","Van","PI-40973","RA0038","Spring_CF_Renesa_GV3","0.00","25","0.00","10/12/2024"
"","Ravinath Patil Inventory","Van","PI-40974","RA0345","Circlip Pin_CF_Renesa_GV3","0.00","9","0.00","10/12/2024"
"","Ravinath Patil Inventory","Van","PI-40975","RA0037","Spring_Efficio_ Gv2a_GV2","0.00","25","0.00","10/12/2024"
"","Ravinath Patil Inventory","Van","PI-40976","RA0072","Blade_Aluminium_Pearl White_1200mm_Renesa+/Renesa Smart_GV3","0.00","599","0.00","10/12/2024"
"","Ravinath Patil Inventory","Van","PI-40977","SRMASS0074","Power PCB_Efficio+_Pedestal_TPW","0.00","499","0.00","10/12/2024"
"","Ravinath Patil Inventory","Van","PI-40978","RA1239","Deactivated - Motor Housing_Sandan Grey_CF_Renesa+/Renesa Smart_GV3","0.00","600","0.00","10/12/2024"
"","Ravinath Patil Inventory","Van","PI-40979","B1X0056","Chutney jar sub assembly MG1.0","0.00","450","0.00","10/12/2024"
"","Ravinath Patil Inventory","Van","PI-40980","SA0098","Stator_CF_1400mm_Renesa/Renesa+/Renesa Smart_GV3","0.00","500","0.00","10/12/2024"
"","Ravinath Patil Inventory","Van","PI-40981","SA0045","Motor Housing_Earth Brown_CF_Renesa+/Renesa Smart_GV3","0.00","590","0.00","10/12/2024"
"","Ravinath Patil Inventory","Van","PI-40982","SA0058","Stator_CF_1400mm_Efficio/Efficio+/Studio_GV2","0.00","500","0.00","10/12/2024"
"","Ravinath Patil Inventory","Van","PI-40983","SA0097","Stator_CF_0900mm_Renesa/Renesa+/Renesa Smart_GV3","0.00","500","0.00","10/12/2024"
"","Ravinath Patil Inventory","Van","PI-44099","SA0021","Main PCB_CF_1200mm_Efficio_Reg_28W_GV2","0.00","500","0.00","10/12/2024"
"","Ravinath Patil Inventory","Van","PI-44100","RA0178","Diffuser_Pearl White_Efficio_GV2","0.00","25","0.00","10/12/2024"
"","Ravinath Patil Inventory","Van","PI-44101","RA0177","Diffuser_Pearl Ivory_Efficio_GV2","0.00","25","0.00","10/12/2024"
"","Ravinath Patil Inventory","Van","PI-44102","RA0179","Diffuser_Brown_Efficio_GV2","0.00","25","0.00","10/12/2024"
"","Ravinath Patil Inventory","Van","PI-44103","SA0102","Motor Housing_Aegean Blue_CF_Renesa+/Renesa Smart_GV3","0.00","600","0.00","10/12/2024"
"","Ravinath Patil Inventory","Van","PI-44104","EA01701","PCB_Erica/Ameza/Renesa Zen_GV5 (STM8s,70micron single LED)","0.00","500","0.00","10/12/2024"
"","Ravinath Patil Inventory","Van","PI-44105","RA0180","Diffuser_Sand Grey_Efficio_GV2","0.00","25","0.00","10/12/2024"
"","Ravinath Patil Inventory","Van","PI-44106","RA1238","Deactivated - Motor Housing_Golden_CF_Renesa+/Renesa Smart_GV3","0.00","600","0.00","10/12/2024"
"","Ravinath Patil Inventory","Van","PI-48931","B1X0044","Wet/Dry jar sub asssembly MG1.0","0.00","450","0.00","10/12/2024"
"","Ravinath Patil Inventory","Van","PI-48932","B1X0151","Chopper Jar Assembly_MG1/Zenova/Yulia_MG","0.00","550","0.00","10/12/2024"
"","Ravinath Patil Inventory","Van","PI-48933","RA0182","Diffuser (Bottom Cap)_White_Renesa_GV3","0.00","60","0.00","10/12/2024"
"","Ravinath Patil Inventory","Van","PI-48934","B1X0031","Liquidizer jar sub assembly MG1.0","0.00","500","0.00","10/12/2024"
"","Ravinath Patil Inventory","Van","PI-49025","A2C0003","Interface PCB_Renesa Pedestal Non Swing_TPW","0.00","150","0.00","10/12/2024"
"","Ravinath Patil Inventory","Van","PI-49026","A022804","Motor Housing_Black_1200mm_Renesa+_GV5","0.00","600","0.00","10/12/2024"
"","Ravinath Patil Inventory","Van","PI-49027","A2C0002","Power PCB_Renesa Pedestal Non Swing_TPW","0.00","500","0.00","10/12/2024"
"","Ravinath Patil Inventory","Van","PI-49028","EA05401","Power PCB_Renesa Pedestal/Wall/Table_TPW","0.00","300","0.00","10/12/2024"
"","Ravinath Patil Inventory","Van","PI-52105","RA0071","Blade_Aluminium_Earth Brown_1200mm_Renesa+/Renesa Smart_GV3","0.00","599","0.00","10/12/2024"
"","Ravinath Patil Inventory","Van","PI-52106","A1X0137","Blade_Aluminium_White_1200mm_Ikano_GV5","0.00","600","0.00","10/12/2024"
"","Ravinath Patil Inventory","Van","PI-56536","SRMASS0060","Display PCB_Efficio+_Pedestal_TPW","0.00","349","0.00","10/12/2024"
"","Ravinath Patil Inventory","Van","PI-56537","A023101","Motor Housing_Grey_Renesa+_GV5","0.00","600","0.00","10/12/2024"
"","Ravinath Patil Inventory","Van","PI-56538","A1X0134","Deactivated - Bottom Body_Plastic_Gloss Black_Ikano_GV5","0.00","220","0.00","10/12/2024"
"","Ravinath Patil Inventory","Van","PI-56539","A1X0136","Deactivated - Bottom Body Assembly_Ivory_Efficio Alpha/Ikano _GV5","0.00","220","0.00","10/12/2024"
"","Ravinath Patil Inventory","Van","PI-56540","SRMASS0062","Main PCB_Efficio_Pedestal_TPW","0.00","450","0.00","10/12/2024"
"","Ravinath Patil Inventory","Van","PI-56541","A1X0135","Deactivated - Bottom Body Assembly_Brown_Efficio Alpha/Ikano_GV5","0.00","220","0.00","10/12/2024"
"","Ravinath Patil Inventory","Van","PI-58116","RA0074","Blade_Aluminium_Matt Brown_1200mm_Renesa_GV3","0.00","599","0.00","10/12/2024"
"","Ravinath Patil Inventory","Van","PI-63027","EA05301","SMART PCBA /Phoenix-1 LED_PCB_GV5","0.00","700","0.00","10/12/2024"
"","Ravinath Patil Inventory","Van","PI-63028","SRA1X1279","Motor_Gloss Black_1200mm_Ikano_GV5","0.00","2500","0.00","10/12/2024"
"","Ravinath Patil Inventory","Van","PI-63029","EA07701","PCB_Renesa_900mm/1400mm_GV5.0 Reboot PCBA _Nuvoton+UCC-70 Micron_GV5","0.00","500","0.00","10/12/2024"
"","Ravinath Patil Inventory","Van","PI-71486","SA0104","Motor Housing_Golden_CF_Renesa+/Renesa Smart_GV3","0.00","600","0.00","10/12/2024"
"","Ravinath Patil Inventory","Van","PI-71487","SA0103","Motor Housing_Sandan Grey_CF_Renesa+/Renesa Smart_GV3","0.00","600","0.00","10/12/2024"
"","Ravinath Patil Inventory","Van","PI-795607","TestProduct","Test PCB","0.00","0","0.00","10/12/2024"
"","Ravinath Patil Inventory","Van","PI-822108","EA18601","Updated STM32_PCB_White LED_Efficio Alpha/Enzel/Azor _GV5","0.00","0","0.00","10/12/2024"
"","Ravinath Patil Inventory","Van","PI-824621","EA20801","Updated STM32_PCB_Enerio 28W_GV5","0.00","0","0.00","10/12/2024"
"","Ravinath Patil Inventory","Van","PI-858386","A3H0017","5 Pin Wire harness_Renesa Walrus/Pedestal_Black_TPW","0.00","0","0.00","10/12/2024"
"","Ravinath Patil Inventory","Van","PI-863253","A064116","Blade_Aluminium_Enzel/Renesa Zen_1200mm_Dark Walnut_GV5","0.00","0","0.00","10/12/2024"
"","Ravinath Patil Inventory","Van","PI-865795","A064120","Blade_Aluminium_Enzel/Renesa Zen_1200mm_Maplewood_GV5","0.00","0","0.00","10/12/2024"
"","Ravinath Patil Inventory","Van","PI-868337","A064118","Blade_Aluminium_Enzel/Renesa Zen_1200mm_Mistly Teal_GV5","0.00","0","0.00","10/12/2024"
"","Ravinath Patil Inventory","Van","PI-870879","A064119","Blade_Aluminium_Enzel/Renesa Zen_1200mm_Pebble Grey_GV5","0.00","0","0.00","10/12/2024"
"","Ravinath Patil Inventory","Van","PI-873421","A170501","Updated Motor housing_Renesa Prime_GV5","0.00","0","0.00","10/12/2024"
"","Ravinath Patil Inventory","Van","PI-888794","SA0105","Updated Plastic body with screw_Pebble Grey_Prime/Enzel/Zen_GV5","0.00","0","0.00","10/12/2024"
"","Ravinath Patil Inventory","Van","PI-891347","SA0106","Updated Plastic body with screw_Gloss White_Prime/Enzel/Zen_GV5","0.00","0","0.00","10/12/2024"
"","Ravinath Patil Inventory","Van","PI-893900","SA0107","Updated Plastic body with screw_Gloss Black_Prime/Enzel/Zen_GV5","0.00","0","0.00","10/12/2024"
"","Ravinath Patil Inventory","Van","PI-896453","SA0108","Updated Plastic body with screw_Gloss Brown_Prime/Enzel/Zen_GV5","0.00","0","0.00","10/12/2024"
"","Ravinath Patil Inventory","Van","PI-915226","TestSa001","PCB_Regulator_1200mm_Renesa Alpha_GV4Test","0.00","0","0.00","10/12/2024"
"","Ravinath Patil Inventory","Van","PI-920465","EA07101","Sensor PCB_Zenova_MG","0.00","0","0.00","10/12/2024"
"","Ravinath Patil Inventory","Van","PI-960178","A029703","Blade_Plastic_Steller Black_1200mm_Aris_IOT_GV5","0.00","0","0.00","10/12/2024"
"","Ravinath Patil Inventory","Van","PI-962779","A101703","Top Canopy_Steller Black_1200mm_Aris_IOT_GV5","0.00","0","0.00","10/12/2024"
"","Ravinath Patil Inventory","Van","PI-965380","A101803","Canopy top Plate_steller black_1200mm_Aris_IOT_GV5","0.00","0","0.00","10/12/2024"
"","Ravinath Patil Inventory","Van","PI-967981","A102003","Middle upper canopy_Steller black_Aris_GV5","0.00","0","0.00","10/12/2024"
"","Ravinath Patil Inventory","Van","PI-970582","A102203","Middle Lower canopy_Steller black_Aris_GV5","0.00","0","0.00","10/12/2024"
"","Ravinath Patil Inventory","Van","PI-973183","A102403","Bottom Canopy_Steller Black_1220mm_Aris_IOT_GV5","0.00","0","0.00","10/12/2024"
"","Ravinath Patil Inventory","Van","PI-975784","A006402","False cover_Aris_GV5","0.00","0","0.00","10/12/2024"
"","Ravinath Patil Inventory","Van","PI-978385","A006505","Bottom cover_Steller black_Aris_GV5","0.00","0","0.00","10/12/2024"
"","Ravinath Patil Inventory","Van","PI-980986","A002903","Motor Housing_Steller Black_1200mm_Aris_IOT_GV5","0.00","0","0.00","10/12/2024"
"","Ravinath Patil Inventory","Van","PI-989030","A158402","Motor & Jar Coupler Set_MG1.0/Zenova/Maple_MG","0.00","0","0.00","10/12/2024"
"","Ravinath Patil Inventory","Van","PI-991631","SA0110","Grill Belt Assembly_Black_Renesa Pedestal/Wall/Table/Stelios Pro/Izar Pedestal_TPW","0.00","0","0.00","10/12/2024"
"","Ravinath Patil Inventory","Van","PI-994232","SA0109","Grill belt assembly_White_Renesa/Stelios/Izar Pedestal_TPW","0.00","0","0.00","10/12/2024"
"","Ravinath Patil Inventory","Van","PI-1000400","RA1348","FG replacement Tags","0.00","0","0.00","10/12/2024"
"","Ravinath Patil Inventory","Van","PI-1004164","RA1631","Service Cello Tape (Yellow - 3INX65M)","0.00","0","0.00","10/12/2024"
"","Ravinath Patil Inventory","Van","PI-1006769","RA1632","Defective Spares Tag","0.00","0","0.00","10/12/2024"
"","Ravinath Patil Inventory","Van","PI-1009374","RA1633","Defective FG Replacement seal","0.00","0","0.00","10/12/2024"
"","Ravinath Patil Inventory","Van","PI-1024834","A073415","Downrod_Aegean Blue_CF","0.00","0","0.00","10/12/2024"
"","Ravinath Patil Inventory","Van","PI-1049109","A073406","Downrod_Golden_CF","0.00","0","0.00","10/12/2024"
"","Ravinath Patil Inventory","Van","PI-1052121","A091911","Bottom Cover_Ameza_GV5","0.00","0","0.00","10/12/2024"
"","Ravinath Patil Inventory","Van","PI-1055133","EA16901","Updated_PCB STM32_1200mm_Erica/Ameza/Renesa Zen_1 LED_GV5","0.00","0","0.00","10/12/2024"
"","Ravinath Patil Inventory","Van","PI-1058145","A112503","Canopy_Sea Sand Ivory_Ameza_GV5","0.00","0","0.00","10/12/2024"
"","Ravinath Patil Inventory","Van","PI-1061358","A073401","Downrod_Earth Brown_CF_Studio+_GV4","0.00","60","0.00","10/12/2024"
"","Ravinath Patil Inventory","Van","PI-1065575","A064113","Blade_Aluminium_SS Ivory_Renesa Prime _GV5","0.00","0","0.00","10/12/2024"
"","Ravinath Patil Inventory","Van","PI-2311786","DS","","0.00","1","0.00","10/12/2024"
"","Jay Yadav Inventory","Van","PI-3759","A022804","Motor Housing_Black_1200mm_Renesa+_GV5","0.00","600","0.00","10/12/2024"
"","Jay Yadav Inventory","Van","PI-4001","RA0028","Bearing 6202_CF","0.00","60","0.00","10/12/2024"
"","Jay Yadav Inventory","Van","PI-33905","SA0011","Consolidate PCB GV3_CF_Renesa+_GV3","0.00","350","0.00","10/12/2024"
"","Jay Yadav Inventory","Van","PI-33906","SA0040","Motor Housing_Black_CF_Renesa_GV3","0.00","590","0.00","10/12/2024"
"","Jay Yadav Inventory","Van","PI-54491","SRA023205","Motor_Midnight Black_1200mm_Renesa+Reboot_GV5","0.00","2500","0.00","10/12/2024"
"","Jay Yadav Inventory","Van","PI-100196","RA1409","Blade_Aluminium_Midnight Black_600mm_Renesa_GV3","0.00","600","0.00","10/12/2024"
"","Jay Yadav Inventory","Van","PI-121315","RA1237","Blade_Aluminium_Sand Grey_1200mm_Renesa+/Renesa Smart_GV3","0.00","600","0.00","10/12/2024"
"","Jay Yadav Inventory","Van","PI-121316","RA0071","Blade_Aluminium_Earth Brown_1200mm_Renesa+/Renesa Smart_GV3","0.00","599","0.00","10/12/2024"
"","Jay Yadav Inventory","Van","PI-121317","RA0070","Blade_Aluminium_White_1200mm_Renesa_GV3","0.00","599","0.00","10/12/2024"
"","Jay Yadav Inventory","Van","PI-122427","RA0946","BLDC Motor_Efficio+_TPW","0.00","599","0.00","10/12/2024"
"","Jay Yadav Inventory","Van","PI-128377","RA0057","Blade_Aluminium_Black_1200mm_Efficio/Efficio+/Studio_GV2","0.00","599","0.00","10/12/2024"
"","Jay Yadav Inventory","Van","PI-128378","RA1236","Blade_Aluminium_Golden_1200mm_Renesa+/Renesa Smart_GV3","0.00","600","0.00","10/12/2024"
"","Jay Yadav Inventory","Van","PI-795609","TestProduct","Test PCB","0.00","0","0.00","10/12/2024"
"","Jay Yadav Inventory","Van","PI-822110","EA18601","Updated STM32_PCB_White LED_Efficio Alpha/Enzel/Azor _GV5","0.00","0","0.00","10/12/2024"
"","Jay Yadav Inventory","Van","PI-824623","EA20801","Updated STM32_PCB_Enerio 28W_GV5","0.00","0","0.00","10/12/2024"
"","Jay Yadav Inventory","Van","PI-858071","EA04101","PCB_Renesa/Renesa+/Ikano/Sudio+ STM8s, 70micron  (6 LED)_GV5","0.00","500","0.00","10/12/2024"
"","Jay Yadav Inventory","Van","PI-858388","A3H0017","5 Pin Wire harness_Renesa Walrus/Pedestal_Black_TPW","0.00","0","0.00","10/12/2024"
"","Jay Yadav Inventory","Van","PI-863255","A064116","Blade_Aluminium_Enzel/Renesa Zen_1200mm_Dark Walnut_GV5","0.00","0","0.00","10/12/2024"
"","Jay Yadav Inventory","Van","PI-865797","A064120","Blade_Aluminium_Enzel/Renesa Zen_1200mm_Maplewood_GV5","0.00","0","0.00","10/12/2024"
"","Jay Yadav Inventory","Van","PI-868339","A064118","Blade_Aluminium_Enzel/Renesa Zen_1200mm_Mistly Teal_GV5","0.00","0","0.00","10/12/2024"
"","Jay Yadav Inventory","Van","PI-870881","A064119","Blade_Aluminium_Enzel/Renesa Zen_1200mm_Pebble Grey_GV5","0.00","0","0.00","10/12/2024"
"","Jay Yadav Inventory","Van","PI-873423","A170501","Updated Motor housing_Renesa Prime_GV5","0.00","0","0.00","10/12/2024"
"","Jay Yadav Inventory","Van","PI-888796","SA0105","Updated Plastic body with screw_Pebble Grey_Prime/Enzel/Zen_GV5","0.00","0","0.00","10/12/2024"
"","Jay Yadav Inventory","Van","PI-891349","SA0106","Updated Plastic body with screw_Gloss White_Prime/Enzel/Zen_GV5","0.00","0","0.00","10/12/2024"
"","Jay Yadav Inventory","Van","PI-893902","SA0107","Updated Plastic body with screw_Gloss Black_Prime/Enzel/Zen_GV5","0.00","0","0.00","10/12/2024"
"","Jay Yadav Inventory","Van","PI-896455","SA0108","Updated Plastic body with screw_Gloss Brown_Prime/Enzel/Zen_GV5","0.00","0","0.00","10/12/2024"
"","Jay Yadav Inventory","Van","PI-915228","TestSa001","PCB_Regulator_1200mm_Renesa Alpha_GV4Test","0.00","0","0.00","10/12/2024"
"","Jay Yadav Inventory","Van","PI-918812","EA01701","PCB_Erica/Ameza/Renesa Zen_GV5 (STM8s,70micron single LED)","0.00","500","0.00","10/12/2024"
"","Jay Yadav Inventory","Van","PI-920467","EA07101","Sensor PCB_Zenova_MG","0.00","0","0.00","10/12/2024"
"","Jay Yadav Inventory","Van","PI-960180","A029703","Blade_Plastic_Steller Black_1200mm_Aris_IOT_GV5","0.00","0","0.00","10/12/2024"
"","Jay Yadav Inventory","Van","PI-962781","A101703","Top Canopy_Steller Black_1200mm_Aris_IOT_GV5","0.00","0","0.00","10/12/2024"
"","Jay Yadav Inventory","Van","PI-965382","A101803","Canopy top Plate_steller black_1200mm_Aris_IOT_GV5","0.00","0","0.00","10/12/2024"
"","Jay Yadav Inventory","Van","PI-967983","A102003","Middle upper canopy_Steller black_Aris_GV5","0.00","0","0.00","10/12/2024"
"","Jay Yadav Inventory","Van","PI-970584","A102203","Middle Lower canopy_Steller black_Aris_GV5","0.00","0","0.00","10/12/2024"
"","Jay Yadav Inventory","Van","PI-973185","A102403","Bottom Canopy_Steller Black_1220mm_Aris_IOT_GV5","0.00","0","0.00","10/12/2024"
"","Jay Yadav Inventory","Van","PI-975786","A006402","False cover_Aris_GV5","0.00","0","0.00","10/12/2024"
"","Jay Yadav Inventory","Van","PI-978387","A006505","Bottom cover_Steller black_Aris_GV5","0.00","0","0.00","10/12/2024"
"","Jay Yadav Inventory","Van","PI-980988","A002903","Motor Housing_Steller Black_1200mm_Aris_IOT_GV5","0.00","0","0.00","10/12/2024"
"","Jay Yadav Inventory","Van","PI-989032","A158402","Motor & Jar Coupler Set_MG1.0/Zenova/Maple_MG","0.00","0","0.00","10/12/2024"
"","Jay Yadav Inventory","Van","PI-991633","SA0110","Grill Belt Assembly_Black_Renesa Pedestal/Wall/Table/Stelios Pro/Izar Pedestal_TPW","0.00","0","0.00","10/12/2024"
"","Jay Yadav Inventory","Van","PI-994234","SA0109","Grill belt assembly_White_Renesa/Stelios/Izar Pedestal_TPW","0.00","0","0.00","10/12/2024"
"","Jay Yadav Inventory","Van","PI-1000402","RA1348","FG replacement Tags","0.00","0","0.00","10/12/2024"
"","Jay Yadav Inventory","Van","PI-1004166","RA1631","Service Cello Tape (Yellow - 3INX65M)","0.00","0","0.00","10/12/2024"
"","Jay Yadav Inventory","Van","PI-1006771","RA1632","Defective Spares Tag","0.00","0","0.00","10/12/2024"
"","Jay Yadav Inventory","Van","PI-1009376","RA1633","Defective FG Replacement seal","0.00","0","0.00","10/12/2024"
"","Jay Yadav Inventory","Van","PI-1024836","A073415","Downrod_Aegean Blue_CF","0.00","0","0.00","10/12/2024"
"","Jay Yadav Inventory","Van","PI-1049111","A073406","Downrod_Golden_CF","0.00","0","0.00","10/12/2024"
"","Jay Yadav Inventory","Van","PI-1052123","A091911","Bottom Cover_Ameza_GV5","0.00","0","0.00","10/12/2024"
"","Jay Yadav Inventory","Van","PI-1055135","EA16901","Updated_PCB STM32_1200mm_Erica/Ameza/Renesa Zen_1 LED_GV5","0.00","0","0.00","10/12/2024"
"","Jay Yadav Inventory","Van","PI-1058147","A112503","Canopy_Sea Sand Ivory_Ameza_GV5","0.00","0","0.00","10/12/2024"
"","Jay Yadav Inventory","Van","PI-1061359","A073401","Downrod_Earth Brown_CF_Studio+_GV4","0.00","60","0.00","10/12/2024"
"","Jay Yadav Inventory","Van","PI-1065576","A064113","Blade_Aluminium_SS Ivory_Renesa Prime _GV5","0.00","0","0.00","10/12/2024"
"","Jay Yadav Inventory","Van","PI-1298884","EA05301","SMART PCBA /Phoenix-1 LED_PCB_GV5","0.00","700","0.00","10/12/2024"
"","Jay Yadav Inventory","Van","PI-1299222","EA03001","Smart PCB Phoenix Led_PCB_1200mm_GV5","0.00","700","0.00","10/12/2024"
"","Jay Yadav Inventory","Van","PI-1299223","RA0148","Canopy_White_CF_Renesa_GV3","0.00","150","0.00","10/12/2024"
"","Jay Yadav Inventory","Van","PI-1299724","RA1240","Blade_Aluminium_Midnight Black_1200mm_Renesa_GV3","0.00","600","0.00","10/12/2024"
"","Jay Yadav Inventory","Van","PI-1317265","EA07701","PCB_Renesa_900mm/1400mm_GV5.0 Reboot PCBA _Nuvoton+UCC-70 Micron_GV5","0.00","500","0.00","10/12/2024"
"","Jay Yadav Inventory","Van","PI-1378436","A091905","Plastic Bottom Cover along with Screw_Gloss White_Ikano/Efficio Alpha_GV5","0.00","0","0.00","10/12/2024"
"","Jay Yadav Inventory","Van","PI-1378437","A1X0137","Blade_Aluminium_White_1200mm_Ikano_GV5","0.00","600","0.00","10/12/2024"
"","Jay Yadav Inventory","Van","PI-1378441","A091907","Plastic Bottom Cover along with Screw_Gloss Ivory_Ikano/Efficio Alpha_GV5","0.00","0","0.00","10/12/2024"
"","Jay Yadav Inventory","Van","PI-1494013","RA0085","Blade_Aluminium_Golden Oak_1400mm_Renesa+/Renesa Smart_GV3","0.00","599","0.00","10/12/2024"
"","Jay Yadav Inventory","Van","PI-1569688","A143901","Bottom Rod(Long)_Renesa/Stelios/Stelios Pro Pedestal Fan_Snow White_TPW","0.00","100","0.00","10/12/2024"
"","Jay Yadav Inventory","Van","PI-1575560","SA0021","Main PCB_CF_1200mm_Efficio_Reg_28W_GV2","0.00","500","0.00","10/12/2024"
"","Jay Yadav Inventory","Van","PI-1684144","EA12301","Updated STM32 PCB C0_0.6M/0.9M/1.2M/ 1.4M_ Renesa/Renesa+/Studio+/Ikano/Prime_GV5","0.00","0","0.00","10/12/2024"
"","Jay Yadav Inventory","Van","PI-1740702","A159801","MG1.1 SS Jar Set with Lids Service","0.00","0","0.00","10/12/2024"
"","Jay Yadav Inventory","Van","PI-1757052","SA0060","Power PCB (Without Potting) BL_CF_Renesa_GV3","0.00","400","0.00","10/12/2024"
"","Jay Yadav Inventory","Van","PI-1757053","SRMASS0058","Digital PCB_Efficio+_Wall Mount_TPW","0.00","350","0.00","10/12/2024"
"","Jay Yadav Inventory","Van","PI-1757054","SRMASS0075","Power PCB_Efficio+_Wall Mount_TPW","0.00","499","0.00","10/12/2024"
"","Jay Yadav Inventory","Van","PI-1757055","SA0039","PCB_Remote_1200mm_Studio+_GV4","0.00","500","0.00","10/12/2024"
"","Jay Yadav Inventory","Van","PI-1757056","SA0056","Stator_CF_1200mm_Renesa/Renesa+/Renesa Smart_GV3","0.00","500","0.00","10/12/2024"
"","Jay Yadav Inventory","Van","PI-1795140","SA0061","Power PCB (Without Potting) WH_CF_Renesa_GV3","0.00","400","0.00","10/12/2024"
"","Jay Yadav Inventory","Van","PI-1795348","SA0019","Consolidate PCB GV2_CF__Efficio_GV2","0.00","500","0.00","10/12/2024"
"","Jay Yadav Inventory","Van","PI-1795350","A090801","Middle Canopy_Marble White_Aris Contour_GV5","0.00","0","0.00","10/12/2024"
"","Jay Yadav Inventory","Van","PI-2021489","SA0001","Rotor_Efficio_GV2","0.00","300","0.00","10/12/2024"
"","Jay Yadav Inventory","Van","PI-2245198","RA0031","Oc Connector_CF","0.00","15","0.00","10/12/2024"
"","Jay Yadav Inventory","Van","PI-2245199","SA0099","Stator_1200mm_Erica/Ikano/Ameza/Studio+Reboot/Renesa Reboot/Prime/Zen_GV5","0.00","500","0.00","10/12/2024"
"","Jay Yadav Inventory","Van","PI-2245200","RA0183","Diffuser (Bottom Cap)_Black_Renesa_GV3","0.00","60","0.00","10/12/2024"
"","Jay Yadav Inventory","Van","PI-2245201","RA0038","Spring_CF_Renesa_GV3","9.00","25","9.00","10/12/2024"
"","Jay Yadav Inventory","Van","PI-2245202","A1X0827","GV5 PCB Mounting Plate_CF","0.00","50","0.00","10/12/2024"
"","Jay Yadav Inventory","Van","PI-2245203","A022805","Motor Housing_Earth Brown_Renesa+_GV5","0.00","220","0.00","10/12/2024"
"","Jay Yadav Inventory","Van","PI-2269776","DS","","0.00","1","0.00","10/12/2024"
"","Jay Yadav Inventory","Van","PI-2325622","EA17601","PCB With LED Strip__Aris Starlight_GV5","0.00","500","0.00","10/12/2024"
"","Jay Yadav Inventory","Van","PI-2407499","A1X0601","CF_Universal Remote New","0.00","250","0.00","10/12/2024"
"","Jay Yadav Inventory","Van","PI-2411424","RA0072","Blade_Aluminium_Pearl White_1200mm_Renesa+/Renesa Smart_GV3","0.00","599","0.00","10/12/2024"
"","Jay Yadav Inventory","Van","PI-2433826","A233301","Lexcru_Booster_Kit_Assembly","0.00","0","0.00","10/12/2024"
"","Jay Yadav Inventory","Van","PI-2434429","A238201","Blade_900mm_Gloss White_Renesa Halo_GV5","0.00","0","0.00","10/12/2024"
"","Jay Yadav Inventory","Van","PI-2506696","SRA159101","MG Base Unit_Red Wine_Zenova_(MG1.1)","0.00","0","0.00","10/12/2024"
"","Jay Yadav Inventory","Van","PI-2693229","EA19201","PCB_Main","3.00","660","3.00","10/12/2024"
"","Jay Yadav Inventory","Van","PI-2943139","A229901","Faucet_Assembly_Tap","2.00","31","2.00","10/12/2024"
"","Jay Yadav Inventory","Van","PI-2959363","EA22601","Valve_Solenoid_24DC","7.00","79","7.00","10/12/2024"
"","Jay Yadav Inventory","Van","PI-2960932","A229001","Filter_Assembly_PreCarbon","0.00","49","0.00","10/12/2024"
"","Jay Yadav Inventory","Van","PI-3091409","A229301","Filter_Assembly_PostCarbon","1.00","49","1.00","10/12/2024"
"","Jay Yadav Inventory","Van","PI-3091410","A229401","Filter_Assembly_UltraFiltration","1.00","290","1.00","10/12/2024"
"","Jay Yadav Inventory","Van","PI-3127592","A223301","Lexcru_PR_Valve_3/8","0.00","0","0.00","10/12/2024"
"","Jay Yadav Inventory","Van","PI-3129734","A212401","Silicon Tube_Tank to Tap","0.00","28","0.00","10/12/2024"
"","Jay Yadav Inventory","Van","PI-3302396","A220501","Filter_RO Membrane_100GPD","0.00","358","0.00","10/12/2024"
"","Jagdish Shewale - Inventory","Van","PI-87956","RA1236","Blade_Aluminium_Golden_1200mm_Renesa+/Renesa Smart_GV3","0.00","600","0.00","10/12/2024"
"","Jagdish Shewale - Inventory","Van","PI-87961","A013201","MG1.1 Chutney jar handle assembly","0.00","80","0.00","10/12/2024"
"","Jagdish Shewale - Inventory","Van","PI-88325","A022804","Motor Housing_Black_1200mm_Renesa+_GV5","0.00","600","0.00","10/12/2024"
"","Jagdish Shewale - Inventory","Van","PI-89453","B1C0001","MG 1 Driver PCB","0.00","1000","0.00","10/12/2024"
"","Jagdish Shewale - Inventory","Van","PI-89527","A1X1217","Stator_1200mm_Studio+/Renesa Alpha/Naveo_GV4","0.00","500","0.00","10/12/2024"
"","Jagdish Shewale - Inventory","Van","PI-89664","RA1237","Blade_Aluminium_Sand Grey_1200mm_Renesa+/Renesa Smart_GV3","0.00","600","0.00","10/12/2024"
"","Jagdish Shewale - Inventory","Van","PI-90941","RA0086","Blade_Aluminium_Pearl White_1400mm_Renesa+/Renesa Smart_GV3","0.00","600","0.00","10/12/2024"
"","Jagdish Shewale - Inventory","Van","PI-91366","A091907","Plastic Bottom Cover along with Screw_Gloss Ivory_Ikano/Efficio Alpha_GV5","0.00","0","0.00","10/12/2024"
"","Jagdish Shewale - Inventory","Van","PI-94554","RA0946","BLDC Motor_Efficio+_TPW","0.00","599","0.00","10/12/2024"
"","Jagdish Shewale - Inventory","Van","PI-95644","EA05401","Power PCB_Renesa Pedestal/Wall/Table_TPW","0.00","300","0.00","10/12/2024"
"","Jagdish Shewale - Inventory","Van","PI-95871","A1X1087","Canopy_White Set_Erica_GV5","0.00","150","0.00","10/12/2024"
"","Jagdish Shewale - Inventory","Van","PI-95872","RA0082","Blade_Aluminium_Brown_1400mm_Renesa/Renesa+/Renesa Smart_GV3 & GV5","0.00","599","0.00","10/12/2024"
"","Jagdish Shewale - Inventory","Van","PI-56503","SA0097","Stator_CF_0900mm_Renesa/Renesa+/Renesa Smart_GV3","0.00","500","0.00","10/12/2024"
"","Jagdish Shewale - Inventory","Van","PI-56504","EA04101","PCB_Renesa/Renesa+/Ikano/Sudio+ STM8s, 70micron  (6 LED)_GV5","0.00","500","0.00","10/12/2024"
"","Jagdish Shewale - Inventory","Van","PI-56505","SA0060","Power PCB (Without Potting) BL_CF_Renesa_GV3","0.00","400","0.00","10/12/2024"
"","Jagdish Shewale - Inventory","Van","PI-56506","SA0011","Consolidate PCB GV3_CF_Renesa+_GV3","0.00","350","0.00","10/12/2024"
"","Jagdish Shewale - Inventory","Van","PI-56507","SA0055","Stator_CF_600mm_Renesa/Renesa+/Renesa Smart_GV3","0.00","500","0.00","10/12/2024"
"","Jagdish Shewale - Inventory","Van","PI-56508","SA0019","Consolidate PCB GV2_CF__Efficio_GV2","0.00","500","0.00","10/12/2024"
"","Jagdish Shewale - Inventory","Van","PI-56509","SA0042","Motor Housing_Brown_CF_Renesa_GV3","0.00","590","0.00","10/12/2024"
"","Jagdish Shewale - Inventory","Van","PI-56510","SA0039","PCB_Remote_1200mm_Studio+_GV4","0.00","500","0.00","10/12/2024"
"","Jagdish Shewale - Inventory","Van","PI-56511","A1X0601","CF_Universal Remote New","0.00","250","0.00","10/12/2024"
"","Jagdish Shewale - Inventory","Van","PI-56512","SA0045","Motor Housing_Earth Brown_CF_Renesa+/Renesa Smart_GV3","0.00","590","0.00","10/12/2024"
"","Jagdish Shewale - Inventory","Van","PI-56513","SA0038","PCB_Regulator_1200mm_Renesa Alpha_GV4","0.00","500","0.00","10/12/2024"
"","Jagdish Shewale - Inventory","Van","PI-56514","RA1238","Deactivated - Motor Housing_Golden_CF_Renesa+/Renesa Smart_GV3","0.00","600","0.00","10/12/2024"
"","Jagdish Shewale - Inventory","Van","PI-56515","B1X0044","Wet/Dry jar sub asssembly MG1.0","0.00","450","0.00","10/12/2024"
"","Jagdish Shewale - Inventory","Van","PI-56516","SA0087","PCB_Main_1200mm_Ozeo_GV4","0.00","500","0.00","10/12/2024"
"","Jagdish Shewale - Inventory","Van","PI-56517","B1X0031","Liquidizer jar sub assembly MG1.0","0.00","500","0.00","10/12/2024"
"","Jagdish Shewale - Inventory","Van","PI-56518","SA0061","Power PCB (Without Potting) WH_CF_Renesa_GV3","0.00","400","0.00","10/12/2024"
"","Jagdish Shewale - Inventory","Van","PI-56519","SA0020","Sensor PCB_CF","0.00","60","0.00","10/12/2024"
"","Jagdish Shewale - Inventory","Van","PI-56520","RA0038","Spring_CF_Renesa_GV3","0.00","25","0.00","10/12/2024"
"","Jagdish Shewale - Inventory","Van","PI-56521","RA0345","Circlip Pin_CF_Renesa_GV3","0.00","9","0.00","10/12/2024"
"","Jagdish Shewale - Inventory","Van","PI-56522","SA0040","Motor Housing_Black_CF_Renesa_GV3","0.00","590","0.00","10/12/2024"
"","Jagdish Shewale - Inventory","Van","PI-56523","RA0037","Spring_Efficio_ Gv2a_GV2","0.00","25","0.00","10/12/2024"
"","Jagdish Shewale - Inventory","Van","PI-56524","RA0028","Bearing 6202_CF","0.00","60","0.00","10/12/2024"
"","Jagdish Shewale - Inventory","Van","PI-56525","SA0041","Motor Housing_White_CF_Renesa_GV3","0.00","590","0.00","10/12/2024"
"","Jagdish Shewale - Inventory","Van","PI-57290","EA01701","PCB_Erica/Ameza/Renesa Zen_GV5 (STM8s,70micron single LED)","0.00","500","0.00","10/12/2024"
"","Jagdish Shewale - Inventory","Van","PI-57291","RA0031","Oc Connector_CF","0.00","15","0.00","10/12/2024"
"","Jagdish Shewale - Inventory","Van","PI-57292","SRMASS0060","Display PCB_Efficio+_Pedestal_TPW","0.00","349","0.00","10/12/2024"
"","Jagdish Shewale - Inventory","Van","PI-57293","RA0156","Remote_CF_Efficio_GV2","0.00","150","0.00","10/12/2024"
"","Jagdish Shewale - Inventory","Van","PI-57294","RA0157","Remote_CF_Renesa_GV3","0.00","150","0.00","10/12/2024"
"","Jagdish Shewale - Inventory","Van","PI-57295","SRMASS0075","Power PCB_Efficio+_Wall Mount_TPW","0.00","499","0.00","10/12/2024"
"","Jagdish Shewale - Inventory","Van","PI-57296","SA0056","Stator_CF_1200mm_Renesa/Renesa+/Renesa Smart_GV3","0.00","500","0.00","10/12/2024"
"","Jagdish Shewale - Inventory","Van","PI-57297","SA0010","Digital PCB_1200mm_Renesa Smart+_GV3","0.00","350","0.00","10/12/2024"
"","Jagdish Shewale - Inventory","Van","PI-57298","SA0098","Stator_CF_1400mm_Renesa/Renesa+/Renesa Smart_GV3","0.00","500","0.00","10/12/2024"
"","Jagdish Shewale - Inventory","Van","PI-57299","EA03001","Smart PCB Phoenix Led_PCB_1200mm_GV5","0.00","700","0.00","10/12/2024"
"","Jagdish Shewale - Inventory","Van","PI-57300","SRMASS0056","Control PCB_Efficio+_Pedestal_TPW","0.00","349","0.00","10/12/2024"
"","Jagdish Shewale - Inventory","Van","PI-57301","SRMASS0160","BLDC Motor_150mm_Studio+_EXH","0.00","599","0.00","10/12/2024"
"","Jagdish Shewale - Inventory","Van","PI-57302","RA0173","Sensor Holder_CF","0.00","30","0.00","10/12/2024"
"","Jagdish Shewale - Inventory","Van","PI-57303","SRMASS0074","Power PCB_Efficio+_Pedestal_TPW","0.00","499","0.00","10/12/2024"
"","Jagdish Shewale - Inventory","Van","PI-58266","B1X0056","Chutney jar sub assembly MG1.0","0.00","450","0.00","10/12/2024"
"","Jagdish Shewale - Inventory","Van","PI-58263","SA0043","Motor Housing_Ivory_CF_Renesa_GV3","0.00","590","0.00","10/12/2024"
"","Jagdish Shewale - Inventory","Van","PI-58267","SA0044","Motor Housing_Pearl White_CF_Renesa+/Renesa Smart_GV3","0.00","590","0.00","10/12/2024"
"","Jagdish Shewale - Inventory","Van","PI-58539","A033601","Remote_Aris_IOT_GV5","0.00","250","0.00","10/12/2024"
"","Jagdish Shewale - Inventory","Van","PI-59314","A040002","Blade_Aluminium_White_1200mm_Studio+Reboot_GV5","0.00","600","0.00","10/12/2024"
"","Jagdish Shewale - Inventory","Van","PI-59315","A004001","Motor Bldc_150mm_Studio_EXH","0.00","599","0.00","10/12/2024"
"","Jagdish Shewale - Inventory","Van","PI-59358","RA0085","Blade_Aluminium_Golden Oak_1400mm_Renesa+/Renesa Smart_GV3","0.00","599","0.00","10/12/2024"
"","Jagdish Shewale - Inventory","Van","PI-59397","RA1239","Deactivated - Motor Housing_Sandan Grey_CF_Renesa+/Renesa Smart_GV3","0.00","600","0.00","10/12/2024"
"","Jagdish Shewale - Inventory","Van","PI-59606","A040001","Blade_Aluminium_Earth Brown_1200mm_Studio+Reboot_GV5","0.00","600","0.00","10/12/2024"
"","Jagdish Shewale - Inventory","Van","PI-60129","SRMF0030","Motor_Brown_1200mm_Renesa_GV3","0.00","2500","0.00","10/12/2024"
"","Jagdish Shewale - Inventory","Van","PI-60130","RA0918","Deactivated - (old code) Blade_Aluminium_White_1200mm_Renesa Alpha_GV4","0.00","599","0.00","10/12/2024"
"","Jagdish Shewale - Inventory","Van","PI-60134","A1X0136","Deactivated - Bottom Body Assembly_Ivory_Efficio Alpha/Ikano _GV5","0.00","220","0.00","10/12/2024"
"","Jagdish Shewale - Inventory","Van","PI-60334","A1X0134","Deactivated - Bottom Body_Plastic_Gloss Black_Ikano_GV5","0.00","220","0.00","10/12/2024"
"","Jagdish Shewale - Inventory","Van","PI-60548","RA0070","Blade_Aluminium_White_1200mm_Renesa_GV3","0.00","599","0.00","10/12/2024"
"","Jagdish Shewale - Inventory","Van","PI-60549","SRMF0031","Motor_White_1200mm_Renesa_GV3","0.00","2500","0.00","10/12/2024"
"","Jagdish Shewale - Inventory","Van","PI-61038","EA05301","SMART PCBA /Phoenix-1 LED_PCB_GV5","0.00","700","0.00","10/12/2024"
"","Jagdish Shewale - Inventory","Van","PI-61213","SRA022903","Motor_Matt Brown_1200mm_Renesa Reboot_GV5","0.00","2500","0.00","10/12/2024"
"","Jagdish Shewale - Inventory","Van","PI-61422","SA0057","Stator_CF_1200mm_Efficio/Efficio+/Studio_GV2","0.00","500","0.00","10/12/2024"
"","Jagdish Shewale - Inventory","Van","PI-62358","SA0099","Stator_1200mm_Erica/Ikano/Ameza/Studio+Reboot/Renesa Reboot/Prime/Zen_GV5","0.00","500","0.00","10/12/2024"
"","Jagdish Shewale - Inventory","Van","PI-63039","SRMASS0149","Diffuser Opener Tool_CF_Renesa+_GV3","0.00","4720","0.00","10/12/2024"
"","Jagdish Shewale - Inventory","Van","PI-63040","RA1105","Master Remote (Tech Use only)","0.00","250","0.00","10/12/2024"
"","Jagdish Shewale - Inventory","Van","PI-63041","SA0021","Main PCB_CF_1200mm_Efficio_Reg_28W_GV2","0.00","500","0.00","10/12/2024"
"","Jagdish Shewale - Inventory","Van","PI-64548","A1X0140","Blade_Aluminium_Gloss Ivory_1200mm_Ikano_GV5","0.00","600","0.00","10/12/2024"
"","Jagdish Shewale - Inventory","Van","PI-64549","SRA1X1281","Motor_Gloss Ivory_1200mm_Ikano_GV5","0.00","2500","0.00","10/12/2024"
"","Jagdish Shewale - Inventory","Van","PI-65059","EA08401","PCB_Renesa Prime_GV5 (Capacitor)","0.00","500","0.00","10/12/2024"
"","Jagdish Shewale - Inventory","Van","PI-65714","A1X0150","Deactivated - Bottom Body Assembly_Gloss White_900mm_Ikano/Efficio Alpha_GV5","0.00","220","0.00","10/12/2024"
"","Jagdish Shewale - Inventory","Van","PI-65715","A1X0135","Deactivated - Bottom Body Assembly_Brown_Efficio Alpha/Ikano_GV5","0.00","220","0.00","10/12/2024"
"","Jagdish Shewale - Inventory","Van","PI-68988","SRA003504","Motor_Marble White_Non-Startlight_CF_1200mm_Aris_IOT_GV5","0.00","2500","0.00","10/12/2024"
"","Jagdish Shewale - Inventory","Van","PI-68989","RA0083","Blade_Aluminium_Earth Brown_1400mm_Renesa+/Renesa Smart_GV3","0.00","599","0.00","10/12/2024"
"","Jagdish Shewale - Inventory","Van","PI-69029","RA0071","Blade_Aluminium_Earth Brown_1200mm_Renesa+/Renesa Smart_GV3","0.00","599","0.00","10/12/2024"
"","Jagdish Shewale - Inventory","Van","PI-69145","RA1240","Blade_Aluminium_Midnight Black_1200mm_Renesa_GV3","0.00","600","0.00","10/12/2024"
"","Jagdish Shewale - Inventory","Van","PI-69533","A039904","Blade_Aluminium_Umber Brown_1200mm_Erica_GV5","0.00","600","0.00","10/12/2024"
"","Jagdish Shewale - Inventory","Van","PI-69738","RA0183","Diffuser (Bottom Cap)_Black_Renesa_GV3","0.00","60","0.00","10/12/2024"
"","Jagdish Shewale - Inventory","Van","PI-71033","SA0104","Motor Housing_Golden_CF_Renesa+/Renesa Smart_GV3","0.00","600","0.00","10/12/2024"
"","Jagdish Shewale - Inventory","Van","PI-72739","SRMF0028","Motor_White_600mm_Renesa_GV3","0.00","2500","0.00","10/12/2024"
"","Jagdish Shewale - Inventory","Van","PI-73094","RA0075","Blade_Aluminium_G-Oak_1200mm_Renesa+/Renesa Smart_GV3","0.00","599","0.00","10/12/2024"
"","Jagdish Shewale - Inventory","Van","PI-73303","RA0073","Blade_Aluminium_Ivory_1200mm_Renesa_GV3","0.00","599","0.00","10/12/2024"
"","Jagdish Shewale - Inventory","Van","PI-73970","RA1408","Blade_Aluminium_Sand Grey_900mm_Renesa+/Renesa Smart_GV3","0.00","600","0.00","10/12/2024"
"","Jagdish Shewale - Inventory","Van","PI-74645","RA0088","Blade_Aluminium_Earth Brown_900mm_Renesa+/Renesa Smart_GV3","0.00","599","0.00","10/12/2024"
"","Jagdish Shewale - Inventory","Van","PI-74653","RA0074","Blade_Aluminium_Matt Brown_1200mm_Renesa_GV3","0.00","599","0.00","10/12/2024"
"","Jagdish Shewale - Inventory","Van","PI-74828","SRA003502","Motor_Marble White_Startlight_CF_1200mm_Aris_IOT_GV5","0.00","2500","0.00","10/12/2024"
"","Jagdish Shewale - Inventory","Van","PI-75839","A1X0827","GV5 PCB Mounting Plate_CF","0.00","50","0.00","10/12/2024"
"","Jagdish Shewale - Inventory","Van","PI-75866","A064101","Blade_Aluminium_ 1200MM - Gloss Black_Prime/Alpha_GV5","0.00","600","0.00","10/12/2024"
"","Jagdish Shewale - Inventory","Van","PI-75867","RA0076","Blade_Aluminium_Natural Oak_1200mm_Renesa+/Renesa Smart_GV3","0.00","599","0.00","10/12/2024"
"","Jagdish Shewale - Inventory","Van","PI-76483","SRA1X1280","Motor_Gloss Brown_1200mm_Ikano_GV5","0.00","2500","0.00","10/12/2024"
"","Jagdish Shewale - Inventory","Van","PI-77581","A033006","Canopy Midnight Black Set Pack_GV5","0.00","150","0.00","10/12/2024"
"","Jagdish Shewale - Inventory","Van","PI-77582","A033005","Canopy_Pearl White_Renesa+_GV5","0.00","150","0.00","10/12/2024"
"","Jagdish Shewale - Inventory","Van","PI-77976","SRA1X1097","Motor_Umber Brown_1200mm_Erica_GV5","0.00","2500","0.00","10/12/2024"
"","Jagdish Shewale - Inventory","Van","PI-78238","A029702","Blade_Plastic_White_1200mm_Aris_IOT_GV5","0.00","600","0.00","10/12/2024"
"","Jagdish Shewale - Inventory","Van","PI-78535","RA0072","Blade_Aluminium_Pearl White_1200mm_Renesa+/Renesa Smart_GV3","0.00","599","0.00","10/12/2024"
"","Jagdish Shewale - Inventory","Van","PI-78536","A1X1055","Blade_Aluminium_SnowWhite_1200mm_Erica_GV5","0.00","600","0.00","10/12/2024"
"","Jagdish Shewale - Inventory","Van","PI-78802","A064107","Blade_Aluminium_Enzel/Renesa Zen_1200mm_Gloss Black_GV5","0.00","600","0.00","10/12/2024"
"","Jagdish Shewale - Inventory","Van","PI-79383","A064102","Blade_Aluminium_ 1200MM_Gloss White_Prime/Alpha_GV5","0.00","600","0.00","10/12/2024"
"","Jagdish Shewale - Inventory","Van","PI-79441","B1X0106","Motor_MG_Wine Red","0.00","2500","0.00","10/12/2024"
"","Jagdish Shewale - Inventory","Van","PI-81819","A091902","Plastic Bottom Cover along with Screw_Gloss Black_Ikano/Efficio Alpha/Ameza_GV5","0.00","0","0.00","10/12/2024"
"","Jagdish Shewale - Inventory","Van","PI-81887","RA0051","Blade_Aluminium_Brown_1400mm_Efficio/Efficio+/Studio_GV2","0.00","599","0.00","10/12/2024"
"","Jagdish Shewale - Inventory","Van","PI-82485","EA03201","PCB Without LED Strip_PCB_GV5","0.00","500","0.00","10/12/2024"
"","Jagdish Shewale - Inventory","Van","PI-83367","RA0080","Blade_Aluminium_White_1400mm_Renesa_GV3 & GV5","0.00","599","0.00","10/12/2024"
"","Jagdish Shewale - Inventory","Van","PI-83791","RA0148","Canopy_White_CF_Renesa_GV3","0.00","150","0.00","10/12/2024"
"","Jagdish Shewale - Inventory","Van","PI-83792","A033001","Canopy_White_Renesa+_GV5","0.00","150","0.00","10/12/2024"
"","Jagdish Shewale - Inventory","Van","PI-84325","EA07701","PCB_Renesa_900mm/1400mm_GV5.0 Reboot PCBA _Nuvoton+UCC-70 Micron_GV5","0.00","500","0.00","10/12/2024"
"","Jagdish Shewale - Inventory","Van","PI-86017","A141701","Surge Protection Device Module Assembly_CF","0.00","0","0.00","10/12/2024"
"","Jagdish Shewale - Inventory","Van","PI-86649","SRMF0128","Motor_Sand Grey_1200mm_Renesa+_GV3","0.00","2500","0.00","10/12/2024"
"","Jagdish Shewale - Inventory","Van","PI-86653","SA0103","Motor Housing_Sandan Grey_CF_Renesa+/Renesa Smart_GV3","0.00","600","0.00","10/12/2024"
"","Jagdish Shewale - Inventory","Van","PI-87383","RA0177","Diffuser_Pearl Ivory_Efficio_GV2","0.00","25","0.00","10/12/2024"
"","Jagdish Shewale - Inventory","Van","PI-96201","A091906","Plastic Bottom Cover along with Screw_Gloss Brown_Ikano/Efficio Alpha_GV5","0.00","0","0.00","10/12/2024"
"","Jagdish Shewale - Inventory","Van","PI-97589","SRMF0046","Motor_Black_1200mm_Renesa_GV3","0.00","2500","0.00","10/12/2024"
"","Jagdish Shewale - Inventory","Van","PI-97590","SRA2M0150","BLDC Motor_Renesa_TPW","0.00","700","0.00","10/12/2024"
"","Jagdish Shewale - Inventory","Van","PI-98576","A091905","Plastic Bottom Cover along with Screw_Gloss White_Ikano/Efficio Alpha_GV5","0.00","0","0.00","10/12/2024"
"","Jagdish Shewale - Inventory","Van","PI-98577","A091903","Plastic Bottom Cover along with Screw_Gloss Brown_Ameza_GV5","0.00","0","0.00","10/12/2024"
"","Jagdish Shewale - Inventory","Van","PI-101084","RA0040","Blade_Aluminium_Ivory_1200mm_Efficio_GV2","0.00","599","0.00","10/12/2024"
"","Jagdish Shewale - Inventory","Van","PI-101256","RA0087","Blade_Aluminium_Pearl White_900mm_Renesa+/Renesa Smart_GV3","0.00","599","0.00","10/12/2024"
"","Jagdish Shewale - Inventory","Van","PI-101661","A091904","Plastic Bottom Cover along with Screw_Gloss Ivory_Ameza_GV5","0.00","0","0.00","10/12/2024"
"","Jagdish Shewale - Inventory","Van","PI-104432","EA17601","PCB With LED Strip__Aris Starlight_GV5","0.00","500","0.00","10/12/2024"
"","Jagdish Shewale - Inventory","Van","PI-107211","A2X0140","Top Rod_Midnight Black_Renesa/Stelios/Stelios Pro/Izar Pedestal_TPW","0.00","80","0.00","10/12/2024"
"","Jagdish Shewale - Inventory","Van","PI-107212","SA0001","Rotor_Efficio_GV2","0.00","300","0.00","10/12/2024"
"","Jagdish Shewale - Inventory","Van","PI-109070","A159801","MG1.1 SS Jar Set with Lids Service","0.00","0","0.00","10/12/2024"
"","Jagdish Shewale - Inventory","Van","PI-110173","SRMASS0157","Main PCB_Efficio_EXH","0.00","450","0.00","10/12/2024"
"","Jagdish Shewale - Inventory","Van","PI-110174","SRMASS0158","BLDC Motor_200mm_Efficio_EXH","0.00","635","0.00","10/12/2024"
"","Jagdish Shewale - Inventory","Van","PI-111566","A003401","Stator_1200mm_Aris_GV5","0.00","0","0.00","10/12/2024"
"","Jagdish Shewale - Inventory","Van","PI-111567","A002902","Top Cover Assembly_White_Aris_IOT_GV5","0.00","220","0.00","10/12/2024"
"","Jagdish Shewale - Inventory","Van","PI-111745","SA0085","Motor Housing_Gloss Ivory_Efficio Alpha/Ikano/Ameza_GV5","0.00","300","0.00","10/12/2024"
"","Jagdish Shewale - Inventory","Van","PI-112817","EA12401","PCB_White LED_Efficio Alpha/Enzel _GV5","0.00","500","0.00","10/12/2024"
"","Jagdish Shewale - Inventory","Van","PI-114251","A2X0027","Synchronous Motor_Renesa/Stelios/Stelios Pro_TPW","0.00","150","0.00","10/12/2024"
"","Jagdish Shewale - Inventory","Van","PI-115903","A3X0036","Remote_Renesa Pedestal/Wall/Table/Stelios Pro/Izar Pedestal_TPW","0.00","250","0.00","10/12/2024"
"","Jagdish Shewale - Inventory","Van","PI-115904","RA0971","Remote_Pedestal E+_TPW","0.00","150","0.00","10/12/2024"
"","Jagdish Shewale - Inventory","Van","PI-115905","RA0995","Remote_Wall Mount_TPW","0.00","150","0.00","10/12/2024"
"","Jagdish Shewale - Inventory","Van","PI-116773","A074801","Jar Assembly _SS_Metal_Chutney Jar_Zenova_(MG1.1)","0.00","0","0.00","10/12/2024"
"","Jagdish Shewale - Inventory","Van","PI-116862","RA0790","Neck_400mm_Wall Mount_TPW","0.00","199","0.00","10/12/2024"
"","Jagdish Shewale - Inventory","Van","PI-123709","A113101","AllenKey_Aris Contour_GV5","0.00","0","0.00","10/12/2024"
"","Jagdish Shewale - Inventory","Van","PI-124405","EA07501","Main Power PCB_Aris Contour_GV5","0.00","0","0.00","10/12/2024"
"","Jagdish Shewale - Inventory","Van","PI-124406","EA08501","Digital PCB _Aris Contour_GV5","0.00","0","0.00","10/12/2024"
"","Jagdish Shewale - Inventory","Van","PI-124911","A101801","Canopy top plate_White_1200mm_Aris_IOT_GV5","0.00","150","0.00","10/12/2024"
"","Jagdish Shewale - Inventory","Van","PI-124931","A1X1036","Bottom Cover Assembly_Pink_Erica_GV5","0.00","80","0.00","10/12/2024"
"","Jagdish Shewale - Inventory","Van","PI-125697","SA0100","Stator_900mm_CF_GV5","0.00","220","0.00","10/12/2024"
"","Jagdish Shewale - Inventory","Van","PI-125698","A022807","Motor Housing_Pearl white_Renesa+_GV5","0.00","600","0.00","10/12/2024"
"","Jagdish Shewale - Inventory","Van","PI-126475","A1X1038","Bottom Cover_Umber Brown_1200mm_Erica Smart_GV5","0.00","220","0.00","10/12/2024"
"","Jagdish Shewale - Inventory","Van","PI-143530","SA0086","Motor Housing_Gloss Black_Efficio Alpha/Ikano/Ameza _GV5","0.00","300","0.00","10/12/2024"
"","Jagdish Shewale - Inventory","Van","PI-143531","A2X0136","Neck Male_Black_Renesa Pedestal/Table/Stelios Pro/Izar Pedestal_TPW","0.00","0","0.00","10/12/2024"
"","Jagdish Shewale - Inventory","Van","PI-143532","SA0083","Motor Housing_white_1200mm_Ikano/Enerio_GV5","0.00","300","0.00","10/12/2024"
"","Jagdish Shewale - Inventory","Van","PI-143596","A2X0138","Neck Female_Black_Renesa Pedestal/Table/Stelios Pro/Izar Pedestal_TPW","0.00","0","0.00","10/12/2024"
"","Jagdish Shewale - Inventory","Van","PI-797439","TestProduct","Test PCB","0.00","0","0.00","10/12/2024"
"","Jagdish Shewale - Inventory","Van","PI-823943","EA18601","Updated STM32_PCB_White LED_Efficio Alpha/Enzel/Azor _GV5","0.00","0","0.00","10/12/2024"
"","Jagdish Shewale - Inventory","Van","PI-826456","EA20801","Updated STM32_PCB_Enerio 28W_GV5","0.00","0","0.00","10/12/2024"
"","Jagdish Shewale - Inventory","Van","PI-847425","EA12301","Updated STM32 PCB C0_0.6M/0.9M/1.2M/ 1.4M_ Renesa/Renesa+/Studio+/Ikano/Prime_GV5","0.00","0","0.00","10/12/2024"
"","Jagdish Shewale - Inventory","Van","PI-858037","SA0084","Motor Housing_Gloss Brown_Efficio Alpha/Ikano/Ameza_GV5","0.00","300","0.00","10/12/2024"
"","Jagdish Shewale - Inventory","Van","PI-860227","A3H0017","5 Pin Wire harness_Renesa Walrus/Pedestal_Black_TPW","0.00","0","0.00","10/12/2024"
"","Jagdish Shewale - Inventory","Van","PI-865094","A064116","Blade_Aluminium_Enzel/Renesa Zen_1200mm_Dark Walnut_GV5","0.00","0","0.00","10/12/2024"
"","Jagdish Shewale - Inventory","Van","PI-867636","A064120","Blade_Aluminium_Enzel/Renesa Zen_1200mm_Maplewood_GV5","0.00","0","0.00","10/12/2024"
"","Jagdish Shewale - Inventory","Van","PI-870178","A064118","Blade_Aluminium_Enzel/Renesa Zen_1200mm_Mistly Teal_GV5","0.00","0","0.00","10/12/2024"
"","Jagdish Shewale - Inventory","Van","PI-872720","A064119","Blade_Aluminium_Enzel/Renesa Zen_1200mm_Pebble Grey_GV5","0.00","0","0.00","10/12/2024"
"","Jagdish Shewale - Inventory","Van","PI-875262","A170501","Updated Motor housing_Renesa Prime_GV5","0.00","0","0.00","10/12/2024"
"","Jagdish Shewale - Inventory","Van","PI-890635","SA0105","Updated Plastic body with screw_Pebble Grey_Prime/Enzel/Zen_GV5","0.00","0","0.00","10/12/2024"
"","Jagdish Shewale - Inventory","Van","PI-893188","SA0106","Updated Plastic body with screw_Gloss White_Prime/Enzel/Zen_GV5","0.00","0","0.00","10/12/2024"
"","Jagdish Shewale - Inventory","Van","PI-895741","SA0107","Updated Plastic body with screw_Gloss Black_Prime/Enzel/Zen_GV5","0.00","0","0.00","10/12/2024"
"","Jagdish Shewale - Inventory","Van","PI-898294","SA0108","Updated Plastic body with screw_Gloss Brown_Prime/Enzel/Zen_GV5","0.00","0","0.00","10/12/2024"
"","Jagdish Shewale - Inventory","Van","PI-917067","TestSa001","PCB_Regulator_1200mm_Renesa Alpha_GV4Test","0.00","0","0.00","10/12/2024"
"","Jagdish Shewale - Inventory","Van","PI-922307","EA07101","Sensor PCB_Zenova_MG","0.00","0","0.00","10/12/2024"
"","Jagdish Shewale - Inventory","Van","PI-943639","A1X0170","Blade_Aluminium_Marble White_1200mm_Studio+_GV5","0.00","600","0.00","10/12/2024"
"","Jagdish Shewale - Inventory","Van","PI-956422","A086902","Plastic Blade_Black_Aris Contour_GV5","0.00","0","0.00","10/12/2024"
"","Jagdish Shewale - Inventory","Van","PI-962020","A029703","Blade_Plastic_Steller Black_1200mm_Aris_IOT_GV5","0.00","0","0.00","10/12/2024"
"","Jagdish Shewale - Inventory","Van","PI-964621","A101703","Top Canopy_Steller Black_1200mm_Aris_IOT_GV5","0.00","0","0.00","10/12/2024"
"","Jagdish Shewale - Inventory","Van","PI-967222","A101803","Canopy top Plate_steller black_1200mm_Aris_IOT_GV5","0.00","0","0.00","10/12/2024"
"","Jagdish Shewale - Inventory","Van","PI-969823","A102003","Middle upper canopy_Steller black_Aris_GV5","0.00","0","0.00","10/12/2024"
"","Jagdish Shewale - Inventory","Van","PI-972424","A102203","Middle Lower canopy_Steller black_Aris_GV5","0.00","0","0.00","10/12/2024"
"","Jagdish Shewale - Inventory","Van","PI-975025","A102403","Bottom Canopy_Steller Black_1220mm_Aris_IOT_GV5","0.00","0","0.00","10/12/2024"
"","Jagdish Shewale - Inventory","Van","PI-977626","A006402","False cover_Aris_GV5","0.00","0","0.00","10/12/2024"
"","Jagdish Shewale - Inventory","Van","PI-980227","A006505","Bottom cover_Steller black_Aris_GV5","0.00","0","0.00","10/12/2024"
"","Jagdish Shewale - Inventory","Van","PI-982828","A002903","Motor Housing_Steller Black_1200mm_Aris_IOT_GV5","0.00","0","0.00","10/12/2024"
"","Jagdish Shewale - Inventory","Van","PI-990872","A158402","Motor & Jar Coupler Set_MG1.0/Zenova/Maple_MG","0.00","0","0.00","10/12/2024"
"","Jagdish Shewale - Inventory","Van","PI-993473","SA0110","Grill Belt Assembly_Black_Renesa Pedestal/Wall/Table/Stelios Pro/Izar Pedestal_TPW","0.00","0","0.00","10/12/2024"
"","Jagdish Shewale - Inventory","Van","PI-996074","SA0109","Grill belt assembly_White_Renesa/Stelios/Izar Pedestal_TPW","0.00","0","0.00","10/12/2024"
"","Jagdish Shewale - Inventory","Van","PI-1002242","RA1348","FG replacement Tags","0.00","0","0.00","10/12/2024"
"","Jagdish Shewale - Inventory","Van","PI-1006006","RA1631","Service Cello Tape (Yellow - 3INX65M)","0.00","0","0.00","10/12/2024"
"","Jagdish Shewale - Inventory","Van","PI-1008611","RA1632","Defective Spares Tag","0.00","0","0.00","10/12/2024"
"","Jagdish Shewale - Inventory","Van","PI-1011216","RA1633","Defective FG Replacement seal","0.00","0","0.00","10/12/2024"
"","Jagdish Shewale - Inventory","Van","PI-1026676","A073415","Downrod_Aegean Blue_CF","0.00","0","0.00","10/12/2024"
"","Jagdish Shewale - Inventory","Van","PI-1050951","A073406","Downrod_Golden_CF","0.00","0","0.00","10/12/2024"
"","Jagdish Shewale - Inventory","Van","PI-1053963","A091911","Bottom Cover_Ameza_GV5","0.00","0","0.00","10/12/2024"
"","Jagdish Shewale - Inventory","Van","PI-1056975","EA16901","Updated_PCB STM32_1200mm_Erica/Ameza/Renesa Zen_1 LED_GV5","0.00","0","0.00","10/12/2024"
"","Jagdish Shewale - Inventory","Van","PI-1059987","A112503","Canopy_Sea Sand Ivory_Ameza_GV5","0.00","0","0.00","10/12/2024"
"","Jagdish Shewale - Inventory","Van","PI-1064369","A073401","Downrod_Earth Brown_CF_Studio+_GV4","0.00","60","0.00","10/12/2024"
"","Jagdish Shewale - Inventory","Van","PI-1068393","A064113","Blade_Aluminium_SS Ivory_Renesa Prime _GV5","0.00","0","0.00","10/12/2024"
"","Jagdish Shewale - Inventory","Van","PI-1299528","SPR0172","Top Motor Housing_Metal_Studio+_GV4","0.00","484","0.00","10/12/2024"
"","Jagdish Shewale - Inventory","Van","PI-1441273","A039905","Blade_Aluminium_Erica_1200_1200mm - Midnight Black Matt_GV5","0.00","600","0.00","10/12/2024"
"","Jagdish Shewale - Inventory","Van","PI-1441444","RA0915","Bottom Cover_Gloss White_Prime_GV5","0.00","200","0.00","10/12/2024"
"","Jagdish Shewale - Inventory","Van","PI-1441445","RA0914","Body_Top Plastic Assembly_Gloss White_Alpha/Renesa Zen/Prime_GV5","0.00","150","0.00","10/12/2024"
"","Jagdish Shewale - Inventory","Van","PI-1463182","RA0089","Blade_Aluminium_G-Oak_900mm_Renesa+/Renesa Smart_GV3","0.00","599","0.00","10/12/2024"
"","Jagdish Shewale - Inventory","Van","PI-1509904","SA0102","Motor Housing_Aegean Blue_CF_Renesa+/Renesa Smart_GV3","0.00","600","0.00","10/12/2024"
"","Jagdish Shewale - Inventory","Van","PI-1512994","A096505","Blade_Aluminium_Gloss White_1200mm_Renesa Roobot Smart_GV5","0.00","600","0.00","10/12/2024"
"","Jagdish Shewale - Inventory","Van","PI-1572598","A090801","Middle Canopy_Marble White_Aris Contour_GV5","0.00","0","0.00","10/12/2024"
"","Jagdish Shewale - Inventory","Van","PI-2096618","DS","","100.00","1","100.00","10/12/2024"
"","Surender - Inventory","Van","PI-90559","DS","","0.00","1","0.00","10/12/2024"
"","Surender - Inventory","Van","PI-57178","B1X0056","Chutney jar sub assembly MG1.0","0.00","450","0.00","10/12/2024"
"","Surender - Inventory","Van","PI-58529","SA0056","Stator_CF_1200mm_Renesa/Renesa+/Renesa Smart_GV3","1.00","500","1.00","10/12/2024"
"","Surender - Inventory","Van","PI-58530","SA0060","Power PCB (Without Potting) BL_CF_Renesa_GV3","0.00","400","0.00","10/12/2024"
"","Surender - Inventory","Van","PI-58531","SA0011","Consolidate PCB GV3_CF_Renesa+_GV3","2.00","350","2.00","10/12/2024"
"","Surender - Inventory","Van","PI-58532","SA0040","Motor Housing_Black_CF_Renesa_GV3","0.00","590","0.00","10/12/2024"
"","Surender - Inventory","Van","PI-58533","SA0019","Consolidate PCB GV2_CF__Efficio_GV2","11.00","500","11.00","10/12/2024"
"","Surender - Inventory","Van","PI-58534","EA04101","PCB_Renesa/Renesa+/Ikano/Sudio+ STM8s, 70micron  (6 LED)_GV5","0.00","500","0.00","10/12/2024"
"","Surender - Inventory","Van","PI-58535","SA0044","Motor Housing_Pearl White_CF_Renesa+/Renesa Smart_GV3","0.00","590","0.00","10/12/2024"
"","Surender - Inventory","Van","PI-61956","SA0061","Power PCB (Without Potting) WH_CF_Renesa_GV3","5.00","400","5.00","10/12/2024"
"","Surender - Inventory","Van","PI-61957","EA01701","PCB_Erica/Ameza/Renesa Zen_GV5 (STM8s,70micron single LED)","0.00","500","0.00","10/12/2024"
"","Surender - Inventory","Van","PI-61958","SRMF0128","Motor_Sand Grey_1200mm_Renesa+_GV3","0.00","2500","0.00","10/12/2024"
"","Surender - Inventory","Van","PI-62362","SA0099","Stator_1200mm_Erica/Ikano/Ameza/Studio+Reboot/Renesa Reboot/Prime/Zen_GV5","2.00","500","2.00","10/12/2024"
"","Surender - Inventory","Van","PI-62363","SA0041","Motor Housing_White_CF_Renesa_GV3","0.00","590","0.00","10/12/2024"
"","Surender - Inventory","Van","PI-62364","A022804","Motor Housing_Black_1200mm_Renesa+_GV5","0.00","600","0.00","10/12/2024"
"","Surender - Inventory","Van","PI-62365","SA0045","Motor Housing_Earth Brown_CF_Renesa+/Renesa Smart_GV3","0.00","590","0.00","10/12/2024"
"","Surender - Inventory","Van","PI-62366","RA0072","Blade_Aluminium_Pearl White_1200mm_Renesa+/Renesa Smart_GV3","0.00","599","0.00","10/12/2024"
"","Surender - Inventory","Van","PI-67636","SA0039","PCB_Remote_1200mm_Studio+_GV4","3.00","500","3.00","10/12/2024"
"","Surender - Inventory","Van","PI-74855","SRMF0009","Motor_Ivory_1200mm_Efficio_GV2","0.00","2500","0.00","10/12/2024"
"","Surender - Inventory","Van","PI-100005","A023101","Motor Housing_Grey_Renesa+_GV5","0.00","600","0.00","10/12/2024"
"","Surender - Inventory","Van","PI-100008","SA0103","Motor Housing_Sandan Grey_CF_Renesa+/Renesa Smart_GV3","0.00","600","0.00","10/12/2024"
"","Surender - Inventory","Van","PI-125031","A2C0003","Interface PCB_Renesa Pedestal Non Swing_TPW","0.00","150","0.00","10/12/2024"
"","Surender - Inventory","Van","PI-125032","A1X0601","CF_Universal Remote New","3.00","250","3.00","10/12/2024"
"","Surender - Inventory","Van","PI-125033","EA03001","Smart PCB Phoenix Led_PCB_1200mm_GV5","0.00","700","0.00","10/12/2024"
"","Surender - Inventory","Van","PI-125289","A1X0137","Blade_Aluminium_White_1200mm_Ikano_GV5","0.00","600","0.00","10/12/2024"
"","Surender - Inventory","Van","PI-125432","A004001","Motor Bldc_150mm_Studio_EXH","0.00","599","0.00","10/12/2024"
"","Surender - Inventory","Van","PI-125890","SRMASS0160","BLDC Motor_150mm_Studio+_EXH","0.00","599","0.00","10/12/2024"
"","Surender - Inventory","Van","PI-126001","A091907","Plastic Bottom Cover along with Screw_Gloss Ivory_Ikano/Efficio Alpha_GV5","0.00","0","0.00","10/12/2024"
"","Surender - Inventory","Van","PI-128179","RA0071","Blade_Aluminium_Earth Brown_1200mm_Renesa+/Renesa Smart_GV3","0.00","599","0.00","10/12/2024"
"","Surender - Inventory","Van","PI-128185","SRA2M0150","BLDC Motor_Renesa_TPW","0.00","700","0.00","10/12/2024"
"","Surender - Inventory","Van","PI-128581","SA0001","Rotor_Efficio_GV2","0.00","300","0.00","10/12/2024"
"","Surender - Inventory","Van","PI-128582","SA0021","Main PCB_CF_1200mm_Efficio_Reg_28W_GV2","0.00","500","0.00","10/12/2024"
"","Surender - Inventory","Van","PI-128583","SA0057","Stator_CF_1200mm_Efficio/Efficio+/Studio_GV2","0.00","500","0.00","10/12/2024"
"","Surender - Inventory","Van","PI-128889","EA07701","PCB_Renesa_900mm/1400mm_GV5.0 Reboot PCBA _Nuvoton+UCC-70 Micron_GV5","0.00","500","0.00","10/12/2024"
"","Surender - Inventory","Van","PI-129095","SA0098","Stator_CF_1400mm_Renesa/Renesa+/Renesa Smart_GV3","0.00","500","0.00","10/12/2024"
"","Surender - Inventory","Van","PI-140413","RA0028","Bearing 6202_CF","0.00","60","0.00","10/12/2024"
"","Surender - Inventory","Van","PI-797455","TestProduct","Test PCB","0.00","0","0.00","10/12/2024"
"","Surender - Inventory","Van","PI-803567","EA12301","Updated STM32 PCB C0_0.6M/0.9M/1.2M/ 1.4M_ Renesa/Renesa+/Studio+/Ikano/Prime_GV5","22.00","0","22.00","10/12/2024"
"","Surender - Inventory","Van","PI-823959","EA18601","Updated STM32_PCB_White LED_Efficio Alpha/Enzel/Azor _GV5","0.00","0","0.00","10/12/2024"
"","Surender - Inventory","Van","PI-826472","EA20801","Updated STM32_PCB_Enerio 28W_GV5","0.00","0","0.00","10/12/2024"
"","Surender - Inventory","Van","PI-860243","A3H0017","5 Pin Wire harness_Renesa Walrus/Pedestal_Black_TPW","0.00","0","0.00","10/12/2024"
"","Surender - Inventory","Van","PI-865110","A064116","Blade_Aluminium_Enzel/Renesa Zen_1200mm_Dark Walnut_GV5","0.00","0","0.00","10/12/2024"
"","Surender - Inventory","Van","PI-867652","A064120","Blade_Aluminium_Enzel/Renesa Zen_1200mm_Maplewood_GV5","0.00","0","0.00","10/12/2024"
"","Surender - Inventory","Van","PI-870194","A064118","Blade_Aluminium_Enzel/Renesa Zen_1200mm_Mistly Teal_GV5","0.00","0","0.00","10/12/2024"
"","Surender - Inventory","Van","PI-872736","A064119","Blade_Aluminium_Enzel/Renesa Zen_1200mm_Pebble Grey_GV5","0.00","0","0.00","10/12/2024"
"","Surender - Inventory","Van","PI-875278","A170501","Updated Motor housing_Renesa Prime_GV5","0.00","0","0.00","10/12/2024"
"","Surender - Inventory","Van","PI-890651","SA0105","Updated Plastic body with screw_Pebble Grey_Prime/Enzel/Zen_GV5","0.00","0","0.00","10/12/2024"
"","Surender - Inventory","Van","PI-893204","SA0106","Updated Plastic body with screw_Gloss White_Prime/Enzel/Zen_GV5","0.00","0","0.00","10/12/2024"
"","Surender - Inventory","Van","PI-895757","SA0107","Updated Plastic body with screw_Gloss Black_Prime/Enzel/Zen_GV5","0.00","0","0.00","10/12/2024"
"","Surender - Inventory","Van","PI-898310","SA0108","Updated Plastic body with screw_Gloss Brown_Prime/Enzel/Zen_GV5","0.00","0","0.00","10/12/2024"
"","Surender - Inventory","Van","PI-917083","TestSa001","PCB_Regulator_1200mm_Renesa Alpha_GV4Test","0.00","0","0.00","10/12/2024"
"","Surender - Inventory","Van","PI-919987","EA02401","Digital PCB_Renesa Wall Mount_TPW","0.00","350","0.00","10/12/2024"
"","Surender - Inventory","Van","PI-919988","EA05401","Power PCB_Renesa Pedestal/Wall/Table_TPW","1.00","300","1.00","10/12/2024"
"","Surender - Inventory","Van","PI-922323","EA07101","Sensor PCB_Zenova_MG","0.00","0","0.00","10/12/2024"
"","Surender - Inventory","Van","PI-926238","A2X0027","Synchronous Motor_Renesa/Stelios/Stelios Pro_TPW","0.00","150","0.00","10/12/2024"
"","Surender - Inventory","Van","PI-962036","A029703","Blade_Plastic_Steller Black_1200mm_Aris_IOT_GV5","0.00","0","0.00","10/12/2024"
"","Surender - Inventory","Van","PI-964637","A101703","Top Canopy_Steller Black_1200mm_Aris_IOT_GV5","0.00","0","0.00","10/12/2024"
"","Surender - Inventory","Van","PI-967238","A101803","Canopy top Plate_steller black_1200mm_Aris_IOT_GV5","0.00","0","0.00","10/12/2024"
"","Surender - Inventory","Van","PI-969839","A102003","Middle upper canopy_Steller black_Aris_GV5","0.00","0","0.00","10/12/2024"
"","Surender - Inventory","Van","PI-972440","A102203","Middle Lower canopy_Steller black_Aris_GV5","0.00","0","0.00","10/12/2024"
"","Surender - Inventory","Van","PI-975041","A102403","Bottom Canopy_Steller Black_1220mm_Aris_IOT_GV5","0.00","0","0.00","10/12/2024"
"","Surender - Inventory","Van","PI-977642","A006402","False cover_Aris_GV5","0.00","0","0.00","10/12/2024"
"","Surender - Inventory","Van","PI-980243","A006505","Bottom cover_Steller black_Aris_GV5","0.00","0","0.00","10/12/2024"
"","Surender - Inventory","Van","PI-982844","A002903","Motor Housing_Steller Black_1200mm_Aris_IOT_GV5","0.00","0","0.00","10/12/2024"
"","Surender - Inventory","Van","PI-990888","A158402","Motor & Jar Coupler Set_MG1.0/Zenova/Maple_MG","0.00","0","0.00","10/12/2024"
"","Surender - Inventory","Van","PI-993489","SA0110","Grill Belt Assembly_Black_Renesa Pedestal/Wall/Table/Stelios Pro/Izar Pedestal_TPW","0.00","0","0.00","10/12/2024"
"","Surender - Inventory","Van","PI-996090","SA0109","Grill belt assembly_White_Renesa/Stelios/Izar Pedestal_TPW","0.00","0","0.00","10/12/2024"
"","Surender - Inventory","Van","PI-996568","A091902","Plastic Bottom Cover along with Screw_Gloss Black_Ikano/Efficio Alpha/Ameza_GV5","0.00","0","0.00","10/12/2024"
"","Surender - Inventory","Van","PI-1002258","RA1348","FG replacement Tags","0.00","0","0.00","10/12/2024"
"","Surender - Inventory","Van","PI-1006022","RA1631","Service Cello Tape (Yellow - 3INX65M)","0.00","0","0.00","10/12/2024"
"","Surender - Inventory","Van","PI-1008627","RA1632","Defective Spares Tag","0.00","0","0.00","10/12/2024"
"","Surender - Inventory","Van","PI-1011232","RA1633","Defective FG Replacement seal","0.00","0","0.00","10/12/2024"
"","Surender - Inventory","Van","PI-1018700","A091904","Plastic Bottom Cover along with Screw_Gloss Ivory_Ameza_GV5","0.00","0","0.00","10/12/2024"
"","Surender - Inventory","Van","PI-1026693","A073415","Downrod_Aegean Blue_CF","0.00","0","0.00","10/12/2024"
"","Surender - Inventory","Van","PI-1050968","A073406","Downrod_Golden_CF","0.00","0","0.00","10/12/2024"
"","Surender - Inventory","Van","PI-1053980","A091911","Bottom Cover_Ameza_GV5","0.00","0","0.00","10/12/2024"
"","Surender - Inventory","Van","PI-1056992","EA16901","Updated_PCB STM32_1200mm_Erica/Ameza/Renesa Zen_1 LED_GV5","1.00","0","1.00","10/12/2024"
"","Surender - Inventory","Van","PI-1060004","A112503","Canopy_Sea Sand Ivory_Ameza_GV5","0.00","0","0.00","10/12/2024"
"","Surender - Inventory","Van","PI-1064386","A073401","Downrod_Earth Brown_CF_Studio+_GV4","0.00","60","0.00","10/12/2024"
"","Surender - Inventory","Van","PI-1068395","A064113","Blade_Aluminium_SS Ivory_Renesa Prime _GV5","0.00","0","0.00","10/12/2024"
"","Surender - Inventory","Van","PI-1852956","EA07501","Main Power PCB_Aris Contour_GV5","0.00","0","0.00","10/12/2024"
"","Surender - Inventory","Van","PI-2021683","A040005","Blade_Aluminium_STUDIO+_1200mm - MARBLE WHITE TEAKWOOD_GV5","0.00","600","0.00","10/12/2024"
"","Surender - Inventory","Van","PI-2021684","A040007","Blade_Aluminium_White Teakwood_Studio+_GV5","0.00","0","0.00","10/12/2024"
"","Surender - Inventory","Van","PI-2042285","SA0042","Motor Housing_Brown_CF_Renesa_GV3","1.00","590","1.00","10/12/2024"
"","Surender - Inventory","Van","PI-2073409","A196004","Bottom cover_Umber Brown_Erica Nuvo_GV5","0.00","0","0.00","10/12/2024"
"","Surender - Inventory","Van","PI-2309071","EA20701","Digital Smart PCB_Renesa Elite/Studio Nexus_GV5","4.00","0","4.00","10/12/2024"
"","Surender - Inventory","Van","PI-2309072","EA19401","Power PCB_Renesa Elite/Studio Nexus_GV5","1.00","0","1.00","10/12/2024"
"","Surender - Inventory","Van","PI-2409647","A064110","Blade_Aluminium_Gloss White_Renesa Prime_GV5","0.00","600","0.00","10/12/2024"
"","Surender - Inventory","Van","PI-2409667","EA02301","Interface PCB_Renesa Pedestal/Table_TPW","0.00","0","0.00","10/12/2024"
"","Surender - Inventory","Van","PI-2446527","EA17701","PCB 41W_Aris non-starlight_GV5","0.00","0","0.00","10/12/2024"
"","Surender - Inventory","Van","PI-2485606","RA0041","Blade_Aluminium_Matt Brown_900mm_Efficio/Efficio+/Studio_GV2","0.00","599","0.00","10/12/2024"
"","Surender - Inventory","Van","PI-2855287","RA1105","Master Remote (Tech Use only)","1.00","250","1.00","10/12/2024"
"","Surender - Inventory","Van","PI-2855474","A177006","Bottom Canopy_Rose Gold_Rhino_GV5","0.00","0","0.00","10/12/2024"
"","Surender - Inventory","Van","PI-2969042","A033013","Canopy_Sea Sand Ivory Set Pack_GV5","0.00","0","0.00","10/12/2024"
"","Surender - Inventory","Van","PI-2991144","A159801","MG1.1 SS Jar Set with Lids Service","1.00","0","1.00","10/12/2024"
"","Surender - Inventory","Van","PI-3099017","EA12401","PCB_White LED_Efficio Alpha/Enzel _GV5","1.00","500","1.00","10/12/2024"
"","Surender - Inventory","Van","PI-3112748","A177715","Hopper_Cold Press Feeding_Althea","0.00","177","0.00","10/12/2024"
"","Surender - Inventory","Van","PI-3118950","A233301","Lexcru_Booster_Kit_Assembly","0.00","0","0.00","10/12/2024"
"","Surender - Inventory","Van","PI-3136545","A212401","Silicon Tube_Tank to Tap","0.00","28","0.00","10/12/2024"
"","Surender - Inventory","Van","PI-3265468","A229901","Faucet_Assembly_Tap","0.00","31","0.00","10/12/2024"
"","Surender - Inventory","Van","PI-3319643","EA17601","PCB With LED Strip__Aris Starlight_GV5","0.00","500","0.00","10/12/2024"
"","Surender - Inventory","Van","PI-3617011","EA12701","Smart PCB_Flamingo_6LED_1200mm_Renesa/Renesa+/Halo/Studio+_GV5","0.00","0","0.00","10/12/2024"
"","Surender - Inventory","Van","PI-3617012","EA30101","PCB_Regulator_35W_Renesa Prime_GV5","1.00","0","1.00","10/12/2024"
"","Surender - Inventory","Van","PI-3617033","EA08401","PCB_Renesa Prime_GV5 (Capacitor)","0.00","500","0.00","10/12/2024"
"","Surender - Inventory","Van","PI-3617032","A022805","Motor Housing_Earth Brown_Renesa+_GV5","2.00","220","2.00","10/12/2024"
"","Surender - Inventory","Van","PI-3617275","A228801","Pre Filter Housing_Assembly_With Sediment","2.00","125","2.00","10/12/2024"
"","Surender - Inventory","Van","PI-3617290","A273001","Pre Filter Housing_Assembly_Without Sediment","1.00","90","1.00","10/12/2024"
"","Surender - Inventory","Van","PI-3678797","EA19701","(New MCF) Digital PCB_Renesa Wall_TPW","1.00","0","1.00","10/12/2024"
"","Surender - Inventory","Van","PI-3678798","A033006","Canopy Midnight Black Set Pack_GV5","2.00","150","2.00","10/12/2024"
"","Surender - Inventory","Van","PI-3683795","A1X1217","Stator_1200mm_Studio+/Renesa Alpha/Naveo_GV4","1.00","500","1.00","10/12/2024"
"","Surender - Inventory","Van","PI-3705861","SA0104","Motor Housing_Golden_CF_Renesa+/Renesa Smart_GV3","0.00","600","0.00","10/12/2024"
"","Surender - Inventory","Van","PI-3715919","A176302","Sync Motor(Minzhuo 2.5 RPM)_TPW","0.00","266","0.00","10/12/2024"
"","Surender - Inventory","Van","PI-3741614","EA19501","Updated_Main Power PCB_Aris Contour_GV5","2.00","0","2.00","10/12/2024"
"","Surender - Inventory","Van","PI-3747316","EA08501","Digital PCB _Aris Contour_GV5","1.00","0","1.00","10/12/2024"
"","Surender - Inventory","Van","PI-3781875","EA24801","Smart Phoenix PCB_900mm_Renesa Halo_GV5","0.00","0","0.00","10/12/2024"
"","Surender - Inventory","Van","PI-3781876","EA24701","Smart PCB Flamingo_ 6 LED Blue PCB_600mm_GV5","4.00","0","4.00","10/12/2024"
"","Surender - Inventory","Van","PI-3781877","EA24601","PCB_Phoenix_1400mm_Renesa Halo_GV5","4.00","0","4.00","10/12/2024"
"","Surender - Inventory","Van","PI-3841155","A171122","Blade Aluminium_900mm_Earth Brown_Renesa Elite_GV5","0.00","0","0.00","10/12/2024"
"","Surender - Inventory","Van","PI-3875831","A1X0827","GV5 PCB Mounting Plate_CF","1.00","50","1.00","10/12/2024"
"","Divyakumar Dubay - Inventory","Van","PI-93151","A1X0601","CF_Universal Remote New","0.00","250","0.00","10/12/2024"
"","Divyakumar Dubay - Inventory","Van","PI-93152","SA0001","Rotor_Efficio_GV2","0.00","300","0.00","10/12/2024"
"","Divyakumar Dubay - Inventory","Van","PI-61674","EA04101","PCB_Renesa/Renesa+/Ikano/Sudio+ STM8s, 70micron  (6 LED)_GV5","0.00","500","0.00","10/12/2024"
"","Divyakumar Dubay - Inventory","Van","PI-61675","SA0060","Power PCB (Without Potting) BL_CF_Renesa_GV3","0.00","400","0.00","10/12/2024"
"","Divyakumar Dubay - Inventory","Van","PI-61676","SA0061","Power PCB (Without Potting) WH_CF_Renesa_GV3","0.00","400","0.00","10/12/2024"
"","Divyakumar Dubay - Inventory","Van","PI-61677","SA0011","Consolidate PCB GV3_CF_Renesa+_GV3","0.00","350","0.00","10/12/2024"
"","Divyakumar Dubay - Inventory","Van","PI-61678","SA0019","Consolidate PCB GV2_CF__Efficio_GV2","0.00","500","0.00","10/12/2024"
"","Divyakumar Dubay - Inventory","Van","PI-63334","RA0071","Blade_Aluminium_Earth Brown_1200mm_Renesa+/Renesa Smart_GV3","0.00","599","0.00","10/12/2024"
"","Divyakumar Dubay - Inventory","Van","PI-63335","RA0076","Blade_Aluminium_Natural Oak_1200mm_Renesa+/Renesa Smart_GV3","0.00","599","0.00","10/12/2024"
"","Divyakumar Dubay - Inventory","Van","PI-74930","SA0040","Motor Housing_Black_CF_Renesa_GV3","0.00","590","0.00","10/12/2024"
"","Divyakumar Dubay - Inventory","Van","PI-74931","EA01701","PCB_Erica/Ameza/Renesa Zen_GV5 (STM8s,70micron single LED)","0.00","500","0.00","10/12/2024"
"","Divyakumar Dubay - Inventory","Van","PI-74932","SA0099","Stator_1200mm_Erica/Ikano/Ameza/Studio+Reboot/Renesa Reboot/Prime/Zen_GV5","0.00","500","0.00","10/12/2024"
"","Divyakumar Dubay - Inventory","Van","PI-85009","SA0045","Motor Housing_Earth Brown_CF_Renesa+/Renesa Smart_GV3","0.00","590","0.00","10/12/2024"
"","Divyakumar Dubay - Inventory","Van","PI-85010","RA0028","Bearing 6202_CF","0.00","60","0.00","10/12/2024"
"","Divyakumar Dubay - Inventory","Van","PI-85011","SA0041","Motor Housing_White_CF_Renesa_GV3","0.00","590","0.00","10/12/2024"
"","Divyakumar Dubay - Inventory","Van","PI-85012","SA0104","Motor Housing_Golden_CF_Renesa+/Renesa Smart_GV3","0.00","600","0.00","10/12/2024"
"","Divyakumar Dubay - Inventory","Van","PI-85013","SA0042","Motor Housing_Brown_CF_Renesa_GV3","0.00","590","0.00","10/12/2024"
"","Divyakumar Dubay - Inventory","Van","PI-85014","RA0345","Circlip Pin_CF_Renesa_GV3","0.00","9","0.00","10/12/2024"
"","Divyakumar Dubay - Inventory","Van","PI-85015","SA0056","Stator_CF_1200mm_Renesa/Renesa+/Renesa Smart_GV3","0.00","500","0.00","10/12/2024"
"","Divyakumar Dubay - Inventory","Van","PI-85430","RA1236","Blade_Aluminium_Golden_1200mm_Renesa+/Renesa Smart_GV3","0.00","600","0.00","10/12/2024"
"","Divyakumar Dubay - Inventory","Van","PI-85431","RA1028","Blade_Aluminium_Brown_1200mm_Ozeo_GV4","0.00","599","0.00","10/12/2024"
"","Divyakumar Dubay - Inventory","Van","PI-116649","A075001","Jar Assembly_SS_Metal_Liquidizer Jar_Zenova_(MG1.1)","0.00","0","0.00","10/12/2024"
"","Divyakumar Dubay - Inventory","Van","PI-116650","A074801","Jar Assembly _SS_Metal_Chutney Jar_Zenova_(MG1.1)","0.00","0","0.00","10/12/2024"
"","Divyakumar Dubay - Inventory","Van","PI-117228","SA0044","Motor Housing_Pearl White_CF_Renesa+/Renesa Smart_GV3","0.00","590","0.00","10/12/2024"
"","Divyakumar Dubay - Inventory","Van","PI-117626","SA0098","Stator_CF_1400mm_Renesa/Renesa+/Renesa Smart_GV3","0.00","500","0.00","10/12/2024"
"","Divyakumar Dubay - Inventory","Van","PI-117761","A141701","Surge Protection Device Module Assembly_CF","0.00","0","0.00","10/12/2024"
"","Divyakumar Dubay - Inventory","Van","PI-117952","EA07701","PCB_Renesa_900mm/1400mm_GV5.0 Reboot PCBA _Nuvoton+UCC-70 Micron_GV5","0.00","500","0.00","10/12/2024"
"","Divyakumar Dubay - Inventory","Van","PI-118058","B1C0003","MG 1 Sensor PCB","0.00","150","0.00","10/12/2024"
"","Divyakumar Dubay - Inventory","Van","PI-118059","B1C0002","MG 1 Interface PCB","0.00","350","0.00","10/12/2024"
"","Divyakumar Dubay - Inventory","Van","PI-118060","B1C0001","MG 1 Driver PCB","0.00","1000","0.00","10/12/2024"
"","Divyakumar Dubay - Inventory","Van","PI-118082","A2X0028","Sync Coupler_Renesa Pedestal/Table/Stelios Pro/Izar Pedestal_TPW","0.00","80","0.00","10/12/2024"
"","Divyakumar Dubay - Inventory","Van","PI-118083","A2X0027","Synchronous Motor_Renesa/Stelios/Stelios Pro_TPW","0.00","150","0.00","10/12/2024"
"","Divyakumar Dubay - Inventory","Van","PI-118814","EA03001","Smart PCB Phoenix Led_PCB_1200mm_GV5","0.00","700","0.00","10/12/2024"
"","Divyakumar Dubay - Inventory","Van","PI-119228","A159801","MG1.1 SS Jar Set with Lids Service","0.00","0","0.00","10/12/2024"
"","Divyakumar Dubay - Inventory","Van","PI-119229","SA0103","Motor Housing_Sandan Grey_CF_Renesa+/Renesa Smart_GV3","0.00","600","0.00","10/12/2024"
"","Divyakumar Dubay - Inventory","Van","PI-119456","A1X1038","Bottom Cover_Umber Brown_1200mm_Erica Smart_GV5","0.00","220","0.00","10/12/2024"
"","Divyakumar Dubay - Inventory","Van","PI-119458","A091907","Plastic Bottom Cover along with Screw_Gloss Ivory_Ikano/Efficio Alpha_GV5","0.00","0","0.00","10/12/2024"
"","Divyakumar Dubay - Inventory","Van","PI-119947","SRA2M0150","BLDC Motor_Renesa_TPW","0.00","700","0.00","10/12/2024"
"","Divyakumar Dubay - Inventory","Van","PI-120173","EA06301","Driver/Main PCB_Zenova_(MG1.1)","0.00","0","0.00","10/12/2024"
"","Divyakumar Dubay - Inventory","Van","PI-121299","A022803","Motor Housing_Matt Brown_Renesa_GV5","0.00","220","0.00","10/12/2024"
"","Divyakumar Dubay - Inventory","Van","PI-121354","EA05301","SMART PCBA /Phoenix-1 LED_PCB_GV5","0.00","700","0.00","10/12/2024"
"","Divyakumar Dubay - Inventory","Van","PI-121567","A091906","Plastic Bottom Cover along with Screw_Gloss Brown_Ikano/Efficio Alpha_GV5","0.00","0","0.00","10/12/2024"
"","Divyakumar Dubay - Inventory","Van","PI-121568","A091902","Plastic Bottom Cover along with Screw_Gloss Black_Ikano/Efficio Alpha/Ameza_GV5","0.00","0","0.00","10/12/2024"
"","Divyakumar Dubay - Inventory","Van","PI-121569","B1H0024","Jar Coupler_Plastic_MG_1.0","0.00","50","0.00","10/12/2024"
"","Divyakumar Dubay - Inventory","Van","PI-122100","SA0010","Digital PCB_1200mm_Renesa Smart+_GV3","0.00","350","0.00","10/12/2024"
"","Divyakumar Dubay - Inventory","Van","PI-122101","EA17601","PCB With LED Strip__Aris Starlight_GV5","0.00","500","0.00","10/12/2024"
"","Divyakumar Dubay - Inventory","Van","PI-122258","SA0080","Oscillation Motor_Efficio_Pedeastal_TPW","0.00","199","0.00","10/12/2024"
"","Divyakumar Dubay - Inventory","Van","PI-122304","A022804","Motor Housing_Black_1200mm_Renesa+_GV5","0.00","600","0.00","10/12/2024"
"","Divyakumar Dubay - Inventory","Van","PI-123636","SA0038","PCB_Regulator_1200mm_Renesa Alpha_GV4","0.00","500","0.00","10/12/2024"
"","Divyakumar Dubay - Inventory","Van","PI-123637","RA0995","Remote_Wall Mount_TPW","0.00","150","0.00","10/12/2024"
"","Divyakumar Dubay - Inventory","Van","PI-124095","SA0020","Sensor PCB_CF","0.00","60","0.00","10/12/2024"
"","Divyakumar Dubay - Inventory","Van","PI-124376","SA0039","PCB_Remote_1200mm_Studio+_GV4","0.00","500","0.00","10/12/2024"
"","Divyakumar Dubay - Inventory","Van","PI-124402","EA05401","Power PCB_Renesa Pedestal/Wall/Table_TPW","0.00","300","0.00","10/12/2024"
"","Divyakumar Dubay - Inventory","Van","PI-124403","EA02401","Digital PCB_Renesa Wall Mount_TPW","0.00","350","0.00","10/12/2024"
"","Divyakumar Dubay - Inventory","Van","PI-124404","A2C0003","Interface PCB_Renesa Pedestal Non Swing_TPW","0.00","150","0.00","10/12/2024"
"","Divyakumar Dubay - Inventory","Van","PI-124459","A101702","Top Canopy_Black_1200mm_Aris_IOT_GV5","0.00","150","0.00","10/12/2024"
"","Divyakumar Dubay - Inventory","Van","PI-124460","A101802","Canopy top Plate_Black_1200mm_Aris_IOT_GV5","0.00","150","0.00","10/12/2024"
"","Divyakumar Dubay - Inventory","Van","PI-124461","A101801","Canopy top plate_White_1200mm_Aris_IOT_GV5","0.00","150","0.00","10/12/2024"
"","Divyakumar Dubay - Inventory","Van","PI-124455","A1X0169","Blade_Aluminium_Earth Brown_1200mm_Studio+ Reboot_GV5","0.00","600","0.00","10/12/2024"
"","Divyakumar Dubay - Inventory","Van","PI-124462","A098102","Canopy Plate_Black_Aris Contour_GV5","0.00","0","0.00","10/12/2024"
"","Divyakumar Dubay - Inventory","Van","PI-125286","RA0183","Diffuser (Bottom Cap)_Black_Renesa_GV3","0.00","60","0.00","10/12/2024"
"","Divyakumar Dubay - Inventory","Van","PI-125485","A1X1036","Bottom Cover Assembly_Pink_Erica_GV5","0.00","80","0.00","10/12/2024"
"","Divyakumar Dubay - Inventory","Van","PI-125492","SRMASS0074","Power PCB_Efficio+_Pedestal_TPW","0.00","499","0.00","10/12/2024"
"","Divyakumar Dubay - Inventory","Van","PI-125493","SRMASS0060","Display PCB_Efficio+_Pedestal_TPW","0.00","349","0.00","10/12/2024"
"","Divyakumar Dubay - Inventory","Van","PI-125494","SRMASS0056","Control PCB_Efficio+_Pedestal_TPW","0.00","349","0.00","10/12/2024"
"","Divyakumar Dubay - Inventory","Van","PI-125534","RA0146","Canopy_Black_CF_Renesa_GV3","0.00","150","0.00","10/12/2024"
"","Divyakumar Dubay - Inventory","Van","PI-125682","A033006","Canopy Midnight Black Set Pack_GV5","0.00","150","0.00","10/12/2024"
"","Divyakumar Dubay - Inventory","Van","PI-125927","RA0946","BLDC Motor_Efficio+_TPW","0.00","599","0.00","10/12/2024"
"","Divyakumar Dubay - Inventory","Van","PI-125928","SRMASS0058","Digital PCB_Efficio+_Wall Mount_TPW","0.00","350","0.00","10/12/2024"
"","Divyakumar Dubay - Inventory","Van","PI-125929","SRMASS0075","Power PCB_Efficio+_Wall Mount_TPW","0.00","499","0.00","10/12/2024"
"","Divyakumar Dubay - Inventory","Van","PI-126407","A2X0003","Heavy  Base_Renesa/Stelios/Stelios Pro/Izar Pedestal_TPW","0.00","80","0.00","10/12/2024"
"","Divyakumar Dubay - Inventory","Van","PI-126524","SRMASS0158","BLDC Motor_200mm_Efficio_EXH","0.00","635","0.00","10/12/2024"
"","Divyakumar Dubay - Inventory","Van","PI-126631","A029702","Blade_Plastic_White_1200mm_Aris_IOT_GV5","0.00","600","0.00","10/12/2024"
"","Divyakumar Dubay - Inventory","Van","PI-127858","SA0100","Stator_900mm_CF_GV5","0.00","220","0.00","10/12/2024"
"","Divyakumar Dubay - Inventory","Van","PI-127859","RA1237","Blade_Aluminium_Sand Grey_1200mm_Renesa+/Renesa Smart_GV3","0.00","600","0.00","10/12/2024"
"","Divyakumar Dubay - Inventory","Van","PI-797307","TestProduct","Test PCB","0.00","0","0.00","10/12/2024"
"","Divyakumar Dubay - Inventory","Van","PI-823808","EA18601","Updated STM32_PCB_White LED_Efficio Alpha/Enzel/Azor _GV5","0.00","0","0.00","10/12/2024"
"","Divyakumar Dubay - Inventory","Van","PI-826321","EA20801","Updated STM32_PCB_Enerio 28W_GV5","0.00","0","0.00","10/12/2024"
"","Divyakumar Dubay - Inventory","Van","PI-860091","A3H0017","5 Pin Wire harness_Renesa Walrus/Pedestal_Black_TPW","0.00","0","0.00","10/12/2024"
"","Divyakumar Dubay - Inventory","Van","PI-864958","A064116","Blade_Aluminium_Enzel/Renesa Zen_1200mm_Dark Walnut_GV5","0.00","0","0.00","10/12/2024"
"","Divyakumar Dubay - Inventory","Van","PI-867500","A064120","Blade_Aluminium_Enzel/Renesa Zen_1200mm_Maplewood_GV5","0.00","0","0.00","10/12/2024"
"","Divyakumar Dubay - Inventory","Van","PI-870042","A064118","Blade_Aluminium_Enzel/Renesa Zen_1200mm_Mistly Teal_GV5","0.00","0","0.00","10/12/2024"
"","Divyakumar Dubay - Inventory","Van","PI-872584","A064119","Blade_Aluminium_Enzel/Renesa Zen_1200mm_Pebble Grey_GV5","0.00","0","0.00","10/12/2024"
"","Divyakumar Dubay - Inventory","Van","PI-875126","A170501","Updated Motor housing_Renesa Prime_GV5","0.00","0","0.00","10/12/2024"
"","Divyakumar Dubay - Inventory","Van","PI-890499","SA0105","Updated Plastic body with screw_Pebble Grey_Prime/Enzel/Zen_GV5","0.00","0","0.00","10/12/2024"
"","Divyakumar Dubay - Inventory","Van","PI-893052","SA0106","Updated Plastic body with screw_Gloss White_Prime/Enzel/Zen_GV5","0.00","0","0.00","10/12/2024"
"","Divyakumar Dubay - Inventory","Van","PI-895605","SA0107","Updated Plastic body with screw_Gloss Black_Prime/Enzel/Zen_GV5","0.00","0","0.00","10/12/2024"
"","Divyakumar Dubay - Inventory","Van","PI-898158","SA0108","Updated Plastic body with screw_Gloss Brown_Prime/Enzel/Zen_GV5","0.00","0","0.00","10/12/2024"
"","Divyakumar Dubay - Inventory","Van","PI-916931","TestSa001","PCB_Regulator_1200mm_Renesa Alpha_GV4Test","0.00","0","0.00","10/12/2024"
"","Divyakumar Dubay - Inventory","Van","PI-920126","EA12301","Updated STM32 PCB C0_0.6M/0.9M/1.2M/ 1.4M_ Renesa/Renesa+/Studio+/Ikano/Prime_GV5","0.00","0","0.00","10/12/2024"
"","Divyakumar Dubay - Inventory","Van","PI-922170","EA07101","Sensor PCB_Zenova_MG","0.00","0","0.00","10/12/2024"
"","Divyakumar Dubay - Inventory","Van","PI-943722","A091905","Plastic Bottom Cover along with Screw_Gloss White_Ikano/Efficio Alpha_GV5","0.00","0","0.00","10/12/2024"
"","Divyakumar Dubay - Inventory","Van","PI-961883","A029703","Blade_Plastic_Steller Black_1200mm_Aris_IOT_GV5","0.00","0","0.00","10/12/2024"
"","Divyakumar Dubay - Inventory","Van","PI-964484","A101703","Top Canopy_Steller Black_1200mm_Aris_IOT_GV5","0.00","0","0.00","10/12/2024"
"","Divyakumar Dubay - Inventory","Van","PI-967085","A101803","Canopy top Plate_steller black_1200mm_Aris_IOT_GV5","0.00","0","0.00","10/12/2024"
"","Divyakumar Dubay - Inventory","Van","PI-969686","A102003","Middle upper canopy_Steller black_Aris_GV5","0.00","0","0.00","10/12/2024"
"","Divyakumar Dubay - Inventory","Van","PI-972287","A102203","Middle Lower canopy_Steller black_Aris_GV5","0.00","0","0.00","10/12/2024"
"","Divyakumar Dubay - Inventory","Van","PI-974888","A102403","Bottom Canopy_Steller Black_1220mm_Aris_IOT_GV5","0.00","0","0.00","10/12/2024"
"","Divyakumar Dubay - Inventory","Van","PI-977489","A006402","False cover_Aris_GV5","0.00","0","0.00","10/12/2024"
"","Divyakumar Dubay - Inventory","Van","PI-980090","A006505","Bottom cover_Steller black_Aris_GV5","0.00","0","0.00","10/12/2024"
"","Divyakumar Dubay - Inventory","Van","PI-982691","A002903","Motor Housing_Steller Black_1200mm_Aris_IOT_GV5","0.00","0","0.00","10/12/2024"
"","Divyakumar Dubay - Inventory","Van","PI-990735","A158402","Motor & Jar Coupler Set_MG1.0/Zenova/Maple_MG","0.00","0","0.00","10/12/2024"
"","Divyakumar Dubay - Inventory","Van","PI-993336","SA0110","Grill Belt Assembly_Black_Renesa Pedestal/Wall/Table/Stelios Pro/Izar Pedestal_TPW","0.00","0","0.00","10/12/2024"
"","Divyakumar Dubay - Inventory","Van","PI-995937","SA0109","Grill belt assembly_White_Renesa/Stelios/Izar Pedestal_TPW","0.00","0","0.00","10/12/2024"
"","Divyakumar Dubay - Inventory","Van","PI-996632","A004001","Motor Bldc_150mm_Studio_EXH","0.00","599","0.00","10/12/2024"
"","Divyakumar Dubay - Inventory","Van","PI-1002105","RA1348","FG replacement Tags","0.00","0","0.00","10/12/2024"
"","Divyakumar Dubay - Inventory","Van","PI-1005869","RA1631","Service Cello Tape (Yellow - 3INX65M)","0.00","0","0.00","10/12/2024"
"","Divyakumar Dubay - Inventory","Van","PI-1008474","RA1632","Defective Spares Tag","0.00","0","0.00","10/12/2024"
"","Divyakumar Dubay - Inventory","Van","PI-1011079","RA1633","Defective FG Replacement seal","0.00","0","0.00","10/12/2024"
"","Divyakumar Dubay - Inventory","Van","PI-1026539","A073415","Downrod_Aegean Blue_CF","0.00","0","0.00","10/12/2024"
"","Divyakumar Dubay - Inventory","Van","PI-1033408","RA0182","Diffuser (Bottom Cap)_White_Renesa_GV3","0.00","60","0.00","10/12/2024"
"","Divyakumar Dubay - Inventory","Van","PI-1050814","A073406","Downrod_Golden_CF","0.00","0","0.00","10/12/2024"
"","Divyakumar Dubay - Inventory","Van","PI-1053826","A091911","Bottom Cover_Ameza_GV5","0.00","0","0.00","10/12/2024"
"","Divyakumar Dubay - Inventory","Van","PI-1056838","EA16901","Updated_PCB STM32_1200mm_Erica/Ameza/Renesa Zen_1 LED_GV5","0.00","0","0.00","10/12/2024"
"","Divyakumar Dubay - Inventory","Van","PI-1059850","A112503","Canopy_Sea Sand Ivory_Ameza_GV5","0.00","0","0.00","10/12/2024"
"","Divyakumar Dubay - Inventory","Van","PI-1064232","A073401","Downrod_Earth Brown_CF_Studio+_GV4","0.00","60","0.00","10/12/2024"
"","Divyakumar Dubay - Inventory","Van","PI-1068204","A064113","Blade_Aluminium_SS Ivory_Renesa Prime _GV5","0.00","0","0.00","10/12/2024"
"","Divyakumar Dubay - Inventory","Van","PI-1439778","A039901","Blade_Aluminium_White_1200mm_Erica_GV5","0.00","600","0.00","10/12/2024"
"","Divyakumar Dubay - Inventory","Van","PI-1441292","A1X1055","Blade_Aluminium_SnowWhite_1200mm_Erica_GV5","0.00","600","0.00","10/12/2024"
"","Divyakumar Dubay - Inventory","Van","PI-1467590","A064110","Blade_Aluminium_Gloss White_Renesa Prime_GV5","0.00","600","0.00","10/12/2024"
"","Divyakumar Dubay - Inventory","Van","PI-1470704","SA0036","Motor Housing_Renesa Prime/Enzel/Zen_GV5","0.00","250","0.00","10/12/2024"
"","Divyakumar Dubay - Inventory","Van","PI-1473774","RA0072","Blade_Aluminium_Pearl White_1200mm_Renesa+/Renesa Smart_GV3","0.00","599","0.00","10/12/2024"
"","Divyakumar Dubay - Inventory","Van","PI-1473775","A096502","Blade_Aluminium_Pebble Grey_1200mm_Renesa R Smart_GV5","0.00","600","0.00","10/12/2024"
"","Divyakumar Dubay - Inventory","Van","PI-1477844","A2X0165","Blade_Plastic_Black__Renesa Pedestal/Wall/Table_TPW","0.00","600","0.00","10/12/2024"
"","Divyakumar Dubay - Inventory","Van","PI-1489119","A091903","Plastic Bottom Cover along with Screw_Gloss Brown_Ameza_GV5","0.00","0","0.00","10/12/2024"
"","Divyakumar Dubay - Inventory","Van","PI-1498507","RA0924","Body_Top Plastic Assembly_Gloss Black_Alpha/Renesa Zen/Prime_GV5","0.00","220","0.00","10/12/2024"
"","Divyakumar Dubay - Inventory","Van","PI-1510092","A1X1039","Motor Housing_White_1200mm_Erica Smart_GV5","0.00","220","0.00","10/12/2024"
"","Divyakumar Dubay - Inventory","Van","PI-1512959","SA0055","Stator_CF_600mm_Renesa/Renesa+/Renesa Smart_GV3","0.00","500","0.00","10/12/2024"
"","Divyakumar Dubay - Inventory","Van","PI-1512988","A096505","Blade_Aluminium_Gloss White_1200mm_Renesa Roobot Smart_GV5","0.00","600","0.00","10/12/2024"
"","Divyakumar Dubay - Inventory","Van","PI-1565383","RA0070","Blade_Aluminium_White_1200mm_Renesa_GV3","0.00","599","0.00","10/12/2024"
"","Divyakumar Dubay - Inventory","Van","PI-1572578","A2X0170","Bottom Rod(Long)__Black_Renesa/Stelios/Stelios Pro Pedestal/Izar Pedestal_TPW","0.00","0","0.00","10/12/2024"
"","Divyakumar Dubay - Inventory","Van","PI-1572579","A144001","Extention Rod (Long) Black_TPW","0.00","80","0.00","10/12/2024"
"","Divyakumar Dubay - Inventory","Van","PI-1586051","RA0075","Blade_Aluminium_G-Oak_1200mm_Renesa+/Renesa Smart_GV3","0.00","599","0.00","10/12/2024"
"","Divyakumar Dubay - Inventory","Van","PI-1598837","A033003","Canopy_Earth Brown_Renesa+_GV5","0.00","150","0.00","10/12/2024"
"","Divyakumar Dubay - Inventory","Van","PI-1598838","RA0092","Downrod_Earth Brown_CF_Efficio+_GV2","0.00","60","0.00","10/12/2024"
"","Divyakumar Dubay - Inventory","Van","PI-1656153","A1X1007","Bottom Cover Assembly_White_Erica_GV5","0.00","220","0.00","10/12/2024"
"","Divyakumar Dubay - Inventory","Van","PI-1684570","A2X0025","Link__Renesa Pedestal/Wall/Table_TPW","0.00","80","0.00","10/12/2024"
"","Divyakumar Dubay - Inventory","Van","PI-1684642","RA1240","Blade_Aluminium_Midnight Black_1200mm_Renesa_GV3","0.00","600","0.00","10/12/2024"
"","Divyakumar Dubay - Inventory","Van","PI-1790833","SA0087","PCB_Main_1200mm_Ozeo_GV4","0.00","500","0.00","10/12/2024"
"","Divyakumar Dubay - Inventory","Van","PI-1795365","A1X1216","Motor Housing_Earth Brown_Studio+Reboot_GV5","0.00","220","0.00","10/12/2024"
"","Divyakumar Dubay - Inventory","Van","PI-1839352","A013001","Chutney/Multipurpose Jar Lid Assembly with Gasket_Plastic_Zenova_(MG1.1)","0.00","0","0.00","10/12/2024"
"","Divyakumar Dubay - Inventory","Van","PI-1839354","A158201","Liquidizer Jar Lid Assembly with Gasket_Plastic_Zenova_(MG1.1)","0.00","0","0.00","10/12/2024"
"","Divyakumar Dubay - Inventory","Van","PI-2096396","DS","","0.00","1","0.00","10/12/2024"
"","Kishor Patil - Inventory","Van","PI-62419","A022804","Motor Housing_Black_1200mm_Renesa+_GV5","0.00","600","0.00","10/12/2024"
"","Kishor Patil - Inventory","Van","PI-62420","EA01701","PCB_Erica/Ameza/Renesa Zen_GV5 (STM8s,70micron single LED)","0.00","500","0.00","10/12/2024"
"","Kishor Patil - Inventory","Van","PI-62421","SA0045","Motor Housing_Earth Brown_CF_Renesa+/Renesa Smart_GV3","0.00","590","0.00","10/12/2024"
"","Kishor Patil - Inventory","Van","PI-62422","SA0056","Stator_CF_1200mm_Renesa/Renesa+/Renesa Smart_GV3","0.00","500","0.00","10/12/2024"
"","Kishor Patil - Inventory","Van","PI-62423","SA0099","Stator_1200mm_Erica/Ikano/Ameza/Studio+Reboot/Renesa Reboot/Prime/Zen_GV5","0.00","500","0.00","10/12/2024"
"","Kishor Patil - Inventory","Van","PI-62424","SA0061","Power PCB (Without Potting) WH_CF_Renesa_GV3","0.00","400","0.00","10/12/2024"
"","Kishor Patil - Inventory","Van","PI-62425","SA0041","Motor Housing_White_CF_Renesa_GV3","0.00","590","0.00","10/12/2024"
"","Kishor Patil - Inventory","Van","PI-62426","SRMF0128","Motor_Sand Grey_1200mm_Renesa+_GV3","0.00","2500","0.00","10/12/2024"
"","Kishor Patil - Inventory","Van","PI-62427","SA0040","Motor Housing_Black_CF_Renesa_GV3","0.00","590","0.00","10/12/2024"
"","Kishor Patil - Inventory","Van","PI-62428","SA0019","Consolidate PCB GV2_CF__Efficio_GV2","0.00","500","0.00","10/12/2024"
"","Kishor Patil - Inventory","Van","PI-62429","EA04101","PCB_Renesa/Renesa+/Ikano/Sudio+ STM8s, 70micron  (6 LED)_GV5","0.00","500","0.00","10/12/2024"
"","Kishor Patil - Inventory","Van","PI-62430","SA0044","Motor Housing_Pearl White_CF_Renesa+/Renesa Smart_GV3","0.00","590","0.00","10/12/2024"
"","Kishor Patil - Inventory","Van","PI-62431","SA0060","Power PCB (Without Potting) BL_CF_Renesa_GV3","0.00","400","0.00","10/12/2024"
"","Kishor Patil - Inventory","Van","PI-62432","SA0011","Consolidate PCB GV3_CF_Renesa+_GV3","0.00","350","0.00","10/12/2024"
"","Kishor Patil - Inventory","Van","PI-62979","B1C0001","MG 1 Driver PCB","0.00","1000","0.00","10/12/2024"
"","Kishor Patil - Inventory","Van","PI-63125","B1X0031","Liquidizer jar sub assembly MG1.0","0.00","500","0.00","10/12/2024"
"","Kishor Patil - Inventory","Van","PI-63126","SRA1X1081","Motor_Marble White_1200mm_Studio+Reboot_GV5","0.00","2500","0.00","10/12/2024"
"","Kishor Patil - Inventory","Van","PI-63418","A142201","Blade_Aluminium_White_1200mm_Efficio/Efficio+/Studio_GV2","0.00","599","0.00","10/12/2024"
"","Kishor Patil - Inventory","Van","PI-63684","SRA026304","Motor_Gloss Ivory_1200mm_Ameza_GV5","0.00","2500","0.00","10/12/2024"
"","Kishor Patil - Inventory","Van","PI-63685","SRMF0031","Motor_White_1200mm_Renesa_GV3","0.00","2500","0.00","10/12/2024"
"","Kishor Patil - Inventory","Van","PI-65337","SA0010","Digital PCB_1200mm_Renesa Smart+_GV3","0.00","350","0.00","10/12/2024"
"","Kishor Patil - Inventory","Van","PI-65338","SA0043","Motor Housing_Ivory_CF_Renesa_GV3","0.00","590","0.00","10/12/2024"
"","Kishor Patil - Inventory","Van","PI-65716","EA08401","PCB_Renesa Prime_GV5 (Capacitor)","0.00","500","0.00","10/12/2024"
"","Kishor Patil - Inventory","Van","PI-65717","A1X0135","Deactivated - Bottom Body Assembly_Brown_Efficio Alpha/Ikano_GV5","0.00","220","0.00","10/12/2024"
"","Kishor Patil - Inventory","Van","PI-66284","EA03201","PCB Without LED Strip_PCB_GV5","0.00","500","0.00","10/12/2024"
"","Kishor Patil - Inventory","Van","PI-66368","RA0047","Blade_Aluminium_White_900mm_Efficio/Efficio+/Studio_GV2","0.00","599","0.00","10/12/2024"
"","Kishor Patil - Inventory","Van","PI-67323","SRA022901","Motor_ Renesa Reboot  Ceiling Fan 1200MM 35 watt - White_GV5","0.00","2500","0.00","10/12/2024"
"","Kishor Patil - Inventory","Van","PI-69429","EA17601","PCB With LED Strip__Aris Starlight_GV5","0.00","500","0.00","10/12/2024"
"","Kishor Patil - Inventory","Van","PI-70040","A1X1085","Blade_Aluminium_Matte brown_900mm_Renesa_GV3","0.00","600","0.00","10/12/2024"
"","Kishor Patil - Inventory","Van","PI-70041","RA0071","Blade_Aluminium_Earth Brown_1200mm_Renesa+/Renesa Smart_GV3","0.00","599","0.00","10/12/2024"
"","Kishor Patil - Inventory","Van","PI-73963","A1X0136","Deactivated - Bottom Body Assembly_Ivory_Efficio Alpha/Ikano _GV5","0.00","220","0.00","10/12/2024"
"","Kishor Patil - Inventory","Van","PI-74872","SRA022902","Motor_Ivory_1200mm_Renesa Reboot_GV5","0.00","2500","0.00","10/12/2024"
"","Kishor Patil - Inventory","Van","PI-74873","RA0156","Remote_CF_Efficio_GV2","0.00","150","0.00","10/12/2024"
"","Kishor Patil - Inventory","Van","PI-74874","B1C0002","MG 1 Interface PCB","0.00","350","0.00","10/12/2024"
"","Kishor Patil - Inventory","Van","PI-76016","RA0130","Blade_Aluminium_Earth Brown_1200mm_Studio_GV2","0.00","599","0.00","10/12/2024"
"","Kishor Patil - Inventory","Van","PI-76606","SA0038","PCB_Regulator_1200mm_Renesa Alpha_GV4","0.00","500","0.00","10/12/2024"
"","Kishor Patil - Inventory","Van","PI-76607","RA0146","Canopy_Black_CF_Renesa_GV3","0.00","150","0.00","10/12/2024"
"","Kishor Patil - Inventory","Van","PI-77973","EA05301","SMART PCBA /Phoenix-1 LED_PCB_GV5","0.00","700","0.00","10/12/2024"
"","Kishor Patil - Inventory","Van","PI-79374","SA0080","Oscillation Motor_Efficio_Pedeastal_TPW","0.00","199","0.00","10/12/2024"
"","Kishor Patil - Inventory","Van","PI-80411","A1X0137","Blade_Aluminium_White_1200mm_Ikano_GV5","0.00","600","0.00","10/12/2024"
"","Kishor Patil - Inventory","Van","PI-82283","A1X0150","Deactivated - Bottom Body Assembly_Gloss White_900mm_Ikano/Efficio Alpha_GV5","0.00","220","0.00","10/12/2024"
"","Kishor Patil - Inventory","Van","PI-82284","A027203","Deactivated - Bottom Body Assembly_Gloss Ivory_Efficio Alpha/Ameza_GV5","0.00","220","0.00","10/12/2024"
"","Kishor Patil - Inventory","Van","PI-83492","SRMF0010","Motor_black_1200mm_Efficio_GV2","0.00","2500","0.00","10/12/2024"
"","Kishor Patil - Inventory","Van","PI-84620","SA0039","PCB_Remote_1200mm_Studio+_GV4","0.00","500","0.00","10/12/2024"
"","Kishor Patil - Inventory","Van","PI-84621","B1X0044","Wet/Dry jar sub asssembly MG1.0","0.00","450","0.00","10/12/2024"
"","Kishor Patil - Inventory","Van","PI-84916","A1X0601","CF_Universal Remote New","0.00","250","0.00","10/12/2024"
"","Kishor Patil - Inventory","Van","PI-85776","RA0080","Blade_Aluminium_White_1400mm_Renesa_GV3 & GV5","0.00","599","0.00","10/12/2024"
"","Kishor Patil - Inventory","Van","PI-85777","SRMF0046","Motor_Black_1200mm_Renesa_GV3","0.00","2500","0.00","10/12/2024"
"","Kishor Patil - Inventory","Van","PI-125387","SA0020","Sensor PCB_CF","0.00","60","0.00","10/12/2024"
"","Kishor Patil - Inventory","Van","PI-128804","A091907","Plastic Bottom Cover along with Screw_Gloss Ivory_Ikano/Efficio Alpha_GV5","0.00","0","0.00","10/12/2024"
"","Kishor Patil - Inventory","Van","PI-797386","TestProduct","Test PCB","0.00","0","0.00","10/12/2024"
"","Kishor Patil - Inventory","Van","PI-823890","EA18601","Updated STM32_PCB_White LED_Efficio Alpha/Enzel/Azor _GV5","0.00","0","0.00","10/12/2024"
"","Kishor Patil - Inventory","Van","PI-826403","EA20801","Updated STM32_PCB_Enerio 28W_GV5","0.00","0","0.00","10/12/2024"
"","Kishor Patil - Inventory","Van","PI-860174","A3H0017","5 Pin Wire harness_Renesa Walrus/Pedestal_Black_TPW","0.00","0","0.00","10/12/2024"
"","Kishor Patil - Inventory","Van","PI-865041","A064116","Blade_Aluminium_Enzel/Renesa Zen_1200mm_Dark Walnut_GV5","0.00","0","0.00","10/12/2024"
"","Kishor Patil - Inventory","Van","PI-867583","A064120","Blade_Aluminium_Enzel/Renesa Zen_1200mm_Maplewood_GV5","0.00","0","0.00","10/12/2024"
"","Kishor Patil - Inventory","Van","PI-870125","A064118","Blade_Aluminium_Enzel/Renesa Zen_1200mm_Mistly Teal_GV5","0.00","0","0.00","10/12/2024"
"","Kishor Patil - Inventory","Van","PI-872667","A064119","Blade_Aluminium_Enzel/Renesa Zen_1200mm_Pebble Grey_GV5","0.00","0","0.00","10/12/2024"
"","Kishor Patil - Inventory","Van","PI-875209","A170501","Updated Motor housing_Renesa Prime_GV5","0.00","0","0.00","10/12/2024"
"","Kishor Patil - Inventory","Van","PI-890582","SA0105","Updated Plastic body with screw_Pebble Grey_Prime/Enzel/Zen_GV5","0.00","0","0.00","10/12/2024"
"","Kishor Patil - Inventory","Van","PI-893135","SA0106","Updated Plastic body with screw_Gloss White_Prime/Enzel/Zen_GV5","0.00","0","0.00","10/12/2024"
"","Kishor Patil - Inventory","Van","PI-895688","SA0107","Updated Plastic body with screw_Gloss Black_Prime/Enzel/Zen_GV5","0.00","0","0.00","10/12/2024"
"","Kishor Patil - Inventory","Van","PI-898241","SA0108","Updated Plastic body with screw_Gloss Brown_Prime/Enzel/Zen_GV5","0.00","0","0.00","10/12/2024"
"","Kishor Patil - Inventory","Van","PI-917014","TestSa001","PCB_Regulator_1200mm_Renesa Alpha_GV4Test","0.00","0","0.00","10/12/2024"
"","Kishor Patil - Inventory","Van","PI-922254","EA07101","Sensor PCB_Zenova_MG","0.00","0","0.00","10/12/2024"
"","Kishor Patil - Inventory","Van","PI-961967","A029703","Blade_Plastic_Steller Black_1200mm_Aris_IOT_GV5","0.00","0","0.00","10/12/2024"
"","Kishor Patil - Inventory","Van","PI-964568","A101703","Top Canopy_Steller Black_1200mm_Aris_IOT_GV5","0.00","0","0.00","10/12/2024"
"","Kishor Patil - Inventory","Van","PI-967169","A101803","Canopy top Plate_steller black_1200mm_Aris_IOT_GV5","0.00","0","0.00","10/12/2024"
"","Kishor Patil - Inventory","Van","PI-969770","A102003","Middle upper canopy_Steller black_Aris_GV5","0.00","0","0.00","10/12/2024"
"","Kishor Patil - Inventory","Van","PI-972371","A102203","Middle Lower canopy_Steller black_Aris_GV5","0.00","0","0.00","10/12/2024"
"","Kishor Patil - Inventory","Van","PI-974972","A102403","Bottom Canopy_Steller Black_1220mm_Aris_IOT_GV5","0.00","0","0.00","10/12/2024"
"","Kishor Patil - Inventory","Van","PI-977573","A006402","False cover_Aris_GV5","0.00","0","0.00","10/12/2024"
"","Kishor Patil - Inventory","Van","PI-980174","A006505","Bottom cover_Steller black_Aris_GV5","0.00","0","0.00","10/12/2024"
"","Kishor Patil - Inventory","Van","PI-982775","A002903","Motor Housing_Steller Black_1200mm_Aris_IOT_GV5","0.00","0","0.00","10/12/2024"
"","Kishor Patil - Inventory","Van","PI-990819","A158402","Motor & Jar Coupler Set_MG1.0/Zenova/Maple_MG","0.00","0","0.00","10/12/2024"
"","Kishor Patil - Inventory","Van","PI-993420","SA0110","Grill Belt Assembly_Black_Renesa Pedestal/Wall/Table/Stelios Pro/Izar Pedestal_TPW","0.00","0","0.00","10/12/2024"
"","Kishor Patil - Inventory","Van","PI-996021","SA0109","Grill belt assembly_White_Renesa/Stelios/Izar Pedestal_TPW","0.00","0","0.00","10/12/2024"
"","Kishor Patil - Inventory","Van","PI-1002189","RA1348","FG replacement Tags","0.00","0","0.00","10/12/2024"
"","Kishor Patil - Inventory","Van","PI-1005953","RA1631","Service Cello Tape (Yellow - 3INX65M)","0.00","0","0.00","10/12/2024"
"","Kishor Patil - Inventory","Van","PI-1008558","RA1632","Defective Spares Tag","0.00","0","0.00","10/12/2024"
"","Kishor Patil - Inventory","Van","PI-1011163","RA1633","Defective FG Replacement seal","0.00","0","0.00","10/12/2024"
"","Kishor Patil - Inventory","Van","PI-1026623","A073415","Downrod_Aegean Blue_CF","0.00","0","0.00","10/12/2024"
"","Kishor Patil - Inventory","Van","PI-1050898","A073406","Downrod_Golden_CF","0.00","0","0.00","10/12/2024"
"","Kishor Patil - Inventory","Van","PI-1053910","A091911","Bottom Cover_Ameza_GV5","0.00","0","0.00","10/12/2024"
"","Kishor Patil - Inventory","Van","PI-1056922","EA16901","Updated_PCB STM32_1200mm_Erica/Ameza/Renesa Zen_1 LED_GV5","0.00","0","0.00","10/12/2024"
"","Kishor Patil - Inventory","Van","PI-1059934","A112503","Canopy_Sea Sand Ivory_Ameza_GV5","0.00","0","0.00","10/12/2024"
"","Kishor Patil - Inventory","Van","PI-1064316","A073401","Downrod_Earth Brown_CF_Studio+_GV4","0.00","60","0.00","10/12/2024"
"","Kishor Patil - Inventory","Van","PI-1068263","A064113","Blade_Aluminium_SS Ivory_Renesa Prime _GV5","0.00","0","0.00","10/12/2024"
"","Kishor Patil - Inventory","Van","PI-1472326","A063804","Blade_Aluminium_Ivory_Efficio Alpha _GV5","0.00","600","0.00","10/12/2024"
"","Kishor Patil - Inventory","Van","PI-1494173","EA12301","Updated STM32 PCB C0_0.6M/0.9M/1.2M/ 1.4M_ Renesa/Renesa+/Studio+/Ikano/Prime_GV5","0.00","0","0.00","10/12/2024"
"","Kishor Patil - Inventory","Van","PI-1511497","SRA2M0150","BLDC Motor_Renesa_TPW","0.00","700","0.00","10/12/2024"
"","Kishor Patil - Inventory","Van","PI-1511498","RA0946","BLDC Motor_Efficio+_TPW","0.00","599","0.00","10/12/2024"
"","Kishor Patil - Inventory","Van","PI-1511499","EA05401","Power PCB_Renesa Pedestal/Wall/Table_TPW","0.00","300","0.00","10/12/2024"
"","Kishor Patil - Inventory","Van","PI-1656171","A1X0169","Blade_Aluminium_Earth Brown_1200mm_Studio+ Reboot_GV5","0.00","600","0.00","10/12/2024"
"","Kishor Patil - Inventory","Van","PI-1803866","SA0001","Rotor_Efficio_GV2","0.00","300","0.00","10/12/2024"
"","Kishor Patil - Inventory","Van","PI-1835425","EA12401","PCB_White LED_Efficio Alpha/Enzel _GV5","0.00","500","0.00","10/12/2024"
"","Kishor Patil - Inventory","Van","PI-2311918","DS","","0.00","1","0.00","10/12/2024"
"","Kishor Patil - Inventory","Van","PI-2434426","A102002","Middle upper canopy_Black_Aris_GV5","0.00","0","0.00","10/12/2024"
"","Kishor Patil - Inventory","Van","PI-2434427","A006502","Diffuser_Marble White_CF_Aris_IOT_GV5","0.00","80","0.00","10/12/2024"
"","Kishor Patil - Inventory","Van","PI-2434428","A102202","Middle Lower canopy_Black_Aris_GV5","0.00","0","0.00","10/12/2024"
"","Kishor Patil - Inventory","Van","PI-2437891","RA0070","Blade_Aluminium_White_1200mm_Renesa_GV3","0.00","599","0.00","10/12/2024"
"","Kishor Patil - Inventory","Van","PI-2437896","EA06301","Driver/Main PCB_Zenova_(MG1.1)","0.00","0","0.00","10/12/2024"
"","Kishor Patil - Inventory","Van","PI-2437897","RA0072","Blade_Aluminium_Pearl White_1200mm_Renesa+/Renesa Smart_GV3","0.00","599","0.00","10/12/2024"
"","Kishor Patil - Inventory","Van","PI-2506752","A036602","Stator_600mm_Renesa Reboot_GV5","0.00","0","0.00","10/12/2024"
"","Kishor Patil - Inventory","Van","PI-2506753","SA0021","Main PCB_CF_1200mm_Efficio_Reg_28W_GV2","1.00","500","1.00","10/12/2024"
"","Kishor Patil - Inventory","Van","PI-2525940","A009003","Knob Assembly_Plastic_Zenova_(MG1.1)","1.00","0","1.00","10/12/2024"
"","Kishor Patil - Inventory","Van","PI-2717311","A022807","Motor Housing_Pearl white_Renesa+_GV5","1.00","600","1.00","10/12/2024"
"","Kishor Patil - Inventory","Van","PI-2945245","EA03001","Smart PCB Phoenix Led_PCB_1200mm_GV5","0.00","700","0.00","10/12/2024"
"","Kishor Patil - Inventory","Van","PI-3089160","EA17701","PCB 41W_Aris non-starlight_GV5","1.00","0","1.00","10/12/2024"
"","Kishor Patil - Inventory","Van","PI-3334255","EA12701","Smart PCB_Flamingo_6LED_1200mm_Renesa/Renesa+/Halo/Studio+_GV5","0.00","0","0.00","10/12/2024"
"ELECTROLYTE SOLUTIONS","Santosh  Shukla","Van","PI-3613965","SA0019","Consolidate PCB GV2_CF__Efficio_GV2","7.00","500","7.00","15/04/2026"
"ELECTROLYTE SOLUTIONS","Santosh  Shukla","Van","PI-3613966","SA0056","Stator_CF_1200mm_Renesa/Renesa+/Renesa Smart_GV3","6.00","500","6.00","15/04/2026"
"ELECTROLYTE SOLUTIONS","Santosh  Shukla","Van","PI-3613967","SA0011","Consolidate PCB GV3_CF_Renesa+_GV3","9.00","350","9.00","15/04/2026"
"ELECTROLYTE SOLUTIONS","Santosh  Shukla","Van","PI-3613968","EA12301","Updated STM32 PCB C0_0.6M/0.9M/1.2M/ 1.4M_ Renesa/Renesa+/Studio+/Ikano/Prime_GV5","7.00","0","7.00","15/04/2026"
"ELECTROLYTE SOLUTIONS","Santosh  Shukla","Van","PI-3613969","EA08401","PCB_Renesa Prime_GV5 (Capacitor)","6.00","500","6.00","15/04/2026"
"ELECTROLYTE SOLUTIONS","Santosh  Shukla","Van","PI-3616923","A1X0601","CF_Universal Remote New","0.00","250","0.00","15/04/2026"
"ELECTROLYTE SOLUTIONS","Santosh  Shukla","Van","PI-3617277","A091907","Plastic Bottom Cover along with Screw_Gloss Ivory_Ikano/Efficio Alpha_GV5","0.00","0","0.00","15/04/2026"
"ELECTROLYTE SOLUTIONS","Santosh  Shukla","Van","PI-3617278","SA0098","Stator_CF_1400mm_Renesa/Renesa+/Renesa Smart_GV3","1.00","500","1.00","15/04/2026"
"ELECTROLYTE SOLUTIONS","Santosh  Shukla","Van","PI-3617279","A064110","Blade_Aluminium_Gloss White_Renesa Prime_GV5","0.00","600","0.00","15/04/2026"
"ELECTROLYTE SOLUTIONS","Santosh  Shukla","Van","PI-3627421","EA17601","PCB With LED Strip__Aris Starlight_GV5","2.00","500","2.00","15/04/2026"
"ELECTROLYTE SOLUTIONS","Santosh  Shukla","Van","PI-3627605","SA0001","Rotor_Efficio_GV2","4.00","300","4.00","15/04/2026"
"ELECTROLYTE SOLUTIONS","Santosh  Shukla","Van","PI-3627606","EA11401","Digital PCB (Non-smart)_Renesa Elite/Studio Nexus_GV5","2.00","0","2.00","15/04/2026"
"ELECTROLYTE SOLUTIONS","Santosh  Shukla","Van","PI-3627607","EA16901","Updated_PCB STM32_1200mm_Erica/Ameza/Renesa Zen_1 LED_GV5","0.00","0","0.00","15/04/2026"
"ELECTROLYTE SOLUTIONS","Santosh  Shukla","Van","PI-3653460","SA0110","Grill Belt Assembly_Black_Renesa Pedestal/Wall/Table/Stelios Pro/Izar Pedestal_TPW","0.00","0","0.00","15/04/2026"
"ELECTROLYTE SOLUTIONS","Santosh  Shukla","Van","PI-3653461","A102208","Middle Lower canopy_Sand Grey_Aris_GV5","5.00","0","5.00","15/04/2026"
"ELECTROLYTE SOLUTIONS","Santosh  Shukla","Van","PI-3653462","RA0915","Bottom Cover_Gloss White_Prime_GV5","1.00","200","1.00","15/04/2026"
"ELECTROLYTE SOLUTIONS","Santosh  Shukla","Van","PI-3653463","EA30901","PCB_Aluminum_STM32_1200mm_Renesa Prime/Crest/Ikano_GV5","1.00","0","1.00","15/04/2026"
"ELECTROLYTE SOLUTIONS","Santosh  Shukla","Van","PI-3653464","A033011","Canopy_Pebble Grey Gloss_Renesa Smart_GV5","0.00","150","0.00","15/04/2026"
"ELECTROLYTE SOLUTIONS","Santosh  Shukla","Van","PI-3653465","SPR0172","Top Motor Housing_Metal_Studio+_GV4","1.00","484","1.00","15/04/2026"
"ELECTROLYTE SOLUTIONS","Santosh  Shukla","Van","PI-3675924","DS","","0.00","1","0.00","15/04/2026"
"ELECTROLYTE SOLUTIONS","Santosh  Shukla","Van","PI-3676081","EA12701","Smart PCB_Flamingo_6LED_1200mm_Renesa/Renesa+/Halo/Studio+_GV5","4.00","0","4.00","15/04/2026"
"ELECTROLYTE SOLUTIONS","Santosh  Shukla","Van","PI-3681231","SRMASS0075","Power PCB_Efficio+_Wall Mount_TPW","2.00","499","2.00","15/04/2026"
"ELECTROLYTE SOLUTIONS","Santosh  Shukla","Van","PI-3681232","SA0104","Motor Housing_Golden_CF_Renesa+/Renesa Smart_GV3","1.00","600","1.00","15/04/2026"
"ELECTROLYTE SOLUTIONS","Santosh  Shukla","Van","PI-3681233","A189602","Blade_900mm_Dark Teakwood_Aris_GV5","0.00","0","0.00","15/04/2026"
"ELECTROLYTE SOLUTIONS","Santosh  Shukla","Van","PI-3681234","SRMASS0058","Digital PCB_Efficio+_Wall Mount_TPW","1.00","350","1.00","15/04/2026"
"ELECTROLYTE SOLUTIONS","Santosh  Shukla","Van","PI-3681235","A022803","Motor Housing_Matt Brown_Renesa_GV5","0.00","220","0.00","15/04/2026"
"ELECTROLYTE SOLUTIONS","Santosh  Shukla","Van","PI-3681236","SA0099","Stator_1200mm_Erica/Ikano/Ameza/Studio+Reboot/Renesa Reboot/Prime/Zen_GV5","0.00","500","0.00","15/04/2026"
"ELECTROLYTE SOLUTIONS","Santosh  Shukla","Van","PI-3681337","SA0021","Main PCB_CF_1200mm_Efficio_Reg_28W_GV2","4.00","500","4.00","15/04/2026"
"ELECTROLYTE SOLUTIONS","Santosh  Shukla","Van","PI-3696078","EA06301","Driver/Main PCB_Zenova_(MG1.1)","0.00","0","0.00","15/04/2026"
"ELECTROLYTE SOLUTIONS","Santosh  Shukla","Van","PI-3705738","EA30701","PCB_38W_Aris Starlight_GV5","0.00","0","0.00","15/04/2026"
"ELECTROLYTE SOLUTIONS","Santosh  Shukla","Van","PI-3710921","RA1409","Blade_Aluminium_Midnight Black_600mm_Renesa_GV3","0.00","600","0.00","15/04/2026"
"ELECTROLYTE SOLUTIONS","Santosh  Shukla","Van","PI-3710922","A036602","Stator_600mm_Renesa Reboot_GV5","0.00","0","0.00","15/04/2026"
"ELECTROLYTE SOLUTIONS","Santosh  Shukla","Van","PI-3710923","A163202","Top Canopy_Matt Black_Rhino_GV5","1.00","0","1.00","15/04/2026"
"ELECTROLYTE SOLUTIONS","Santosh  Shukla","Van","PI-3716136","A346907","Blade_1200mm_Pebble Gery_M5_Renesa Prime_GV5","0.00","0","0.00","15/04/2026"
"ELECTROLYTE SOLUTIONS","Santosh  Shukla","Van","PI-3723904","RA0070","Blade_Aluminium_White_1200mm_Renesa_GV3","0.00","599","0.00","15/04/2026"
"ELECTROLYTE SOLUTIONS","Santosh  Shukla","Van","PI-3723997","A159801","MG1.1 SS Jar Set with Lids Service","1.00","0","1.00","15/04/2026"
"ELECTROLYTE SOLUTIONS","Santosh  Shukla","Van","PI-3723998","SA0060","Power PCB (Without Potting) BL_CF_Renesa_GV3","3.00","400","3.00","15/04/2026"
"ELECTROLYTE SOLUTIONS","Santosh  Shukla","Van","PI-3723999","SA0061","Power PCB (Without Potting) WH_CF_Renesa_GV3","10.00","400","10.00","15/04/2026"
"ELECTROLYTE SOLUTIONS","Santosh  Shukla","Van","PI-3724000","SA0040","Motor Housing_Black_CF_Renesa_GV3","5.00","590","5.00","15/04/2026"
"ELECTROLYTE SOLUTIONS","Santosh  Shukla","Van","PI-3729253","SA0055","Stator_CF_600mm_Renesa/Renesa+/Renesa Smart_GV3","1.00","500","1.00","15/04/2026"
"ELECTROLYTE SOLUTIONS","Santosh  Shukla","Van","PI-3729254","SA0097","Stator_CF_0900mm_Renesa/Renesa+/Renesa Smart_GV3","1.00","500","1.00","15/04/2026"
"ELECTROLYTE SOLUTIONS","Santosh  Shukla","Van","PI-3729255","SA0044","Motor Housing_Pearl White_CF_Renesa+/Renesa Smart_GV3","1.00","590","1.00","15/04/2026"
"ELECTROLYTE SOLUTIONS","Santosh  Shukla","Van","PI-3729256","EA19501","Updated_Main Power PCB_Aris Contour_GV5","1.00","0","1.00","15/04/2026"
"ELECTROLYTE SOLUTIONS","Santosh  Shukla","Van","PI-3729257","SA0041","Motor Housing_White_CF_Renesa_GV3","1.00","590","1.00","15/04/2026"
"ELECTROLYTE SOLUTIONS","Santosh  Shukla","Van","PI-3729258","SA0020","Sensor PCB_CF","5.00","60","5.00","15/04/2026"
"ELECTROLYTE SOLUTIONS","Santosh  Shukla","Van","PI-3729259","A125418","Blade_1200mm_Sea Sand Ivory_Ikano_GV5","0.00","0","0.00","15/04/2026"
"ELECTROLYTE SOLUTIONS","Santosh  Shukla","Van","PI-3729260","SRA2M0150","BLDC Motor_Renesa_TPW","1.00","700","1.00","15/04/2026"
"ELECTROLYTE SOLUTIONS","Santosh  Shukla","Van","PI-3729261","RA1240","Blade_Aluminium_Midnight Black_1200mm_Renesa_GV3","1.00","600","1.00","15/04/2026"
"ELECTROLYTE SOLUTIONS","Santosh  Shukla","Van","PI-3729262","A091906","Plastic Bottom Cover along with Screw_Gloss Brown_Ikano/Efficio Alpha_GV5","1.00","0","1.00","15/04/2026"
"ELECTROLYTE SOLUTIONS","Santosh  Shukla","Van","PI-3729263","SA0022","Main PCB_CF_1400mm_Efficio_Reg_35W_GV2","2.00","500","2.00","15/04/2026"
"ELECTROLYTE SOLUTIONS","Santosh  Shukla","Van","PI-3729264","EA24701","Smart PCB Flamingo_ 6 LED Blue PCB_600mm_GV5","2.00","0","2.00","15/04/2026"
"ELECTROLYTE SOLUTIONS","Santosh  Shukla","Van","PI-3729265","EA24601","PCB_Phoenix_1400mm_Renesa Halo_GV5","5.00","0","5.00","15/04/2026"
"ELECTROLYTE SOLUTIONS","Santosh  Shukla","Van","PI-3729266","A022804","Motor Housing_Black_1200mm_Renesa+_GV5","1.00","600","1.00","15/04/2026"
"ELECTROLYTE SOLUTIONS","Santosh  Shukla","Van","PI-3729267","EA17701","PCB 41W_Aris non-starlight_GV5","0.00","0","0.00","15/04/2026"
"ELECTROLYTE SOLUTIONS","Santosh  Shukla","Van","PI-3729268","SA0045","Motor Housing_Earth Brown_CF_Renesa+/Renesa Smart_GV3","1.00","590","1.00","15/04/2026"
"ELECTROLYTE SOLUTIONS","Santosh  Shukla","Van","PI-3729269","A091902","Plastic Bottom Cover along with Screw_Gloss Black_Ikano/Efficio Alpha/Ameza_GV5","1.00","0","1.00","15/04/2026"
"ELECTROLYTE SOLUTIONS","Santosh  Shukla","Van","PI-3744539","EA18601","Updated STM32_PCB_White LED_Efficio Alpha/Enzel/Azor _GV5","3.00","0","3.00","15/04/2026"
"ELECTROLYTE SOLUTIONS","Santosh  Shukla","Van","PI-3744540","RA0916","Canopy_Gloss White_Alpha/Renesa Zen/Prime_GV5","2.00","150","2.00","15/04/2026"
"ELECTROLYTE SOLUTIONS","Santosh  Shukla","Van","PI-3744541","SA0100","Stator_900mm_CF_GV5","1.00","220","1.00","15/04/2026"
"ELECTROLYTE SOLUTIONS","Santosh  Shukla","Van","PI-3744542","RA0183","Diffuser (Bottom Cap)_Black_Renesa_GV3","3.00","60","3.00","15/04/2026"
"ELECTROLYTE SOLUTIONS","Santosh  Shukla","Van","PI-3744543","RA0077","Blade_Aluminium_White_600mm_Renesa_GV3","0.00","599","0.00","15/04/2026"
"ELECTROLYTE SOLUTIONS","Santosh  Shukla","Van","PI-3744544","A238401","Blade_Aluminium_Gloss White_600mm_Renesa Smart/Halo_GV5","0.00","0","0.00","15/04/2026"
"ELECTROLYTE SOLUTIONS","Santosh  Shukla","Van","PI-3762605","A1X0827","GV5 PCB Mounting Plate_CF","2.00","50","2.00","15/04/2026"
"ELECTROLYTE SOLUTIONS","Santosh  Shukla","Van","PI-3791789","A033006","Canopy Midnight Black Set Pack_GV5","1.00","150","1.00","15/04/2026"
"ELECTROLYTE SOLUTIONS","Santosh  Shukla","Van","PI-3791790","EA30101","PCB_Regulator_35W_Renesa Prime_GV5","2.00","0","2.00","15/04/2026"
"ELECTROLYTE SOLUTIONS","Santosh  Shukla","Van","PI-3816230","A158402","Motor & Jar Coupler Set_MG1.0/Zenova/Maple_MG","2.00","0","2.00","15/04/2026"
"ELECTROLYTE SOLUTIONS","Santosh  Shukla","Van","PI-3816231","B1X0151","Chopper Jar Assembly_MG1/Zenova/Yulia_MG","1.00","550","1.00","15/04/2026"
"ELECTROLYTE SOLUTIONS","Santosh  Shukla","Van","PI-3853227","SA0010","Digital PCB_1200mm_Renesa Smart+_GV3","4.00","350","4.00","15/04/2026"
"ELECTROLYTE SOLUTIONS","Ganesh  Patil","Van","PI-3609102","EA12301","Updated STM32 PCB C0_0.6M/0.9M/1.2M/ 1.4M_ Renesa/Renesa+/Studio+/Ikano/Prime_GV5","1.00","0","1.00","15/04/2026"
"ELECTROLYTE SOLUTIONS","Ganesh  Patil","Van","PI-3609103","A1X0601","CF_Universal Remote New","4.00","250","4.00","15/04/2026"
"ELECTROLYTE SOLUTIONS","Ganesh  Patil","Van","PI-3611557","SA0019","Consolidate PCB GV2_CF__Efficio_GV2","3.00","500","3.00","15/04/2026"
"ELECTROLYTE SOLUTIONS","Ganesh  Patil","Van","PI-3616931","EA08401","PCB_Renesa Prime_GV5 (Capacitor)","2.00","500","2.00","15/04/2026"
"ELECTROLYTE SOLUTIONS","Ganesh  Patil","Van","PI-3617326","EA12701","Smart PCB_Flamingo_6LED_1200mm_Renesa/Renesa+/Halo/Studio+_GV5","0.00","0","0.00","15/04/2026"
"ELECTROLYTE SOLUTIONS","Ganesh  Patil","Van","PI-3627249","SA0011","Consolidate PCB GV3_CF_Renesa+_GV3","9.00","350","9.00","15/04/2026"
"ELECTROLYTE SOLUTIONS","Ganesh  Patil","Van","PI-3627250","EA18601","Updated STM32_PCB_White LED_Efficio Alpha/Enzel/Azor _GV5","3.00","0","3.00","15/04/2026"
"ELECTROLYTE SOLUTIONS","Ganesh  Patil","Van","PI-3627251","SA0041","Motor Housing_White_CF_Renesa_GV3","1.00","590","1.00","15/04/2026"
"ELECTROLYTE SOLUTIONS","Ganesh  Patil","Van","PI-3627252","SA0039","PCB_Remote_1200mm_Studio+_GV4","1.00","500","1.00","15/04/2026"
"ELECTROLYTE SOLUTIONS","Ganesh  Patil","Van","PI-3673384","SA0060","Power PCB (Without Potting) BL_CF_Renesa_GV3","7.00","400","7.00","15/04/2026"
"ELECTROLYTE SOLUTIONS","Ganesh  Patil","Van","PI-3675925","DS","","0.00","1","0.00","15/04/2026"
"ELECTROLYTE SOLUTIONS","Ganesh  Patil","Van","PI-3705765","SA0042","Motor Housing_Brown_CF_Renesa_GV3","2.00","590","2.00","15/04/2026"
"ELECTROLYTE SOLUTIONS","Ganesh  Patil","Van","PI-3705782","SA0056","Stator_CF_1200mm_Renesa/Renesa+/Renesa Smart_GV3","1.00","500","1.00","15/04/2026"
"ELECTROLYTE SOLUTIONS","Ganesh  Patil","Van","PI-3710688","A238307","Blade_1400mm_Blaze Brown_Renesa Halo_GV5","0.00","0","0.00","15/04/2026"
"ELECTROLYTE SOLUTIONS","Ganesh  Patil","Van","PI-3710849","SA0001","Rotor_Efficio_GV2","1.00","300","1.00","15/04/2026"
"ELECTROLYTE SOLUTIONS","Ganesh  Patil","Van","PI-3715961","B1C0001","MG 1 Driver PCB","0.00","1000","0.00","15/04/2026"
"ELECTROLYTE SOLUTIONS","Ganesh  Patil","Van","PI-3715962","EA05401","Power PCB_Renesa Pedestal/Wall/Table_TPW","1.00","300","1.00","15/04/2026"
"ELECTROLYTE SOLUTIONS","Ganesh  Patil","Van","PI-3715963","SA0055","Stator_CF_600mm_Renesa/Renesa+/Renesa Smart_GV3","3.00","500","3.00","15/04/2026"
"ELECTROLYTE SOLUTIONS","Ganesh  Patil","Van","PI-3715964","SRMASS0060","Display PCB_Efficio+_Pedestal_TPW","2.00","349","2.00","15/04/2026"
"ELECTROLYTE SOLUTIONS","Ganesh  Patil","Van","PI-3715965","SRMASS0074","Power PCB_Efficio+_Pedestal_TPW","3.00","499","3.00","15/04/2026"
"ELECTROLYTE SOLUTIONS","Ganesh  Patil","Van","PI-3715966","RA0173","Sensor Holder_CF","3.00","30","3.00","15/04/2026"
"ELECTROLYTE SOLUTIONS","Ganesh  Patil","Van","PI-3715967","EA16901","Updated_PCB STM32_1200mm_Erica/Ameza/Renesa Zen_1 LED_GV5","5.00","0","5.00","15/04/2026"
"ELECTROLYTE SOLUTIONS","Ganesh  Patil","Van","PI-3715968","SA0020","Sensor PCB_CF","3.00","60","3.00","15/04/2026"
"ELECTROLYTE SOLUTIONS","Ganesh  Patil","Van","PI-3715969","SA0104","Motor Housing_Golden_CF_Renesa+/Renesa Smart_GV3","1.00","600","1.00","15/04/2026"
"ELECTROLYTE SOLUTIONS","Ganesh  Patil","Van","PI-3715970","A2C0002","Power PCB_Renesa Pedestal Non Swing_TPW","1.00","500","1.00","15/04/2026"
"ELECTROLYTE SOLUTIONS","Ganesh  Patil","Van","PI-3715971","SA0043","Motor Housing_Ivory_CF_Renesa_GV3","2.00","590","2.00","15/04/2026"
"ELECTROLYTE SOLUTIONS","Ganesh  Patil","Van","PI-3715972","A091906","Plastic Bottom Cover along with Screw_Gloss Brown_Ikano/Efficio Alpha_GV5","3.00","0","3.00","15/04/2026"
"ELECTROLYTE SOLUTIONS","Ganesh  Patil","Van","PI-3715973","SA0022","Main PCB_CF_1400mm_Efficio_Reg_35W_GV2","3.00","500","3.00","15/04/2026"
"ELECTROLYTE SOLUTIONS","Ganesh  Patil","Van","PI-3715974","A022804","Motor Housing_Black_1200mm_Renesa+_GV5","1.00","600","1.00","15/04/2026"
"ELECTROLYTE SOLUTIONS","Ganesh  Patil","Van","PI-3715975","A091905","Plastic Bottom Cover along with Screw_Gloss White_Ikano/Efficio Alpha_GV5","3.00","0","3.00","15/04/2026"
"ELECTROLYTE SOLUTIONS","Ganesh  Patil","Van","PI-3715976","SA0057","Stator_CF_1200mm_Efficio/Efficio+/Studio_GV2","1.00","500","1.00","15/04/2026"
"ELECTROLYTE SOLUTIONS","Ganesh  Patil","Van","PI-3715977","A091902","Plastic Bottom Cover along with Screw_Gloss Black_Ikano/Efficio Alpha/Ameza_GV5","1.00","0","1.00","15/04/2026"
"ELECTROLYTE SOLUTIONS","Ganesh  Patil","Van","PI-3715978","SRMASS0075","Power PCB_Efficio+_Wall Mount_TPW","1.00","499","1.00","15/04/2026"
"ELECTROLYTE SOLUTIONS","Ganesh  Patil","Van","PI-3715979","EA17701","PCB 41W_Aris non-starlight_GV5","2.00","0","2.00","15/04/2026"
"ELECTROLYTE SOLUTIONS","Ganesh  Patil","Van","PI-3715980","EA05301","SMART PCBA /Phoenix-1 LED_PCB_GV5","1.00","700","1.00","15/04/2026"
"ELECTROLYTE SOLUTIONS","Ganesh  Patil","Van","PI-3715981","SRMASS0058","Digital PCB_Efficio+_Wall Mount_TPW","1.00","350","1.00","15/04/2026"
"ELECTROLYTE SOLUTIONS","Ganesh  Patil","Van","PI-3715982","A091904","Plastic Bottom Cover along with Screw_Gloss Ivory_Ameza_GV5","2.00","0","2.00","15/04/2026"
"ELECTROLYTE SOLUTIONS","Ganesh  Patil","Van","PI-3715983","SA0040","Motor Housing_Black_CF_Renesa_GV3","0.00","590","0.00","15/04/2026"
"ELECTROLYTE SOLUTIONS","Ganesh  Patil","Van","PI-3715984","SRMASS0056","Control PCB_Efficio+_Pedestal_TPW","2.00","349","2.00","15/04/2026"
"ELECTROLYTE SOLUTIONS","Ganesh  Patil","Van","PI-3715985","SA0087","PCB_Main_1200mm_Ozeo_GV4","1.00","500","1.00","15/04/2026"
"ELECTROLYTE SOLUTIONS","Ganesh  Patil","Van","PI-3715986","SA0101","Stator_1400mm_GV5","1.00","500","1.00","15/04/2026"
"ELECTROLYTE SOLUTIONS","Ganesh  Patil","Van","PI-3715987","A023101","Motor Housing_Grey_Renesa+_GV5","4.00","600","4.00","15/04/2026"
"ELECTROLYTE SOLUTIONS","Ganesh  Patil","Van","PI-3715988","SA0102","Motor Housing_Aegean Blue_CF_Renesa+/Renesa Smart_GV3","1.00","600","1.00","15/04/2026"
"ELECTROLYTE SOLUTIONS","Ganesh  Patil","Van","PI-3715989","SA0045","Motor Housing_Earth Brown_CF_Renesa+/Renesa Smart_GV3","3.00","590","3.00","15/04/2026"
"ELECTROLYTE SOLUTIONS","Ganesh  Patil","Van","PI-3716072","SA0097","Stator_CF_0900mm_Renesa/Renesa+/Renesa Smart_GV3","1.00","500","1.00","15/04/2026"
"ELECTROLYTE SOLUTIONS","Ganesh  Patil","Van","PI-3716105","SA0021","Main PCB_CF_1200mm_Efficio_Reg_28W_GV2","3.00","500","3.00","15/04/2026"
"ELECTROLYTE SOLUTIONS","Ganesh  Patil","Van","PI-3716091","EA12401","PCB_White LED_Efficio Alpha/Enzel _GV5","1.00","500","1.00","15/04/2026"
"ELECTROLYTE SOLUTIONS","Ganesh  Patil","Van","PI-3716092","EA06301","Driver/Main PCB_Zenova_(MG1.1)","0.00","0","0.00","15/04/2026"
"ELECTROLYTE SOLUTIONS","Ganesh  Patil","Van","PI-3716097","A428701","BLDC Motor Assembly (New)_Renesa Pedestal/Wall/Table Fan_TPW","1.00","1475","1.00","15/04/2026"
"ELECTROLYTE SOLUTIONS","Ganesh  Patil","Van","PI-3716100","SA0099","Stator_1200mm_Erica/Ikano/Ameza/Studio+Reboot/Renesa Reboot/Prime/Zen_GV5","3.00","500","3.00","15/04/2026"
"ELECTROLYTE SOLUTIONS","Ganesh  Patil","Van","PI-3716101","A004001","Motor Bldc_150mm_Studio_EXH","3.00","599","3.00","15/04/2026"
"ELECTROLYTE SOLUTIONS","Ganesh  Patil","Van","PI-3716106","EA17601","PCB With LED Strip__Aris Starlight_GV5","2.00","500","2.00","15/04/2026"
"ELECTROLYTE SOLUTIONS","Ganesh  Patil","Van","PI-3716110","RA1237","Blade_Aluminium_Sand Grey_1200mm_Renesa+/Renesa Smart_GV3","1.00","600","1.00","15/04/2026"
"ELECTROLYTE SOLUTIONS","Ganesh  Patil","Van","PI-3716194","RA0929","Plastic Motor Housing_Ivory_Renesa Alpha_GV4","1.00","150","1.00","15/04/2026"
"ELECTROLYTE SOLUTIONS","Ganesh  Patil","Van","PI-3716197","A2X0027","Synchronous Motor_Renesa/Stelios/Stelios Pro_TPW","1.00","150","1.00","15/04/2026"
"ELECTROLYTE SOLUTIONS","Ganesh  Patil","Van","PI-3723851","SA0098","Stator_CF_1400mm_Renesa/Renesa+/Renesa Smart_GV3","0.00","500","0.00","15/04/2026"
"ELECTROLYTE SOLUTIONS","Ganesh  Patil","Van","PI-3723925","A1X1083","Blade_Aluminium_Midnight Black_900mm_Renesa_GV3","0.00","600","0.00","15/04/2026"
"ELECTROLYTE SOLUTIONS","Ganesh  Patil","Van","PI-3723963","A238301","Blade Renesa Halo 1.4M Gloss White","0.00","0","0.00","15/04/2026"
"ELECTROLYTE SOLUTIONS","Ganesh  Patil","Van","PI-3741598","EA30901","PCB_Aluminum_STM32_1200mm_Renesa Prime/Crest/Ikano_GV5","5.00","0","5.00","15/04/2026"
"ELECTROLYTE SOLUTIONS","Ganesh  Patil","Van","PI-3777762","EA24201","Updated STM32 PCB C0_1230mm_ Erica Meta_GV5","2.00","0","2.00","15/04/2026"
"ELECTROLYTE SOLUTIONS","Ganesh  Patil","Van","PI-3799193","SA0061","Power PCB (Without Potting) WH_CF_Renesa_GV3","0.00","400","0.00","15/04/2026"
"ELECTROLYTE SOLUTIONS","Ganesh  Patil","Van","PI-3799194","SA0103","Motor Housing_Sandan Grey_CF_Renesa+/Renesa Smart_GV3","1.00","600","1.00","15/04/2026"
"ELECTROLYTE SOLUTIONS","Ganesh  Patil","Van","PI-3799195","A022801","Motor Housing White_Renesa/Renesa+/Renesa Smart+ GV5","1.00","500","1.00","15/04/2026"
"ELECTROLYTE SOLUTIONS","Ganesh  Patil","Van","PI-3799196","RA0157","Remote_CF_Renesa_GV3","1.00","150","1.00","15/04/2026"
"ELECTROLYTE SOLUTIONS","Ganesh  Patil","Van","PI-3799197","SA0010","Digital PCB_1200mm_Renesa Smart+_GV3","1.00","350","1.00","15/04/2026"
"ELECTROLYTE SOLUTIONS","Ganesh  Patil","Van","PI-3799198","A022807","Motor Housing_Pearl white_Renesa+_GV5","1.00","600","1.00","15/04/2026"
"ELECTROLYTE SOLUTIONS","Ganesh  Patil","Van","PI-3853223","A159801","MG1.1 SS Jar Set with Lids Service","1.00","0","1.00","15/04/2026"
"ELECTROLYTE SOLUTIONS","Ganesh  Patil","Van","PI-3853224","A1X0169","Blade_Aluminium_Earth Brown_1200mm_Studio+ Reboot_GV5","0.00","600","0.00","15/04/2026"
"ELECTROLYTE SOLUTIONS","Ganesh  Patil","Van","PI-3858167","EA33401","PCB STM32_35W_6LED_Renesa Enzel_GV5","0.00","0","0.00","15/04/2026"
"ELECTROLYTE SOLUTIONS","ELECTROLYTE SOLUTIONS","Site","PI-0272","SRA023210","Motor_Midnight Black_1200mm_Renesa Smart+_GV5","0.00","2500","0.00","21/03/2026"
"ELECTROLYTE SOLUTIONS","ELECTROLYTE SOLUTIONS","Site","PI-0273","EA01701","PCB_Erica/Ameza/Renesa Zen_GV5 (STM8s,70micron single LED)","30.00","500","0.00","21/03/2026"
"ELECTROLYTE SOLUTIONS","ELECTROLYTE SOLUTIONS","Site","PI-0274","A1X0139","Blade_Aluminium_Gloss Brown_1200mm_Ikano_GV5","4.00","600","0.00","21/03/2026"
"ELECTROLYTE SOLUTIONS","ELECTROLYTE SOLUTIONS","Site","PI-0275","A1X0601","CF_Universal Remote New","60.00","250","10.00","21/03/2026"
"ELECTROLYTE SOLUTIONS","ELECTROLYTE SOLUTIONS","Site","PI-0276","A1X1055","Blade_Aluminium_SnowWhite_1200mm_Erica_GV5","0.00","600","0.00","21/03/2026"
"ELECTROLYTE SOLUTIONS","ELECTROLYTE SOLUTIONS","Site","PI-0277","SA0102","Motor Housing_Aegean Blue_CF_Renesa+/Renesa Smart_GV3","5.00","600","5.00","21/03/2026"
"ELECTROLYTE SOLUTIONS","ELECTROLYTE SOLUTIONS","Site","PI-0278","A2C0002","Power PCB_Renesa Pedestal Non Swing_TPW","16.00","500","8.00","21/03/2026"
"ELECTROLYTE SOLUTIONS","ELECTROLYTE SOLUTIONS","Site","PI-0279","A2C0003","Interface PCB_Renesa Pedestal Non Swing_TPW","2.00","150","0.00","21/03/2026"
"ELECTROLYTE SOLUTIONS","ELECTROLYTE SOLUTIONS","Site","PI-0280","EA05401","Power PCB_Renesa Pedestal/Wall/Table_TPW","14.00","300","13.00","21/03/2026"
"ELECTROLYTE SOLUTIONS","ELECTROLYTE SOLUTIONS","Site","PI-0281","RA0848","Blade_Aluminium_Earth Brown_1200mm_Studio+_GV4","0.00","599","0.00","21/03/2026"
"ELECTROLYTE SOLUTIONS","ELECTROLYTE SOLUTIONS","Site","PI-0282","B1C0001","MG 1 Driver PCB","17.00","1000","5.00","21/03/2026"
"ELECTROLYTE SOLUTIONS","ELECTROLYTE SOLUTIONS","Site","PI-0283","B1C0002","MG 1 Interface PCB","4.00","350","0.00","21/03/2026"
"ELECTROLYTE SOLUTIONS","ELECTROLYTE SOLUTIONS","Site","PI-0284","B1C0003","MG 1 Sensor PCB","65.00","150","0.00","21/03/2026"
"ELECTROLYTE SOLUTIONS","ELECTROLYTE SOLUTIONS","Site","PI-0285","B1X0031","Liquidizer jar sub assembly MG1.0","0.00","500","0.00","21/03/2026"
"ELECTROLYTE SOLUTIONS","ELECTROLYTE SOLUTIONS","Site","PI-0286","B1X0044","Wet/Dry jar sub asssembly MG1.0","0.00","450","0.00","21/03/2026"
"ELECTROLYTE SOLUTIONS","ELECTROLYTE SOLUTIONS","Site","PI-0287","B1X0056","Chutney jar sub assembly MG1.0","0.00","450","0.00","21/03/2026"
"ELECTROLYTE SOLUTIONS","ELECTROLYTE SOLUTIONS","Site","PI-0288","B1X0162","MG1.0 Chopper Jar Lid","0.00","80","0.00","21/03/2026"
"ELECTROLYTE SOLUTIONS","ELECTROLYTE SOLUTIONS","Site","PI-0289","SRMASS0056","Control PCB_Efficio+_Pedestal_TPW","13.00","349","13.00","21/03/2026"
"ELECTROLYTE SOLUTIONS","ELECTROLYTE SOLUTIONS","Site","PI-0290","SRMASS0058","Digital PCB_Efficio+_Wall Mount_TPW","13.00","350","13.00","21/03/2026"
"ELECTROLYTE SOLUTIONS","ELECTROLYTE SOLUTIONS","Site","PI-0291","SRMASS0059","Display PCB_Efficio_Pedestal_TPW","22.00","350","7.00","21/03/2026"
"ELECTROLYTE SOLUTIONS","ELECTROLYTE SOLUTIONS","Site","PI-0292","SRMASS0060","Display PCB_Efficio+_Pedestal_TPW","13.00","349","13.00","21/03/2026"
"ELECTROLYTE SOLUTIONS","ELECTROLYTE SOLUTIONS","Site","PI-0293","SRMASS0062","Main PCB_Efficio_Pedestal_TPW","5.00","450","5.00","21/03/2026"
"ELECTROLYTE SOLUTIONS","ELECTROLYTE SOLUTIONS","Site","PI-0294","SRMASS0074","Power PCB_Efficio+_Pedestal_TPW","6.00","499","6.00","21/03/2026"
"ELECTROLYTE SOLUTIONS","ELECTROLYTE SOLUTIONS","Site","PI-0295","SRMASS0075","Power PCB_Efficio+_Wall Mount_TPW","13.00","499","13.00","21/03/2026"
"ELECTROLYTE SOLUTIONS","ELECTROLYTE SOLUTIONS","Site","PI-0296","SA0060","Power PCB (Without Potting) BL_CF_Renesa_GV3","97.00","400","5.00","21/03/2026"
"ELECTROLYTE SOLUTIONS","ELECTROLYTE SOLUTIONS","Site","PI-0297","SA0020","Sensor PCB_CF","24.00","60","5.00","21/03/2026"
"ELECTROLYTE SOLUTIONS","ELECTROLYTE SOLUTIONS","Site","PI-0298","SA0010","Digital PCB_1200mm_Renesa Smart+_GV3","33.00","350","33.00","21/03/2026"
"ELECTROLYTE SOLUTIONS","ELECTROLYTE SOLUTIONS","Site","PI-0299","SA0061","Power PCB (Without Potting) WH_CF_Renesa_GV3","15.00","400","5.00","21/03/2026"
"ELECTROLYTE SOLUTIONS","ELECTROLYTE SOLUTIONS","Site","PI-0300","SRMASS0118","Main PCB_Efficio_Walla Mount_TPW","1.00","450","1.00","21/03/2026"
"ELECTROLYTE SOLUTIONS","ELECTROLYTE SOLUTIONS","Site","PI-0301","SA0021","Main PCB_CF_1200mm_Efficio_Reg_28W_GV2","35.00","500","15.00","21/03/2026"
"ELECTROLYTE SOLUTIONS","ELECTROLYTE SOLUTIONS","Site","PI-0302","SA0098","Stator_CF_1400mm_Renesa/Renesa+/Renesa Smart_GV3","7.00","500","7.00","21/03/2026"
"ELECTROLYTE SOLUTIONS","ELECTROLYTE SOLUTIONS","Site","PI-0303","SRMASS0157","Main PCB_Efficio_EXH","0.00","450","0.00","21/03/2026"
"ELECTROLYTE SOLUTIONS","ELECTROLYTE SOLUTIONS","Site","PI-0304","SRMASS0158","BLDC Motor_200mm_Efficio_EXH","0.00","635","0.00","21/03/2026"
"ELECTROLYTE SOLUTIONS","ELECTROLYTE SOLUTIONS","Site","PI-0305","SRMASS0159","Main PCB_Studio+_EXH","4.00","450","4.00","21/03/2026"
"ELECTROLYTE SOLUTIONS","ELECTROLYTE SOLUTIONS","Site","PI-0306","SRMASS0160","BLDC Motor_150mm_Studio+_EXH","2.00","599","2.00","21/03/2026"
"ELECTROLYTE SOLUTIONS","ELECTROLYTE SOLUTIONS","Site","PI-0307","SA0039","PCB_Remote_1200mm_Studio+_GV4","44.00","500","19.00","21/03/2026"
"ELECTROLYTE SOLUTIONS","ELECTROLYTE SOLUTIONS","Site","PI-0308","A1X1217","Stator_1200mm_Studio+/Renesa Alpha/Naveo_GV4","2.00","500","2.00","21/03/2026"
"ELECTROLYTE SOLUTIONS","ELECTROLYTE SOLUTIONS","Site","PI-0309","SA0038","PCB_Regulator_1200mm_Renesa Alpha_GV4","0.00","500","0.00","21/03/2026"
"ELECTROLYTE SOLUTIONS","ELECTROLYTE SOLUTIONS","Site","PI-0310","SA0087","PCB_Main_1200mm_Ozeo_GV4","13.00","500","13.00","21/03/2026"
"ELECTROLYTE SOLUTIONS","ELECTROLYTE SOLUTIONS","Site","PI-0311","SA0019","Consolidate PCB GV2_CF__Efficio_GV2","240.00","500","55.00","21/03/2026"
"ELECTROLYTE SOLUTIONS","ELECTROLYTE SOLUTIONS","Site","PI-0312","SA0011","Consolidate PCB GV3_CF_Renesa+_GV3","365.00","350","71.00","21/03/2026"
"ELECTROLYTE SOLUTIONS","ELECTROLYTE SOLUTIONS","Site","PI-0313","SRMF0008","Motor_Brown_1200mm_Efficio_GV2","0.00","2500","0.00","21/03/2026"
"ELECTROLYTE SOLUTIONS","ELECTROLYTE SOLUTIONS","Site","PI-0314","SRMF0038","Motor_Earth Brown_1200mm_Renesa+_GV3","0.00","2500","0.00","21/03/2026"
"ELECTROLYTE SOLUTIONS","ELECTROLYTE SOLUTIONS","Site","PI-0315","SRMF0039","Motor_Pearl White_1200mm_Renesa+_GV3","0.00","2500","0.00","21/03/2026"
"ELECTROLYTE SOLUTIONS","ELECTROLYTE SOLUTIONS","Site","PI-0316","SRMF0127","Motor_Golden_1200mm_Renesa+_GV3","0.00","2500","0.00","21/03/2026"
"ELECTROLYTE SOLUTIONS","ELECTROLYTE SOLUTIONS","Site","PI-0317","RA0028","Bearing 6202_CF","90.00","60","90.00","21/03/2026"
"ELECTROLYTE SOLUTIONS","ELECTROLYTE SOLUTIONS","Site","PI-0318","RA0031","Oc Connector_CF","25.00","15","25.00","21/03/2026"
"ELECTROLYTE SOLUTIONS","ELECTROLYTE SOLUTIONS","Site","PI-0319","RA0037","Spring_Efficio_ Gv2a_GV2","70.00","25","70.00","21/03/2026"
"ELECTROLYTE SOLUTIONS","ELECTROLYTE SOLUTIONS","Site","PI-0320","RA0038","Spring_CF_Renesa_GV3","12.00","25","12.00","21/03/2026"
"ELECTROLYTE SOLUTIONS","ELECTROLYTE SOLUTIONS","Site","PI-0321","RA0046","Blade_Aluminium_White_1400mm_Efficio/Efficio+/Studio_GV2","0.00","599","0.00","21/03/2026"
"ELECTROLYTE SOLUTIONS","ELECTROLYTE SOLUTIONS","Site","PI-0322","RA0070","Blade_Aluminium_White_1200mm_Renesa_GV3","34.00","599","1.00","21/03/2026"
"ELECTROLYTE SOLUTIONS","ELECTROLYTE SOLUTIONS","Site","PI-0323","RA0072","Blade_Aluminium_Pearl White_1200mm_Renesa+/Renesa Smart_GV3","53.00","599","0.00","21/03/2026"
"ELECTROLYTE SOLUTIONS","ELECTROLYTE SOLUTIONS","Site","PI-0324","RA0074","Blade_Aluminium_Matt Brown_1200mm_Renesa_GV3","19.00","599","0.00","21/03/2026"
"ELECTROLYTE SOLUTIONS","ELECTROLYTE SOLUTIONS","Site","PI-0325","RA0075","Blade_Aluminium_G-Oak_1200mm_Renesa+/Renesa Smart_GV3","7.00","599","0.00","21/03/2026"
"ELECTROLYTE SOLUTIONS","ELECTROLYTE SOLUTIONS","Site","PI-0326","RA0106","Downrod_Matt Black_CF","3.00","60","0.00","21/03/2026"
"ELECTROLYTE SOLUTIONS","ELECTROLYTE SOLUTIONS","Site","PI-0327","RA0146","Canopy_Black_CF_Renesa_GV3","2.00","150","2.00","21/03/2026"
"ELECTROLYTE SOLUTIONS","ELECTROLYTE SOLUTIONS","Site","PI-0328","RA0156","Remote_CF_Efficio_GV2","18.00","150","18.00","21/03/2026"
"ELECTROLYTE SOLUTIONS","ELECTROLYTE SOLUTIONS","Site","PI-0329","RA0157","Remote_CF_Renesa_GV3","15.00","150","15.00","21/03/2026"
"ELECTROLYTE SOLUTIONS","ELECTROLYTE SOLUTIONS","Site","PI-0330","RA0173","Sensor Holder_CF","58.00","30","58.00","21/03/2026"
"ELECTROLYTE SOLUTIONS","ELECTROLYTE SOLUTIONS","Site","PI-0331","RA0175","PCB Base_CF_Efficio_GV2","18.00","30","18.00","21/03/2026"
"ELECTROLYTE SOLUTIONS","ELECTROLYTE SOLUTIONS","Site","PI-0332","RA0177","Diffuser_Pearl Ivory_Efficio_GV2","7.00","25","7.00","21/03/2026"
"ELECTROLYTE SOLUTIONS","ELECTROLYTE SOLUTIONS","Site","PI-0333","RA0178","Diffuser_Pearl White_Efficio_GV2","17.00","25","17.00","21/03/2026"
"ELECTROLYTE SOLUTIONS","ELECTROLYTE SOLUTIONS","Site","PI-0334","RA0179","Diffuser_Brown_Efficio_GV2","39.00","25","39.00","21/03/2026"
"ELECTROLYTE SOLUTIONS","ELECTROLYTE SOLUTIONS","Site","PI-0335","RA0180","Diffuser_Sand Grey_Efficio_GV2","23.00","25","23.00","21/03/2026"
"ELECTROLYTE SOLUTIONS","ELECTROLYTE SOLUTIONS","Site","PI-0336","RA0182","Diffuser (Bottom Cap)_White_Renesa_GV3","21.00","60","6.00","21/03/2026"
"ELECTROLYTE SOLUTIONS","ELECTROLYTE SOLUTIONS","Site","PI-0337","RA0183","Diffuser (Bottom Cap)_Black_Renesa_GV3","24.00","60","0.00","21/03/2026"
"ELECTROLYTE SOLUTIONS","ELECTROLYTE SOLUTIONS","Site","PI-0338","RA0345","Circlip Pin_CF_Renesa_GV3","43.00","9","43.00","21/03/2026"
"ELECTROLYTE SOLUTIONS","ELECTROLYTE SOLUTIONS","Site","PI-0339","RA0413","Connecting wire_400mm_Pedestal_TPW","0.00","25","0.00","21/03/2026"
"ELECTROLYTE SOLUTIONS","ELECTROLYTE SOLUTIONS","Site","PI-0340","RA0790","Neck_400mm_Wall Mount_TPW","1.00","199","0.00","21/03/2026"
"ELECTROLYTE SOLUTIONS","ELECTROLYTE SOLUTIONS","Site","PI-0341","RA0946","BLDC Motor_Efficio+_TPW","8.00","599","8.00","21/03/2026"
"ELECTROLYTE SOLUTIONS","ELECTROLYTE SOLUTIONS","Site","PI-0342","RA1236","Blade_Aluminium_Golden_1200mm_Renesa+/Renesa Smart_GV3","12.00","600","0.00","21/03/2026"
"ELECTROLYTE SOLUTIONS","ELECTROLYTE SOLUTIONS","Site","PI-0343","RA1237","Blade_Aluminium_Sand Grey_1200mm_Renesa+/Renesa Smart_GV3","8.00","600","0.00","21/03/2026"
"ELECTROLYTE SOLUTIONS","ELECTROLYTE SOLUTIONS","Site","PI-0344","RA1238","Deactivated - Motor Housing_Golden_CF_Renesa+/Renesa Smart_GV3","0.00","600","0.00","21/03/2026"
"ELECTROLYTE SOLUTIONS","ELECTROLYTE SOLUTIONS","Site","PI-0345","RA1239","Deactivated - Motor Housing_Sandan Grey_CF_Renesa+/Renesa Smart_GV3","0.00","600","0.00","21/03/2026"
"ELECTROLYTE SOLUTIONS","ELECTROLYTE SOLUTIONS","Site","PI-0346","RA1240","Blade_Aluminium_Midnight Black_1200mm_Renesa_GV3","8.00","600","0.00","21/03/2026"
"ELECTROLYTE SOLUTIONS","ELECTROLYTE SOLUTIONS","Site","PI-0347","RA1242","Canopy_Sand Grey_CF_Renesa+_GV3","3.00","150","3.00","21/03/2026"
"ELECTROLYTE SOLUTIONS","ELECTROLYTE SOLUTIONS","Site","PI-0348","SA0001","Rotor_Efficio_GV2","48.00","300","4.00","21/03/2026"
"ELECTROLYTE SOLUTIONS","ELECTROLYTE SOLUTIONS","Site","PI-0349","SA0040","Motor Housing_Black_CF_Renesa_GV3","69.00","590","11.00","21/03/2026"
"ELECTROLYTE SOLUTIONS","ELECTROLYTE SOLUTIONS","Site","PI-0350","SA0041","Motor Housing_White_CF_Renesa_GV3","13.00","590","13.00","21/03/2026"
"ELECTROLYTE SOLUTIONS","ELECTROLYTE SOLUTIONS","Site","PI-0351","SA0042","Motor Housing_Brown_CF_Renesa_GV3","13.00","590","3.00","21/03/2026"
"ELECTROLYTE SOLUTIONS","ELECTROLYTE SOLUTIONS","Site","PI-0352","SA0043","Motor Housing_Ivory_CF_Renesa_GV3","17.00","590","7.00","21/03/2026"
"ELECTROLYTE SOLUTIONS","ELECTROLYTE SOLUTIONS","Site","PI-0353","SA0044","Motor Housing_Pearl White_CF_Renesa+/Renesa Smart_GV3","12.00","590","12.00","21/03/2026"
"ELECTROLYTE SOLUTIONS","ELECTROLYTE SOLUTIONS","Site","PI-0354","SA0045","Motor Housing_Earth Brown_CF_Renesa+/Renesa Smart_GV3","28.00","590","5.00","21/03/2026"
"ELECTROLYTE SOLUTIONS","ELECTROLYTE SOLUTIONS","Site","PI-0355","SA0055","Stator_CF_600mm_Renesa/Renesa+/Renesa Smart_GV3","8.00","500","5.00","21/03/2026"
"ELECTROLYTE SOLUTIONS","ELECTROLYTE SOLUTIONS","Site","PI-0356","SA0057","Stator_CF_1200mm_Efficio/Efficio+/Studio_GV2","11.00","500","11.00","21/03/2026"
"ELECTROLYTE SOLUTIONS","ELECTROLYTE SOLUTIONS","Site","PI-0357","SA0058","Stator_CF_1400mm_Efficio/Efficio+/Studio_GV2","9.00","500","1.00","21/03/2026"
"ELECTROLYTE SOLUTIONS","ELECTROLYTE SOLUTIONS","Site","PI-0358","SA0059","Stator_CF_1050/900mm_Efficio_GV2","4.00","500","2.00","21/03/2026"
"ELECTROLYTE SOLUTIONS","ELECTROLYTE SOLUTIONS","Site","PI-0359","SA0097","Stator_CF_0900mm_Renesa/Renesa+/Renesa Smart_GV3","9.00","500","9.00","21/03/2026"
"ELECTROLYTE SOLUTIONS","ELECTROLYTE SOLUTIONS","Site","PI-0360","SPR0031","Deactivated - Motor Screw_CF_Efficio_GV2","0.00","9","0.00","21/03/2026"
"ELECTROLYTE SOLUTIONS","ELECTROLYTE SOLUTIONS","Site","PI-0361","SPR0172","Top Motor Housing_Metal_Studio+_GV4","5.00","484","5.00","21/03/2026"
"ELECTROLYTE SOLUTIONS","ELECTROLYTE SOLUTIONS","Site","PI-0362","A026402","Blade_Aluminium_Black_1200mm_Ameza_GV5","0.00","600","0.00","21/03/2026"
"ELECTROLYTE SOLUTIONS","ELECTROLYTE SOLUTIONS","Site","PI-0363","A026403","Blade_Aluminium_Brown_1200mm_Ameza_GV5","1.00","600","0.00","21/03/2026"
"ELECTROLYTE SOLUTIONS","ELECTROLYTE SOLUTIONS","Site","PI-0364","FG0008","Atomberg Efficio Ceiling Fan 1200MM - Brown_GV2","0.00","4000","0.00","21/03/2026"
"ELECTROLYTE SOLUTIONS","ELECTROLYTE SOLUTIONS","Site","PI-0365","FG0010","Atomberg Efficio Ceiling Fan 1200MM - Midnight Black_GV2","0.00","4000","0.00","21/03/2026"
"ELECTROLYTE SOLUTIONS","ELECTROLYTE SOLUTIONS","Site","PI-0366","FG0174","Atomberg Efficio Exhaust 0200MM - Black","0.00","4000","0.00","21/03/2026"
"ELECTROLYTE SOLUTIONS","ELECTROLYTE SOLUTIONS","Site","PI-0367","FG0237","Atomberg Erica Ceiling Fan 1200MM - Umber Brown GV5","0.00","4000","0.00","21/03/2026"
"ELECTROLYTE SOLUTIONS","ELECTROLYTE SOLUTIONS","Site","PI-0368","FG0033","Atomberg Renesa Ceiling Fan 1200MM- Matt Brown_GV3","0.00","4000","0.00","21/03/2026"
"ELECTROLYTE SOLUTIONS","ELECTROLYTE SOLUTIONS","Site","PI-0369","FG0153","Atomberg_Renesa Ceiling Fan 1200MM-Midnight Black_GV3","0.00","4000","0.00","21/03/2026"
"ELECTROLYTE SOLUTIONS","ELECTROLYTE SOLUTIONS","Site","PI-0370","FG0035","Atomberg Renesa Ceiling Fan 1200MM - White_GV3","0.00","4000","0.00","21/03/2026"
"ELECTROLYTE SOLUTIONS","ELECTROLYTE SOLUTIONS","Site","PI-0371","FG0301","Atomberg Renesa Ceiling Fan 1200MM 35 watt REC41235RM - Midnight Black_GV5","0.00","4000","0.00","21/03/2026"
"ELECTROLYTE SOLUTIONS","ELECTROLYTE SOLUTIONS","Site","PI-0372","FG0295","Atomberg Renesa Ceiling Fan 1200MM 35 watt REC41235RM - White_GV5","0.00","4000","0.00","21/03/2026"
"ELECTROLYTE SOLUTIONS","ELECTROLYTE SOLUTIONS","Site","PI-0373","FG0364","Atomberg Renesa+ Smart Ceiling Fan 1200MM 35 watt RPC41235SM - Pearl White_GV5","0.00","6000","0.00","21/03/2026"
"ELECTROLYTE SOLUTIONS","ELECTROLYTE SOLUTIONS","Site","PI-0374","FG0168","Atomberg Studio Exhaust 0150MM - Black","0.00","4000","0.00","21/03/2026"
"ELECTROLYTE SOLUTIONS","ELECTROLYTE SOLUTIONS","Site","PI-0375","FG0160","Atomberg Studio Exhaust 0150MM - White","0.00","4000","0.00","21/03/2026"
"ELECTROLYTE SOLUTIONS","ELECTROLYTE SOLUTIONS","Site","PI-0376","FG0235","Atomberg Studio+ Ceiling Fan 1200MM - Aegean Blue_GV5","0.00","4000","0.00","21/03/2026"
"ELECTROLYTE SOLUTIONS","ELECTROLYTE SOLUTIONS","Site","PI-0377","PKG003","Deactivated - Blade Box CF_CF","0.00","600","0.00","21/03/2026"
"ELECTROLYTE SOLUTIONS","ELECTROLYTE SOLUTIONS","Site","PI-0378","RA1028","Blade_Aluminium_Brown_1200mm_Ozeo_GV4","0.00","599","0.00","21/03/2026"
"ELECTROLYTE SOLUTIONS","ELECTROLYTE SOLUTIONS","Site","PI-0379","RA1026","Blade_Aluminium_White_1200mm_Ozeo_GV4","0.00","599","0.00","21/03/2026"
"ELECTROLYTE SOLUTIONS","ELECTROLYTE SOLUTIONS","Site","PI-0380","RA1010","Bottom Cover_White_Ozeo/Enerio_GV5","0.00","142","0.00","21/03/2026"
"ELECTROLYTE SOLUTIONS","ELECTROLYTE SOLUTIONS","Site","PI-0381","B1X0151","Chopper Jar Assembly_MG1/Zenova/Yulia_MG","16.00","550","0.00","21/03/2026"
"ELECTROLYTE SOLUTIONS","ELECTROLYTE SOLUTIONS","Site","PI-0382","SRMASS0149","Diffuser Opener Tool_CF_Renesa+_GV3","27.00","4720","27.00","21/03/2026"
"ELECTROLYTE SOLUTIONS","ELECTROLYTE SOLUTIONS","Site","PI-0383","A1X0191","Downrod_Aegean Blue_260mm_Renesa+_GV3","0.00","60","0.00","21/03/2026"
"ELECTROLYTE SOLUTIONS","ELECTROLYTE SOLUTIONS","Site","PI-0384","RA0912","Downrod_Gloss Black_Ikano_GV5","0.00","60","0.00","21/03/2026"
"ELECTROLYTE SOLUTIONS","ELECTROLYTE SOLUTIONS","Site","PI-0385","A1X0188","Downrod_SNOW WHITE_Erica_GV5","1.00","60","0.00","21/03/2026"
"ELECTROLYTE SOLUTIONS","ELECTROLYTE SOLUTIONS","Site","PI-0386","RA0143","Canopy_Earth Brown_CF_Renesa Smart+_GV3","2.00","150","2.00","21/03/2026"
"ELECTROLYTE SOLUTIONS","ELECTROLYTE SOLUTIONS","Site","PI-0387","RA0092","Downrod_Earth Brown_CF_Efficio+_GV2","2.00","60","0.00","21/03/2026"
"ELECTROLYTE SOLUTIONS","ELECTROLYTE SOLUTIONS","Site","PI-0388","MASS0095","Deactivated - Main PCB_CF_1050mm_Efficio_GV2","0.00","500","0.00","21/03/2026"
"ELECTROLYTE SOLUTIONS","ELECTROLYTE SOLUTIONS","Site","PI-0389","MASS0138","Deactivated - Main PCB_CF_1050mm_Efficio_GV2","0.00","500","0.00","21/03/2026"
"ELECTROLYTE SOLUTIONS","ELECTROLYTE SOLUTIONS","Site","PI-0390","RA0057","Blade_Aluminium_Black_1200mm_Efficio/Efficio+/Studio_GV2","2.00","599","0.00","21/03/2026"
"ELECTROLYTE SOLUTIONS","ELECTROLYTE SOLUTIONS","Site","PI-0391","SRMF0010","Motor_black_1200mm_Efficio_GV2","0.00","2500","0.00","21/03/2026"
"ELECTROLYTE SOLUTIONS","ELECTROLYTE SOLUTIONS","Site","PI-0392","A142202","Blade_Aluminium_Brown_1200mm_Efficio/Efficio+/Studio_GV2","4.00","599","0.00","21/03/2026"
"ELECTROLYTE SOLUTIONS","ELECTROLYTE SOLUTIONS","Site","PI-0393","RA0051","Blade_Aluminium_Brown_1400mm_Efficio/Efficio+/Studio_GV2","3.00","599","0.00","21/03/2026"
"ELECTROLYTE SOLUTIONS","ELECTROLYTE SOLUTIONS","Site","PI-0394","SA0048","Body_Aluminium_Matt Brown_Efficio_GV2","1.00","300","0.00","21/03/2026"
"ELECTROLYTE SOLUTIONS","ELECTROLYTE SOLUTIONS","Site","PI-0395","RA0137","Canopy_Brown_CF_Efficio_GV2","0.00","150","0.00","21/03/2026"
"ELECTROLYTE SOLUTIONS","ELECTROLYTE SOLUTIONS","Site","PI-0396","RA0098","Downrod_Brown_CF_Efficio_GV2","3.00","60","0.00","21/03/2026"
"ELECTROLYTE SOLUTIONS","ELECTROLYTE SOLUTIONS","Site","PI-0397","RA0050","Blade_Aluminium_Ivory_1050mm_Efficio/Efficio+/Studio_GV2","0.00","599","0.00","21/03/2026"
"ELECTROLYTE SOLUTIONS","ELECTROLYTE SOLUTIONS","Site","PI-0398","RA0040","Blade_Aluminium_Ivory_1200mm_Efficio_GV2","0.00","599","0.00","21/03/2026"
"ELECTROLYTE SOLUTIONS","ELECTROLYTE SOLUTIONS","Site","PI-0399","SRMF0009","Motor_Ivory_1200mm_Efficio_GV2","0.00","2500","0.00","21/03/2026"
"ELECTROLYTE SOLUTIONS","ELECTROLYTE SOLUTIONS","Site","PI-0400","SRMF0002","Motor_Ivory_900mm_Efficio_GV2","0.00","2500","0.00","21/03/2026"
"ELECTROLYTE SOLUTIONS","ELECTROLYTE SOLUTIONS","Site","PI-0401","SA0049","Body_Aluminium_Ivory_Efficio_GV2","0.00","300","0.00","21/03/2026"
"ELECTROLYTE SOLUTIONS","ELECTROLYTE SOLUTIONS","Site","PI-0402","A142201","Blade_Aluminium_White_1200mm_Efficio/Efficio+/Studio_GV2","16.00","599","0.00","21/03/2026"
"ELECTROLYTE SOLUTIONS","ELECTROLYTE SOLUTIONS","Site","PI-0403","SRMF0014","Motor_White_1400mm_Efficio_GV2","0.00","2500","0.00","21/03/2026"
"ELECTROLYTE SOLUTIONS","ELECTROLYTE SOLUTIONS","Site","PI-0404","RA0047","Blade_Aluminium_White_900mm_Efficio/Efficio+/Studio_GV2","9.00","599","0.00","21/03/2026"
"ELECTROLYTE SOLUTIONS","ELECTROLYTE SOLUTIONS","Site","PI-0405","RA0142","Canopy_White_CF_Efficio_GV2","2.00","150","0.00","21/03/2026"
"ELECTROLYTE SOLUTIONS","ELECTROLYTE SOLUTIONS","Site","PI-0406","MASS0093","Deactivated - Main PCB_CF_1400mm_Efficio_GV2","0.00","500","0.00","21/03/2026"
"ELECTROLYTE SOLUTIONS","ELECTROLYTE SOLUTIONS","Site","PI-0407","MASS0094","Deactivated - Main PCB_CF_900mm_Efficio_GV2","0.00","500","0.00","21/03/2026"
"ELECTROLYTE SOLUTIONS","ELECTROLYTE SOLUTIONS","Site","PI-0408","RA0049","Blade_Aluminium_Earth Brown_1200mm_Efficio+_(With trim) GV2","0.00","599","0.00","21/03/2026"
"ELECTROLYTE SOLUTIONS","ELECTROLYTE SOLUTIONS","Site","PI-0409","A005401","Blade_Aluminium_Metallic Gold_1200mm_Efficio+(with Trim)_GV2","6.00","599","0.00","21/03/2026"
"ELECTROLYTE SOLUTIONS","ELECTROLYTE SOLUTIONS","Site","PI-0410","RA0068","Blade_Aluminium_Metallic Gold_1400mm_Efficio/Efficio+/Studio_GV2","0.00","599","0.00","21/03/2026"
"ELECTROLYTE SOLUTIONS","ELECTROLYTE SOLUTIONS","Site","PI-0411","RA0055","Blade_Aluminium_Pearl Ivory_1200mm_Efficio+/Studio (With trim)_GV2","0.00","599","0.00","21/03/2026"
"ELECTROLYTE SOLUTIONS","ELECTROLYTE SOLUTIONS","Site","PI-0412","A005601","Blade_Aluminium_Pearl White_1200mm_Efficio+(with trim)_GV2","0.00","599","0.00","21/03/2026"
"ELECTROLYTE SOLUTIONS","ELECTROLYTE SOLUTIONS","Site","PI-0413","SRMF0017","Motor_Pearl White_900mm_Efficio+(with trim)_GV2","0.00","2500","0.00","21/03/2026"
"ELECTROLYTE SOLUTIONS","ELECTROLYTE SOLUTIONS","Site","PI-0414","RA0048","Blade_Aluminium_Sand Grey_1200mm_Efficio+(with Trim)_GV2","0.00","599","0.00","21/03/2026"
"ELECTROLYTE SOLUTIONS","ELECTROLYTE SOLUTIONS","Site","PI-0415","RA0066","Blade_Aluminium_Sand Grey_1400mm_Efficio/Efficio+/Studio_GV2","0.00","599","0.00","21/03/2026"
"ELECTROLYTE SOLUTIONS","ELECTROLYTE SOLUTIONS","Site","PI-0416","A1X1058","Deactivated - Blade_Aluminium_Umber Brown_1200mm_Erica_GV5","0.00","600","0.00","21/03/2026"
"ELECTROLYTE SOLUTIONS","ELECTROLYTE SOLUTIONS","Site","PI-0417","RA1409","Blade_Aluminium_Midnight Black_600mm_Renesa_GV3","5.00","600","0.00","21/03/2026"
"ELECTROLYTE SOLUTIONS","ELECTROLYTE SOLUTIONS","Site","PI-0418","A1X1085","Blade_Aluminium_Matte brown_900mm_Renesa_GV3","2.00","600","0.00","21/03/2026"
"ELECTROLYTE SOLUTIONS","ELECTROLYTE SOLUTIONS","Site","PI-0419","A1X1083","Blade_Aluminium_Midnight Black_900mm_Renesa_GV3","2.00","600","0.00","21/03/2026"
"ELECTROLYTE SOLUTIONS","ELECTROLYTE SOLUTIONS","Site","PI-0420","A1X1082","Blade_Aluminium_White_900mm_Renesa_GV3","9.00","600","0.00","21/03/2026"
"ELECTROLYTE SOLUTIONS","ELECTROLYTE SOLUTIONS","Site","PI-0421","RA1241","Canopy_Golden_CF_Renesa+_GV3","0.00","150","0.00","21/03/2026"
"ELECTROLYTE SOLUTIONS","ELECTROLYTE SOLUTIONS","Site","PI-0422","A033006","Canopy Midnight Black Set Pack_GV5","6.00","150","0.00","21/03/2026"
"ELECTROLYTE SOLUTIONS","ELECTROLYTE SOLUTIONS","Site","PI-0423","A1X1091","Blade_Aluminium_Aegean Blue_1200mm_Renesa+/Renesa Smart_GV3","8.00","600","0.00","21/03/2026"
"ELECTROLYTE SOLUTIONS","ELECTROLYTE SOLUTIONS","Site","PI-0424","A1X0056","Canopy_Aegean blue_Studio+Reboot_GV5","2.00","150","0.00","21/03/2026"
"ELECTROLYTE SOLUTIONS","ELECTROLYTE SOLUTIONS","Site","PI-0425","A1C0009","Deactivated - PCB_Studio+/Ikano_(STM8s, 35micron Six LED)_GV5","0.00","500","0.00","21/03/2026"
"ELECTROLYTE SOLUTIONS","ELECTROLYTE SOLUTIONS","Site","PI-0426","A1X0138","Blade_Aluminium_Black_1200mm_Ikano_GV5","2.00","600","0.00","21/03/2026"
"ELECTROLYTE SOLUTIONS","ELECTROLYTE SOLUTIONS","Site","PI-0427","A1X0140","Blade_Aluminium_Gloss Ivory_1200mm_Ikano_GV5","0.00","600","0.00","21/03/2026"
"ELECTROLYTE SOLUTIONS","ELECTROLYTE SOLUTIONS","Site","PI-0428","A1X0137","Blade_Aluminium_White_1200mm_Ikano_GV5","4.00","600","0.00","21/03/2026"
"ELECTROLYTE SOLUTIONS","ELECTROLYTE SOLUTIONS","Site","PI-0429","A1X1056","Blade_Aluminium_Erica_Efficio Pink_GV5","0.00","600","0.00","21/03/2026"
"ELECTROLYTE SOLUTIONS","ELECTROLYTE SOLUTIONS","Site","PI-0430","A1X1087","Canopy_White Set_Erica_GV5","3.00","150","0.00","21/03/2026"
"ELECTROLYTE SOLUTIONS","ELECTROLYTE SOLUTIONS","Site","PI-0431","B1X0028","MG 1 Liquidizer jar lid","0.00","500","0.00","21/03/2026"
"ELECTROLYTE SOLUTIONS","ELECTROLYTE SOLUTIONS","Site","PI-0432","B1X0106","Motor_MG_Wine Red","0.00","2500","0.00","21/03/2026"
"ELECTROLYTE SOLUTIONS","ELECTROLYTE SOLUTIONS","Site","PI-0433","B1X0042","MG1.0 Jar Lid for Wet/Dry/Chutney","0.00","450","0.00","21/03/2026"
"ELECTROLYTE SOLUTIONS","ELECTROLYTE SOLUTIONS","Site","PI-0434","SRA026302","Motor_Gloss Black_1200mm_Ameza_GV5","0.00","2500","0.00","21/03/2026"
"ELECTROLYTE SOLUTIONS","ELECTROLYTE SOLUTIONS","Site","PI-0435","SRA026303","Motor_Gloss Brown_1200mm_Ameza_GV5","0.00","2500","0.00","21/03/2026"
"ELECTROLYTE SOLUTIONS","ELECTROLYTE SOLUTIONS","Site","PI-0436","SRMF0022V1","Motor_Pearl White_1200mm_Efficio+(without trim)_GV2","0.00","2500","0.00","21/03/2026"
"ELECTROLYTE SOLUTIONS","ELECTROLYTE SOLUTIONS","Site","PI-0437","SRMF0115","Motor_Gloss Brown_1200mm_Ozeo_GV4","0.00","2500","0.00","21/03/2026"
"ELECTROLYTE SOLUTIONS","ELECTROLYTE SOLUTIONS","Site","PI-0438","SRMF0114","Motor_Gloss White_1200mm_Ozeo_GV4","0.00","2500","0.00","21/03/2026"
"ELECTROLYTE SOLUTIONS","ELECTROLYTE SOLUTIONS","Site","PI-0439","SRA1X1280","Motor_Gloss Brown_1200mm_Ikano_GV5","0.00","2500","0.00","21/03/2026"
"ELECTROLYTE SOLUTIONS","ELECTROLYTE SOLUTIONS","Site","PI-0440","SRA1X1281","Motor_Gloss Ivory_1200mm_Ikano_GV5","0.00","2500","0.00","21/03/2026"
"ELECTROLYTE SOLUTIONS","ELECTROLYTE SOLUTIONS","Site","PI-0441","SRA1X1278","Motor_Gloss White_1200mm_Ikano_GV5","0.00","2500","0.00","21/03/2026"
"ELECTROLYTE SOLUTIONS","ELECTROLYTE SOLUTIONS","Site","PI-0442","SRA036401","Motor_Snow White_1200mm_Erica Smart_GV5","0.00","2500","0.00","21/03/2026"
"ELECTROLYTE SOLUTIONS","ELECTROLYTE SOLUTIONS","Site","PI-0443","SRA2X0173","Motor_Black_400mm_Renesa Pedestal Fan Non Swing_TPW","0.00","2500","0.00","21/03/2026"
"ELECTROLYTE SOLUTIONS","ELECTROLYTE SOLUTIONS","Site","PI-0444","SRA2X0176","Motor_Black_400mm_Renesa Pedestal Fan Swing_TPW","0.00","2500","0.00","21/03/2026"
"ELECTROLYTE SOLUTIONS","ELECTROLYTE SOLUTIONS","Site","PI-0445","SRA022904","Motor_Mn Black_1200mm_Renesa Reboot_GV5","0.00","2500","0.00","21/03/2026"
"ELECTROLYTE SOLUTIONS","ELECTROLYTE SOLUTIONS","Site","PI-0446","SRA022901","Motor_ Renesa Reboot  Ceiling Fan 1200MM 35 watt - White_GV5","0.00","2500","0.00","21/03/2026"
"ELECTROLYTE SOLUTIONS","ELECTROLYTE SOLUTIONS","Site","PI-0447","SRMF0128","Motor_Sand Grey_1200mm_Renesa+_GV3","0.00","2500","0.00","21/03/2026"
"ELECTROLYTE SOLUTIONS","ELECTROLYTE SOLUTIONS","Site","PI-0448","SRA023202","Motor_Earth Brown_1200mm_Renesa+Reboot_GV5","0.00","2500","0.00","21/03/2026"
"ELECTROLYTE SOLUTIONS","ELECTROLYTE SOLUTIONS","Site","PI-0449","SRA023205","Motor_Midnight Black_1200mm_Renesa+Reboot_GV5","0.00","2500","0.00","21/03/2026"
"ELECTROLYTE SOLUTIONS","ELECTROLYTE SOLUTIONS","Site","PI-0450","SRA023201","Motor_Sand Grey_1200mm_Renesa+Reboot_GV5","0.00","2500","0.00","21/03/2026"
"ELECTROLYTE SOLUTIONS","ELECTROLYTE SOLUTIONS","Site","PI-0451","SRA1X1081","Motor_Marble White_1200mm_Studio+Reboot_GV5","0.00","2500","0.00","21/03/2026"
"ELECTROLYTE SOLUTIONS","ELECTROLYTE SOLUTIONS","Site","PI-0452","SRA1X1284","Motor_Sand Grey_1200mm_Studio+Reboot_GV5","0.00","2500","0.00","21/03/2026"
"ELECTROLYTE SOLUTIONS","ELECTROLYTE SOLUTIONS","Site","PI-0453","SRMF0108","Deactivated - Motor Assembly_White_1200mm_Naveo_GV4","0.00","4720","0.00","21/03/2026"
"ELECTROLYTE SOLUTIONS","ELECTROLYTE SOLUTIONS","Site","PI-0454","A3X0037","Neck Base wall Midnight black","4.00","80","0.00","21/03/2026"
"ELECTROLYTE SOLUTIONS","ELECTROLYTE SOLUTIONS","Site","PI-0455","RA1022","Canopy_Black_Efficio Alpha/Ikano/Ameza _GV5","0.00","150","0.00","21/03/2026"
"ELECTROLYTE SOLUTIONS","ELECTROLYTE SOLUTIONS","Site","PI-0456","RA1019","Canopy_Gloss White_Ikano/Enerio_GV5","0.00","150","0.00","21/03/2026"
"ELECTROLYTE SOLUTIONS","ELECTROLYTE SOLUTIONS","Site","PI-0457","RA0147","Canopy_Pearl White_CF_Renesa Smart+_GV3","2.00","150","0.00","21/03/2026"
"ELECTROLYTE SOLUTIONS","ELECTROLYTE SOLUTIONS","Site","PI-0458","RA0108","Downrod_Pearl White_CF_Efficio+_GV2","0.00","60","0.00","21/03/2026"
"ELECTROLYTE SOLUTIONS","ELECTROLYTE SOLUTIONS","Site","PI-0459","RA0993","Deactivated - Pedestal E+_400mm_Oscillation Motor_TPW_400mm_Pedestal E+_TPW","0.00","199","0.00","21/03/2026"
"ELECTROLYTE SOLUTIONS","ELECTROLYTE SOLUTIONS","Site","PI-0460","RA0971","Remote_Pedestal E+_TPW","4.00","150","2.00","21/03/2026"
"ELECTROLYTE SOLUTIONS","ELECTROLYTE SOLUTIONS","Site","PI-0461","SRMTR007","Motor Assembly_White_400mm_Efficio+_Pedestal_TPW","0.00","4720","0.00","21/03/2026"
"ELECTROLYTE SOLUTIONS","ELECTROLYTE SOLUTIONS","Site","PI-0462","RA0928","Deactivated - (old code) Blade_Aluminium_Gloss Black_1200mm_Renesa Alpha_GV4","0.00","599","0.00","21/03/2026"
"ELECTROLYTE SOLUTIONS","ELECTROLYTE SOLUTIONS","Site","PI-0463","SRMF0122","Motor_Gloss Black_1200mm_Renesa Alpha_GV4","0.00","2500","0.00","21/03/2026"
"ELECTROLYTE SOLUTIONS","ELECTROLYTE SOLUTIONS","Site","PI-0464","RA0923","Deactivated - (old code) Blade_Aluminium_Gloss Brown_1200mm_Renesa Alpha_GV4","0.00","599","0.00","21/03/2026"
"ELECTROLYTE SOLUTIONS","ELECTROLYTE SOLUTIONS","Site","PI-0465","RA0932","Deactivated - (old code) Blade_Aluminium_Ivory_1200mm_Renesa Alpha_GV4","0.00","599","0.00","21/03/2026"
"ELECTROLYTE SOLUTIONS","ELECTROLYTE SOLUTIONS","Site","PI-0466","SRMF0123","Motor _Ivory_1200mm_Renesa Alpha_GV4","0.00","4720","0.00","21/03/2026"
"ELECTROLYTE SOLUTIONS","ELECTROLYTE SOLUTIONS","Site","PI-0467","RA0918","Deactivated - (old code) Blade_Aluminium_White_1200mm_Renesa Alpha_GV4","0.00","599","0.00","21/03/2026"
"ELECTROLYTE SOLUTIONS","ELECTROLYTE SOLUTIONS","Site","PI-0468","SRMF0120","Motor_White_1200mm_Renesa Alpha_GV4","0.00","2500","0.00","21/03/2026"
"ELECTROLYTE SOLUTIONS","ELECTROLYTE SOLUTIONS","Site","PI-0469","A022804","Motor Housing_Black_1200mm_Renesa+_GV5","6.00","600","1.00","21/03/2026"
"ELECTROLYTE SOLUTIONS","ELECTROLYTE SOLUTIONS","Site","PI-0470","SRMF0035","Motor_Pearl White_1200mm_Renesa Smart+_GV3","0.00","2500","0.00","21/03/2026"
"ELECTROLYTE SOLUTIONS","ELECTROLYTE SOLUTIONS","Site","PI-0471","FG0215","Atomberg_Renesa Walrus Wall Mount 0400MM - Black_TPW","0.00","4000","0.00","21/03/2026"
"ELECTROLYTE SOLUTIONS","ELECTROLYTE SOLUTIONS","Site","PI-0472","FG0214","Atomberg_Renesa Walrus Wall Mount  0400MM - White_TPW","0.00","4000","0.00","21/03/2026"
"ELECTROLYTE SOLUTIONS","ELECTROLYTE SOLUTIONS","Site","PI-0473","MASS0106","Deactivated - Digital PCB_1200mm_Renesa_GV3","0.00","350","0.00","21/03/2026"
"ELECTROLYTE SOLUTIONS","ELECTROLYTE SOLUTIONS","Site","PI-0474","MASS0088","Deactivated - Digital PCB_600mm_Renesa_GV3","0.00","350","0.00","21/03/2026"
"ELECTROLYTE SOLUTIONS","ELECTROLYTE SOLUTIONS","Site","PI-0475","SRMF0030","Motor_Brown_1200mm_Renesa_GV3","0.00","2500","0.00","21/03/2026"
"ELECTROLYTE SOLUTIONS","ELECTROLYTE SOLUTIONS","Site","PI-0476","RA0082","Blade_Aluminium_Brown_1400mm_Renesa/Renesa+/Renesa Smart_GV3 & GV5","4.00","599","0.00","21/03/2026"
"ELECTROLYTE SOLUTIONS","ELECTROLYTE SOLUTIONS","Site","PI-0477","SRMF0032","Motor_Brown_1400mm_Renesa_GV3","0.00","2500","0.00","21/03/2026"
"ELECTROLYTE SOLUTIONS","ELECTROLYTE SOLUTIONS","Site","PI-0478","RA0078","Blade_Aluminium_Brown_600mm_Renesa_GV3","1.00","599","0.00","21/03/2026"
"ELECTROLYTE SOLUTIONS","ELECTROLYTE SOLUTIONS","Site","PI-0479","SRMF0106","Motor_Brown_600mm_Renesa_GV3","0.00","2500","0.00","21/03/2026"
"ELECTROLYTE SOLUTIONS","ELECTROLYTE SOLUTIONS","Site","PI-0480","RA0073","Blade_Aluminium_Ivory_1200mm_Renesa_GV3","2.00","599","0.00","21/03/2026"
"ELECTROLYTE SOLUTIONS","ELECTROLYTE SOLUTIONS","Site","PI-0481","SRMF0029","Motor_Ivory_1200mm_Renesa_GV3","0.00","2500","0.00","21/03/2026"
"ELECTROLYTE SOLUTIONS","ELECTROLYTE SOLUTIONS","Site","PI-0482","SRMF0031","Motor_White_1200mm_Renesa_GV3","0.00","2500","0.00","21/03/2026"
"ELECTROLYTE SOLUTIONS","ELECTROLYTE SOLUTIONS","Site","PI-0483","RA0080","Blade_Aluminium_White_1400mm_Renesa_GV3 & GV5","2.00","599","0.00","21/03/2026"
"ELECTROLYTE SOLUTIONS","ELECTROLYTE SOLUTIONS","Site","PI-0484","SRMF0033","Motor_White_1400mm_Renesa_GV3","0.00","2500","0.00","21/03/2026"
"ELECTROLYTE SOLUTIONS","ELECTROLYTE SOLUTIONS","Site","PI-0485","RA0077","Blade_Aluminium_White_600mm_Renesa_GV3","3.00","599","0.00","21/03/2026"
"ELECTROLYTE SOLUTIONS","ELECTROLYTE SOLUTIONS","Site","PI-0486","SRMF0028","Motor_White_600mm_Renesa_GV3","0.00","2500","0.00","21/03/2026"
"ELECTROLYTE SOLUTIONS","ELECTROLYTE SOLUTIONS","Site","PI-0487","RA1250","Deactivated - Blade_Aluminium_Earth Brown_1200mm_Renesa+/Renesa Smart_GV3","0.00","600","0.00","21/03/2026"
"ELECTROLYTE SOLUTIONS","ELECTROLYTE SOLUTIONS","Site","PI-0488","RA0076","Blade_Aluminium_Natural Oak_1200mm_Renesa+/Renesa Smart_GV3","4.00","599","0.00","21/03/2026"
"ELECTROLYTE SOLUTIONS","ELECTROLYTE SOLUTIONS","Site","PI-0489","MASS0089","Deactivated - Digital PCB_900mm_Renesa+_GV3","0.00","350","0.00","21/03/2026"
"ELECTROLYTE SOLUTIONS","ELECTROLYTE SOLUTIONS","Site","PI-0490","SRMF0046","Motor_Black_1200mm_Renesa_GV3","0.00","2500","0.00","21/03/2026"
"ELECTROLYTE SOLUTIONS","ELECTROLYTE SOLUTIONS","Site","PI-0491","SRMF0048","Motor_ Renesa Ceiling Fan 1400MM - Midnight Black_GV3","0.00","2500","0.00","21/03/2026"
"ELECTROLYTE SOLUTIONS","ELECTROLYTE SOLUTIONS","Site","PI-0492","SRMF0049","Motor_ Renesa Ceiling Fan 0900MM - Midnight Black_GV3","0.00","2500","0.00","21/03/2026"
"ELECTROLYTE SOLUTIONS","ELECTROLYTE SOLUTIONS","Site","PI-0493","RA0071","Blade_Aluminium_Earth Brown_1200mm_Renesa+/Renesa Smart_GV3","25.00","599","0.00","21/03/2026"
"ELECTROLYTE SOLUTIONS","ELECTROLYTE SOLUTIONS","Site","PI-0494","RA0083","Blade_Aluminium_Earth Brown_1400mm_Renesa+/Renesa Smart_GV3","5.00","599","0.00","21/03/2026"
"ELECTROLYTE SOLUTIONS","ELECTROLYTE SOLUTIONS","Site","PI-0495","SRMF0040","Motor_Earth Brown_1400mm_Renesa+_GV3","0.00","2500","0.00","21/03/2026"
"ELECTROLYTE SOLUTIONS","ELECTROLYTE SOLUTIONS","Site","PI-0496","SRMF0036","Motor_Earth Brown_900mm_Renesa+_GV3","0.00","2500","0.00","21/03/2026"
"ELECTROLYTE SOLUTIONS","ELECTROLYTE SOLUTIONS","Site","PI-0497","RA0085","Blade_Aluminium_Golden Oak_1400mm_Renesa+/Renesa Smart_GV3","2.00","599","0.00","21/03/2026"
"ELECTROLYTE SOLUTIONS","ELECTROLYTE SOLUTIONS","Site","PI-0498","RA0089","Blade_Aluminium_G-Oak_900mm_Renesa+/Renesa Smart_GV3","6.00","599","0.00","21/03/2026"
"ELECTROLYTE SOLUTIONS","ELECTROLYTE SOLUTIONS","Site","PI-0499","RA0086","Blade_Aluminium_Pearl White_1400mm_Renesa+/Renesa Smart_GV3","3.00","600","0.00","21/03/2026"
"ELECTROLYTE SOLUTIONS","ELECTROLYTE SOLUTIONS","Site","PI-0500","SRMF0041","Motor_Pearl White_1400mm_Renesa+_GV3","0.00","2500","0.00","21/03/2026"
"ELECTROLYTE SOLUTIONS","ELECTROLYTE SOLUTIONS","Site","PI-0501","RA0087","Blade_Aluminium_Pearl White_900mm_Renesa+/Renesa Smart_GV3","1.00","599","0.00","21/03/2026"
"ELECTROLYTE SOLUTIONS","ELECTROLYTE SOLUTIONS","Site","PI-0502","SRMF0037","Motor_Pearl White_900mm_Renesa+_GV3","0.00","2500","0.00","21/03/2026"
"ELECTROLYTE SOLUTIONS","ELECTROLYTE SOLUTIONS","Site","PI-0503","RA0130","Blade_Aluminium_Earth Brown_1200mm_Studio_GV2","0.00","599","0.00","21/03/2026"
"ELECTROLYTE SOLUTIONS","ELECTROLYTE SOLUTIONS","Site","PI-0504","SA0054","Deactivated - Body_Aluminium_Golden_Efficio+_GV2","0.00","300","0.00","21/03/2026"
"ELECTROLYTE SOLUTIONS","ELECTROLYTE SOLUTIONS","Site","PI-0505","RA0132","Blade_Aluminium_Pearl White_1200mm_Studio_GV2","0.00","599","0.00","21/03/2026"
"ELECTROLYTE SOLUTIONS","ELECTROLYTE SOLUTIONS","Site","PI-0506","SA0050","Deactivated - Body_Aluminium_Pearl White_Efficio+_(with trim) GV2","0.00","300","0.00","21/03/2026"
"ELECTROLYTE SOLUTIONS","ELECTROLYTE SOLUTIONS","Site","PI-0507","RA0133","Blade_Aluminium_Sand Grey_1200mm_Studio_GV2","1.00","599","0.00","21/03/2026"
"ELECTROLYTE SOLUTIONS","ELECTROLYTE SOLUTIONS","Site","PI-0508","A1X0052","Blade_Aluminium_Aegean Blue_1200mm_Studio+_GV5","4.00","600","0.00","21/03/2026"
"ELECTROLYTE SOLUTIONS","ELECTROLYTE SOLUTIONS","Site","PI-0509","A1X0170","Blade_Aluminium_Marble White_1200mm_Studio+_GV5","3.00","600","0.00","21/03/2026"
"ELECTROLYTE SOLUTIONS","ELECTROLYTE SOLUTIONS","Site","PI-0510","A1X0051","Blade_Aluminium_Sand Grey_1200mm_Studio+Reboot_GV5","5.00","600","0.00","21/03/2026"
"ELECTROLYTE SOLUTIONS","ELECTROLYTE SOLUTIONS","Site","PI-0511","EA03001","Smart PCB Phoenix Led_PCB_1200mm_GV5","0.00","700","0.00","21/03/2026"
"ELECTROLYTE SOLUTIONS","ELECTROLYTE SOLUTIONS","Site","PI-0512","SPR0004","Deactivated - Blade screw_CF_Efficio_GV2","0.00","9","0.00","21/03/2026"
"ELECTROLYTE SOLUTIONS","ELECTROLYTE SOLUTIONS","Site","PI-0513","ACC0039","Deactivated - Remote_1200mm_Studio+_GV4","0.00","150","0.00","21/03/2026"
"ELECTROLYTE SOLUTIONS","ELECTROLYTE SOLUTIONS","Site","PI-0514","SPR0163","Deactivated - Screw & Nut_CF_Studio+_GV4","0.00","9","0.00","21/03/2026"
"ELECTROLYTE SOLUTIONS","ELECTROLYTE SOLUTIONS","Site","PI-0515","A1X0804","Deactivated - Plastic Supporting plate_CF_Studio+_GV4","0.00","60","0.00","21/03/2026"
"ELECTROLYTE SOLUTIONS","ELECTROLYTE SOLUTIONS","Site","PI-0516","SRMF0111","Motor_Earth Brown_1200mm_Studio+_GV4","0.00","2500","0.00","21/03/2026"
"ELECTROLYTE SOLUTIONS","ELECTROLYTE SOLUTIONS","Site","PI-0517","RA0862","(Old canopy) CanopyPlate_Earth Brown_CF_Studio+_GV4","2.00","60","0.00","21/03/2026"
"ELECTROLYTE SOLUTIONS","ELECTROLYTE SOLUTIONS","Site","PI-0518","RA0852","(Old canopy) TopCanopy_Earth Brown_CF_Studio+_GV4","3.00","150","0.00","21/03/2026"
"ELECTROLYTE SOLUTIONS","ELECTROLYTE SOLUTIONS","Site","PI-0519","A1X0805","Blade_Aluminium_Pearl White_1200mm_Studio+_GV4","0.00","599","0.00","21/03/2026"
"ELECTROLYTE SOLUTIONS","ELECTROLYTE SOLUTIONS","Site","PI-0520","A1X0801","(Old canopy) Canopy Bottom_Pearl White_CF_Studio+_GV4","0.00","85","0.00","21/03/2026"
"ELECTROLYTE SOLUTIONS","ELECTROLYTE SOLUTIONS","Site","PI-0521","A1X0804","Canopy Plate_Pearl White_CF_Studio+_GV4","0.00","60","0.00","21/03/2026"
"ELECTROLYTE SOLUTIONS","ELECTROLYTE SOLUTIONS","Site","PI-0522","A1X0802","(Old canopy) Canopy TOP_Pearl White_CF_Studio+_GV4","3.00","150","0.00","21/03/2026"
"ELECTROLYTE SOLUTIONS","ELECTROLYTE SOLUTIONS","Site","PI-0523","RA0855","(Old canopy) Bottom_Canopy_Sand Grey_CF_Studio+_GV4","1.00","85","0.00","21/03/2026"
"ELECTROLYTE SOLUTIONS","ELECTROLYTE SOLUTIONS","Site","PI-0524","RA0863","(Old canopy) Canopy_Plate_Sand Grey_CF_Studio+_GV4","2.00","60","0.00","21/03/2026"
"ELECTROLYTE SOLUTIONS","ELECTROLYTE SOLUTIONS","Site","PI-0525","RA0854","(Old canopy) Top_Canopy_Sand Grey_CF_Studio+_GV4","0.00","150","0.00","21/03/2026"
"ELECTROLYTE SOLUTIONS","ELECTROLYTE SOLUTIONS","Site","PI-0526","SRSPR0148","Deactivated - Screw-Motor Housing Cap_Studio+_EXH","0.00","9","0.00","21/03/2026"
"ELECTROLYTE SOLUTIONS","ELECTROLYTE SOLUTIONS","Site","PI-0527","RA1008","Motor Housing_Brown_Ozeo_GV5","0.00","300","0.00","21/03/2026"
"ELECTROLYTE SOLUTIONS","ELECTROLYTE SOLUTIONS","Site","PI-0528","RA1006","Motor Housing_White_Ozeo_GV5","0.00","300","0.00","21/03/2026"
"ELECTROLYTE SOLUTIONS","ELECTROLYTE SOLUTIONS","Site","PI-0529","A2H0003","M8 X 31 Neck Bolt_Renesa Pedesatal_Non Swing_TPW","3.00","80","0.00","21/03/2026"
"ELECTROLYTE SOLUTIONS","ELECTROLYTE SOLUTIONS","Site","PI-0530","A2X0027","Deactivated (Duplicacy) Synchronous Motor_TPW","0.00","2500","0.00","21/03/2026"
"ELECTROLYTE SOLUTIONS","ELECTROLYTE SOLUTIONS","Site","PI-0531","RA0958","Blade_Plastic__400mm_Efficio+_TPW","0.00","448","0.00","21/03/2026"
"ELECTROLYTE SOLUTIONS","ELECTROLYTE SOLUTIONS","Site","PI-0532","RA0989","Connecting Wire - 4 pin Power to Digital PCB_400mm_Wall Mount E+_TPW","0.00","25","0.00","21/03/2026"
"ELECTROLYTE SOLUTIONS","ELECTROLYTE SOLUTIONS","Site","PI-0533","RA0993","Deactivated - Wall Mount E+_400mm_Oscillation Motor_TPW_400mm_Wall Mount E+_TPW","0.00","199","0.00","21/03/2026"
"ELECTROLYTE SOLUTIONS","ELECTROLYTE SOLUTIONS","Site","PI-0534","RA0995","Remote_Wall Mount_TPW","0.00","150","0.00","21/03/2026"
"ELECTROLYTE SOLUTIONS","ELECTROLYTE SOLUTIONS","Site","PI-0535","SRMTR008","Motor Assembly_White_400mm_Wall Mount_TPW","0.00","4720","0.00","21/03/2026"
"ELECTROLYTE SOLUTIONS","ELECTROLYTE SOLUTIONS","Site","PI-0536","SA0079","BLDC Motor_Wall Mount_TPW","0.00","599","0.00","21/03/2026"
"ELECTROLYTE SOLUTIONS","ELECTROLYTE SOLUTIONS","Site","PI-0537","SA0080","Oscillation Motor_Efficio_Pedeastal_TPW","2.00","199","2.00","21/03/2026"
"ELECTROLYTE SOLUTIONS","ELECTROLYTE SOLUTIONS","Site","PI-0538","RA0148","Canopy_White_CF_Renesa_GV3","2.00","150","2.00","21/03/2026"
"ELECTROLYTE SOLUTIONS","ELECTROLYTE SOLUTIONS","Site","PI-0539","RA0114","Downrod_White_CF_Efficio_GV2","2.00","60","0.00","21/03/2026"
"ELECTROLYTE SOLUTIONS","ELECTROLYTE SOLUTIONS","Site","PI-2821","EA04101","PCB_Renesa/Renesa+/Ikano/Sudio+ STM8s, 70micron  (6 LED)_GV5","5.00","500","0.00","21/03/2026"
"ELECTROLYTE SOLUTIONS","ELECTROLYTE SOLUTIONS","Site","PI-2822","TL0002","Deactivated - Power Meter (Wattage Measuring tool)","0.00","2000","0.00","21/03/2026"
"ELECTROLYTE SOLUTIONS","ELECTROLYTE SOLUTIONS","Site","PI-2823","A2X0027","Synchronous Motor_Renesa/Stelios/Stelios Pro_TPW","0.00","150","0.00","21/03/2026"
"ELECTROLYTE SOLUTIONS","ELECTROLYTE SOLUTIONS","Site","PI-2825","RA1105","Master Remote (Tech Use only)","18.00","250","18.00","21/03/2026"
"ELECTROLYTE SOLUTIONS","ELECTROLYTE SOLUTIONS","Site","PI-2910","FG0291","Atomberg Efficio Exhaust 0150MM - Black","0.00","4000","0.00","21/03/2026"
"ELECTROLYTE SOLUTIONS","ELECTROLYTE SOLUTIONS","Site","PI-88292","A091907","Plastic Bottom Cover along with Screw_Gloss Ivory_Ikano/Efficio Alpha_GV5","0.00","0","0.00","21/03/2026"
"ELECTROLYTE SOLUTIONS","ELECTROLYTE SOLUTIONS","Site","PI-88293","A091905","Plastic Bottom Cover along with Screw_Gloss White_Ikano/Efficio Alpha_GV5","1.00","0","1.00","21/03/2026"
"ELECTROLYTE SOLUTIONS","ELECTROLYTE SOLUTIONS","Site","PI-88583","RA0919","Body_Top Plastic Assembly_Gloss Brown_Alpha/Renesa Zen/Prime_GV5","11.00","220","11.00","21/03/2026"
"ELECTROLYTE SOLUTIONS","ELECTROLYTE SOLUTIONS","Site","PI-88591","A1X1038","Bottom Cover_Umber Brown_1200mm_Erica Smart_GV5","0.00","220","0.00","21/03/2026"
"ELECTROLYTE SOLUTIONS","ELECTROLYTE SOLUTIONS","Site","PI-89000","RA1352","Diffuser opener tool Studio+_GV5","10.00","0","10.00","21/03/2026"
"ELECTROLYTE SOLUTIONS","ELECTROLYTE SOLUTIONS","Site","PI-89685","A1X1263","Stator_0900mm_Renesa/Renesa+/Renesa Smart_GV3","0.00","500","0.00","21/03/2026"
"ELECTROLYTE SOLUTIONS","ELECTROLYTE SOLUTIONS","Site","PI-89686","A091904","Plastic Bottom Cover along with Screw_Gloss Ivory_Ameza_GV5","10.00","0","10.00","21/03/2026"
"ELECTROLYTE SOLUTIONS","ELECTROLYTE SOLUTIONS","Site","PI-89687","A091901","Plastic Bottom Cover along with Screw_Gloss White_Ameza_GV5","1.00","0","1.00","21/03/2026"
"ELECTROLYTE SOLUTIONS","ELECTROLYTE SOLUTIONS","Site","PI-89688","A091903","Plastic Bottom Cover along with Screw_Gloss Brown_Ameza_GV5","0.00","0","0.00","21/03/2026"
"ELECTROLYTE SOLUTIONS","ELECTROLYTE SOLUTIONS","Site","PI-90282","RA0929","Plastic Motor Housing_Ivory_Renesa Alpha_GV4","0.00","150","0.00","21/03/2026"
"ELECTROLYTE SOLUTIONS","ELECTROLYTE SOLUTIONS","Site","PI-93499","SA0086","Motor Housing_Gloss Black_Efficio Alpha/Ikano/Ameza _GV5","4.00","300","0.00","21/03/2026"
"ELECTROLYTE SOLUTIONS","ELECTROLYTE SOLUTIONS","Site","PI-94036","B1H0024","Jar Coupler_Plastic_MG_1.0","13.00","50","0.00","21/03/2026"
"ELECTROLYTE SOLUTIONS","ELECTROLYTE SOLUTIONS","Site","PI-94042","A1X1095","Motor Housing_Umber Brown_1200mm_Erica Smart_GV5","1.00","220","0.00","21/03/2026"
"ELECTROLYTE SOLUTIONS","ELECTROLYTE SOLUTIONS","Site","PI-95515","SRA003503","Motor_Dark Teakwood_Non-Startlight_CF_1200mm_Aris_IOT_GV5","0.00","2500","0.00","21/03/2026"
"ELECTROLYTE SOLUTIONS","ELECTROLYTE SOLUTIONS","Site","PI-95516","A060101","(Old canopy) Canopy_LeftPart_Midnight Black_Studio+Smart_GV5","0.00","150","0.00","21/03/2026"
"ELECTROLYTE SOLUTIONS","ELECTROLYTE SOLUTIONS","Site","PI-95517","A060201","(Old canopy) Canopy_RightPart_Midnight Black_Studio+Smart_GV5","0.00","150","0.00","21/03/2026"
"ELECTROLYTE SOLUTIONS","ELECTROLYTE SOLUTIONS","Site","PI-95518","A059801","(Old canopy) Canopy Plate_Black_CF_Studio+Smart_GV5","0.00","150","0.00","21/03/2026"
"ELECTROLYTE SOLUTIONS","ELECTROLYTE SOLUTIONS","Site","PI-3342","SA0056","Stator_CF_1200mm_Renesa/Renesa+/Renesa Smart_GV3","75.00","500","25.00","21/03/2026"
"ELECTROLYTE SOLUTIONS","ELECTROLYTE SOLUTIONS","Site","PI-3446","RA0849","Blade_Aluminium_Sand Grey_1200mm_Studio+_GV4","0.00","599","0.00","21/03/2026"
"ELECTROLYTE SOLUTIONS","ELECTROLYTE SOLUTIONS","Site","PI-3630","FG0037","Atomberg Renesa Ceiling Fan 1400MM - Matt Brown_GV3","0.00","4000","0.00","21/03/2026"
"ELECTROLYTE SOLUTIONS","ELECTROLYTE SOLUTIONS","Site","PI-3954","RA0158","Shackel Kit M8_CF","2.00","60","2.00","21/03/2026"
"ELECTROLYTE SOLUTIONS","ELECTROLYTE SOLUTIONS","Site","PI-3955","SA0099","Stator_1200mm_Erica/Ikano/Ameza/Studio+Reboot/Renesa Reboot/Prime/Zen_GV5","17.00","500","4.00","21/03/2026"
"ELECTROLYTE SOLUTIONS","ELECTROLYTE SOLUTIONS","Site","PI-4016","FG0051","Atomberg Renesa+ Ceiling Fan 1400MM - Golden Oak_GV3","0.00","4000","0.00","21/03/2026"
"ELECTROLYTE SOLUTIONS","ELECTROLYTE SOLUTIONS","Site","PI-4017","FG0233","Atomberg Ikano Ceiling Fan 1200mm - Gloss Ivory_GV5","0.00","4000","0.00","21/03/2026"
"ELECTROLYTE SOLUTIONS","ELECTROLYTE SOLUTIONS","Site","PI-4018","FG0205","Atomberg_MG 1.0 Red Wine with Chopper jar","0.00","4000","0.00","21/03/2026"
"ELECTROLYTE SOLUTIONS","ELECTROLYTE SOLUTIONS","Site","PI-4019","FG0234","Atomberg Studio+ Ceiling Fan 1200MM - Sand Grey_GV5","0.00","4000","0.00","21/03/2026"
"ELECTROLYTE SOLUTIONS","ELECTROLYTE SOLUTIONS","Site","PI-4020","FG0042","Atomberg Renesa Smart Ceiling Fan 1200mm - Pearl White_GV3","0.00","6000","0.00","21/03/2026"
"ELECTROLYTE SOLUTIONS","ELECTROLYTE SOLUTIONS","Site","PI-4022","SRA023203","Motor_Mettalic Golden_1200mm_Renesa+Reboot_GV5","0.00","2500","0.00","21/03/2026"
"ELECTROLYTE SOLUTIONS","ELECTROLYTE SOLUTIONS","Site","PI-4023","SRA1X1279","Motor_Gloss Black_1200mm_Ikano_GV5","0.00","2500","0.00","21/03/2026"
"ELECTROLYTE SOLUTIONS","ELECTROLYTE SOLUTIONS","Site","PI-4024","SRA023207","Motor_Earth Brown_1200mm_Renesa Smart+_GV5","0.00","2500","0.00","21/03/2026"
"ELECTROLYTE SOLUTIONS","ELECTROLYTE SOLUTIONS","Site","PI-4025","SRA022903","Motor_Matt Brown_1200mm_Renesa Reboot_GV5","0.00","2500","0.00","21/03/2026"
"ELECTROLYTE SOLUTIONS","ELECTROLYTE SOLUTIONS","Site","PI-4026","SRMF0011","Motor_White_1200mm_Efficio_GV2","0.00","2500","0.00","21/03/2026"
"ELECTROLYTE SOLUTIONS","ELECTROLYTE SOLUTIONS","Site","PI-4027","SRA026301","Motor_Gloss White_1200mm_Ameza_GV5","0.00","2500","0.00","21/03/2026"
"ELECTROLYTE SOLUTIONS","ELECTROLYTE SOLUTIONS","Site","PI-29394","EA02401","Digital PCB_Renesa Wall Mount_TPW","12.00","350","12.00","21/03/2026"
"ELECTROLYTE SOLUTIONS","ELECTROLYTE SOLUTIONS","Site","PI-29395","EA17601","PCB With LED Strip__Aris Starlight_GV5","11.00","500","7.00","21/03/2026"
"ELECTROLYTE SOLUTIONS","ELECTROLYTE SOLUTIONS","Site","PI-29396","EA03201","PCB Without LED Strip_PCB_GV5","0.00","500","0.00","21/03/2026"
"ELECTROLYTE SOLUTIONS","ELECTROLYTE SOLUTIONS","Site","PI-29397","EA05301","SMART PCBA /Phoenix-1 LED_PCB_GV5","9.00","700","9.00","21/03/2026"
"ELECTROLYTE SOLUTIONS","ELECTROLYTE SOLUTIONS","Site","PI-29398","SA0022","Main PCB_CF_1400mm_Efficio_Reg_35W_GV2","33.00","500","13.00","21/03/2026"
"ELECTROLYTE SOLUTIONS","ELECTROLYTE SOLUTIONS","Site","PI-29399","A022805","Deactivated - Motor Housing_Brown_Renesa+_GV5","0.00","600","0.00","21/03/2026"
"ELECTROLYTE SOLUTIONS","ELECTROLYTE SOLUTIONS","Site","PI-29400","A023101","Motor Housing_Grey_Renesa+_GV5","9.00","600","9.00","21/03/2026"
"ELECTROLYTE SOLUTIONS","ELECTROLYTE SOLUTIONS","Site","PI-29401","RA0088","Blade_Aluminium_Earth Brown_900mm_Renesa+/Renesa Smart_GV3","2.00","599","0.00","21/03/2026"
"ELECTROLYTE SOLUTIONS","ELECTROLYTE SOLUTIONS","Site","PI-29402","SRA1X1026","Motor_Earth Brown_1200mm_Studio+Reboot_GV5","0.00","2500","0.00","21/03/2026"
"ELECTROLYTE SOLUTIONS","ELECTROLYTE SOLUTIONS","Site","PI-34140","FG0307","Atomberg Renesa+ Ceiling Fan 1200MM 35 watt RPC41235RM -Golden Oak_GV5","0.00","4000","0.00","21/03/2026"
"ELECTROLYTE SOLUTIONS","ELECTROLYTE SOLUTIONS","Site","PI-35613","SRA036404","Motor_Umber Brown_1200mm_Erica Smart_GV5","0.00","2500","0.00","21/03/2026"
"ELECTROLYTE SOLUTIONS","ELECTROLYTE SOLUTIONS","Site","PI-35615","FG0161","Atomberg Studio Exhaust 0150MM - Steel","1.00","4000","1.00","21/03/2026"
"ELECTROLYTE SOLUTIONS","ELECTROLYTE SOLUTIONS","Site","PI-35616","FG0223","Atomberg Studio+ Ceiling Fan 1200MM SPC41235RM - Marble White_GV5","0.00","4000","0.00","21/03/2026"
"ELECTROLYTE SOLUTIONS","ELECTROLYTE SOLUTIONS","Site","PI-35617","SRA023204","Motor_Pearl White_1200mm_Renesa+Reboot_GV5","0.00","2500","0.00","21/03/2026"
"ELECTROLYTE SOLUTIONS","ELECTROLYTE SOLUTIONS","Site","PI-37316","FG0016","Atomberg Efficio+ Ceiling Fan 0900MM - Golden_GV2","0.00","4000","0.00","21/03/2026"
"ELECTROLYTE SOLUTIONS","ELECTROLYTE SOLUTIONS","Site","PI-37317","FG0222","Atomberg Studio+ Ceiling Fan 1200MM SPC41235RM- Earth Brown_GV5","0.00","4000","0.00","21/03/2026"
"ELECTROLYTE SOLUTIONS","ELECTROLYTE SOLUTIONS","Site","PI-39077","FG0204","Atomberg_MG 1.0 Black with Chopper jar","0.00","5000","0.00","21/03/2026"
"ELECTROLYTE SOLUTIONS","ELECTROLYTE SOLUTIONS","Site","PI-39079","FG0011","Atomberg Efficio Ceiling Fan 1200MM - White_GV2","0.00","4000","0.00","21/03/2026"
"ELECTROLYTE SOLUTIONS","ELECTROLYTE SOLUTIONS","Site","PI-40113","SRMF0001","Motor_Brown_900mm_Efficio_GV2","0.00","2500","0.00","21/03/2026"
"ELECTROLYTE SOLUTIONS","ELECTROLYTE SOLUTIONS","Site","PI-42513","FG0437","Atomberg Renesa+ Ceiling Fan 1200mm 35 Watt RPC41235RM - Umber Brown_GV5","0.00","4000","0.00","21/03/2026"
"ELECTROLYTE SOLUTIONS","ELECTROLYTE SOLUTIONS","Site","PI-44831","SA0103","Motor Housing_Sandan Grey_CF_Renesa+/Renesa Smart_GV3","2.00","600","2.00","21/03/2026"
"ELECTROLYTE SOLUTIONS","ELECTROLYTE SOLUTIONS","Site","PI-44832","RA0136","Canopy_CF__Efficio_GV2","0.00","150","0.00","21/03/2026"
"ELECTROLYTE SOLUTIONS","ELECTROLYTE SOLUTIONS","Site","PI-44833","RA0106-Gloss Black","Deactivated - Downrod 260mm Midnight Black","0.00","1","0.00","21/03/2026"
"ELECTROLYTE SOLUTIONS","ELECTROLYTE SOLUTIONS","Site","PI-44834","RA0135","Canopy_Metalic Gold_CF_Efficio+_GV2","0.00","150","0.00","21/03/2026"
"ELECTROLYTE SOLUTIONS","ELECTROLYTE SOLUTIONS","Site","PI-44835","RA0121","Downrod_Metalic Gold_CF_Efficio+_GV2","1.00","60","0.00","21/03/2026"
"ELECTROLYTE SOLUTIONS","ELECTROLYTE SOLUTIONS","Site","PI-44836","SRA2M0150","BLDC Motor_Renesa_TPW","11.00","700","1.00","21/03/2026"
"ELECTROLYTE SOLUTIONS","ELECTROLYTE SOLUTIONS","Site","PI-44837","RA0129","Downrod_Sand Grey_CF_Efficio+_GV2","2.00","60","0.00","21/03/2026"
"ELECTROLYTE SOLUTIONS","ELECTROLYTE SOLUTIONS","Site","PI-44838","RA0125","Downrod_Ivory_CF_Efficio_GV2","3.00","60","0.00","21/03/2026"
"ELECTROLYTE SOLUTIONS","ELECTROLYTE SOLUTIONS","Site","PI-44839","SRA022902","Motor_Ivory_1200mm_Renesa Reboot_GV5","0.00","2500","0.00","21/03/2026"
"ELECTROLYTE SOLUTIONS","ELECTROLYTE SOLUTIONS","Site","PI-44840","RA0141","Canopy_Sand Grey_CF_Efficio+_GV2","0.00","150","0.00","21/03/2026"
"ELECTROLYTE SOLUTIONS","ELECTROLYTE SOLUTIONS","Site","PI-44841","FG0212","Atomberg_Renesa Pedestal Swing 0400MM - White_TPW","0.00","4000","0.00","21/03/2026"
"ELECTROLYTE SOLUTIONS","ELECTROLYTE SOLUTIONS","Site","PI-44842","A1X0827","GV5 PCB Mounting Plate_CF","9.00","50","0.00","21/03/2026"
"ELECTROLYTE SOLUTIONS","ELECTROLYTE SOLUTIONS","Site","PI-44847","A1X1106","Deactivated - Blade_Aluminium_Pearl White_600mm_Renesa+/Renesa Smart_GV3","0.00","600","0.00","21/03/2026"
"ELECTROLYTE SOLUTIONS","ELECTROLYTE SOLUTIONS","Site","PI-45165","DS","","15459.00","1","14457.00","21/03/2026"
"ELECTROLYTE SOLUTIONS","ELECTROLYTE SOLUTIONS","Site","PI-45526","FG0358","Atomberg_Aris Ceiling fan_1200mm_Marble white_GV5","0.00","4000","0.00","21/03/2026"
"ELECTROLYTE SOLUTIONS","ELECTROLYTE SOLUTIONS","Site","PI-45527","FG0302","Atomberg Renesa+ Ceiling Fan 1200MM 35 watt RPC41235RM- Sand Grey_GV5","0.00","4000","0.00","21/03/2026"
"ELECTROLYTE SOLUTIONS","ELECTROLYTE SOLUTIONS","Site","PI-45687","RA0345","Deactivated - Circlip Pin_CF_Renesa+_GV3","0.00","80","0.00","21/03/2026"
"ELECTROLYTE SOLUTIONS","ELECTROLYTE SOLUTIONS","Site","PI-45698","FG0353","Atomberg Ameza Ceiling Fan 1200mm- Gloss White_GV5","0.00","4000","0.00","21/03/2026"
"ELECTROLYTE SOLUTIONS","ELECTROLYTE SOLUTIONS","Site","PI-45699","FG0220","Atomberg Erica Ceiling fan 1200MM - Snow White_GV5","0.00","4000","0.00","21/03/2026"
"ELECTROLYTE SOLUTIONS","ELECTROLYTE SOLUTIONS","Site","PI-45700","FG0354","Atomberg Ameza Ceiling Fan 1200mm- Gloss Black_GV5","0.00","4000","0.00","21/03/2026"
"ELECTROLYTE SOLUTIONS","ELECTROLYTE SOLUTIONS","Site","PI-45702","FG0213","Atomberg_Renesa  Pedestal  Swing 0400MM - Black_TPW","0.00","4000","0.00","21/03/2026"
"ELECTROLYTE SOLUTIONS","ELECTROLYTE SOLUTIONS","Site","PI-46709","FG0297","Atomberg Renesa Ceiling Fan 1200MM 35 watt REC41235RM - Matt Brown_GV5","0.00","4000","0.00","21/03/2026"
"ELECTROLYTE SOLUTIONS","ELECTROLYTE SOLUTIONS","Site","PI-46710","FG0366","Atomberg Renesa+ Smart Ceiling Fan 1200MM 35watt RPC41235SM -Golden Oak_GV5","0.00","6000","0.00","21/03/2026"
"ELECTROLYTE SOLUTIONS","ELECTROLYTE SOLUTIONS","Site","PI-46711","FG0130","Atomberg Renesa Alpha Ceiling Fan 1200mm - Gloss Brown_GV4","0.00","4000","0.00","21/03/2026"
"ELECTROLYTE SOLUTIONS","ELECTROLYTE SOLUTIONS","Site","PI-46712","FG0052","Atomberg Renesa+ Ceiling Fan 1400MM - Pearl White_GV3","0.00","4000","0.00","21/03/2026"
"ELECTROLYTE SOLUTIONS","ELECTROLYTE SOLUTIONS","Site","PI-46713","SRA3X0017","Motor_Snow White_400mm_Renesa Wall Mount Fan_TPW","0.00","2500","0.00","21/03/2026"
"ELECTROLYTE SOLUTIONS","ELECTROLYTE SOLUTIONS","Site","PI-46714","FG0230","Atomberg Ikano Ceiling Fan 1200mm - Gloss White_GV5","0.00","4000","0.00","21/03/2026"
"ELECTROLYTE SOLUTIONS","ELECTROLYTE SOLUTIONS","Site","PI-46776","FG0025","Atomberg Efficio+ Ceiling Fan 1400MM - Golden_GV2","0.00","4000","0.00","21/03/2026"
"ELECTROLYTE SOLUTIONS","ELECTROLYTE SOLUTIONS","Site","PI-46777","FG0423","Atomberg Renesa Ceiling Fan 0900mm 35 Watt REC40935RM - White_GV5","0.00","4000","0.00","21/03/2026"
"ELECTROLYTE SOLUTIONS","ELECTROLYTE SOLUTIONS","Site","PI-46780","FG0232","Atomberg Ikano Ceiling Fan 1200mm - Gloss Brown_GV5","0.00","4000","0.00","21/03/2026"
"ELECTROLYTE SOLUTIONS","ELECTROLYTE SOLUTIONS","Site","PI-46781","FG0162","Atomberg Efficio Exhaust 0200MM - White","0.00","4000","0.00","21/03/2026"
"ELECTROLYTE SOLUTIONS","ELECTROLYTE SOLUTIONS","Site","PI-46782","FG0160","Deactivated - Atomberg Studio Exhaust 0150MM - White","0.00","0","0.00","21/03/2026"
"ELECTROLYTE SOLUTIONS","ELECTROLYTE SOLUTIONS","Site","PI-46787","FG0360","Atomberg_Aris Starlight Ceiling fan_1200mm_Marble white_GV5","0.00","4000","0.00","21/03/2026"
"ELECTROLYTE SOLUTIONS","ELECTROLYTE SOLUTIONS","Site","PI-46789","FG0038","Atomberg Renesa Ceiling Fan 1400MM - White_GV3","0.00","4000","0.00","21/03/2026"
"ELECTROLYTE SOLUTIONS","ELECTROLYTE SOLUTIONS","Site","PI-46792","FG0231","Atomberg Ikano Ceiling Fan 1200mm - Gloss Black_GV5","0.00","4000","0.00","21/03/2026"
"ELECTROLYTE SOLUTIONS","ELECTROLYTE SOLUTIONS","Site","PI-46790","FG0050","Atomberg Renesa+ Ceiling Fan 1400MM - Earth Brown_GV3","0.00","4000","0.00","21/03/2026"
"ELECTROLYTE SOLUTIONS","ELECTROLYTE SOLUTIONS","Site","PI-46798","SRMF0050","Motor_Black_600mm_Renesa_GV3","0.00","2500","0.00","21/03/2026"
"ELECTROLYTE SOLUTIONS","ELECTROLYTE SOLUTIONS","Site","PI-46802","FG0161","Deactivated - Atomberg Studio 150mm BLDC motor Energy Saving Exhaust Fan |Stainless Steel","0.00","4000","0.00","21/03/2026"
"ELECTROLYTE SOLUTIONS","ELECTROLYTE SOLUTIONS","Site","PI-46799","FG0012","Atomberg Efficio Ceiling Fan 1400MM - Brown_GV2","0.00","4000","0.00","21/03/2026"
"ELECTROLYTE SOLUTIONS","ELECTROLYTE SOLUTIONS","Site","PI-46828","FG0177","Efficio+ Exhaust 0150MM - Brown","0.00","4000","0.00","21/03/2026"
"ELECTROLYTE SOLUTIONS","ELECTROLYTE SOLUTIONS","Site","PI-46925","FG0043","Atomberg Renesa+ Ceiling Fan 0900MM - Earth Brown_GV3","0.00","4000","0.00","21/03/2026"
"ELECTROLYTE SOLUTIONS","ELECTROLYTE SOLUTIONS","Site","PI-46926","FG0355","Atomberg Ameza Ceiling Fan 1200mm- Gloss Brown_GV5","0.00","4000","0.00","21/03/2026"
"ELECTROLYTE SOLUTIONS","ELECTROLYTE SOLUTIONS","Site","PI-46927","FG0179","Deactivated - Atomberg Efficio+ 150mm BLDC motor Energy Saving Exhaust Fan |White","0.00","1","0.00","21/03/2026"
"ELECTROLYTE SOLUTIONS","ELECTROLYTE SOLUTIONS","Site","PI-46930","FG0300","Atomberg Renesa Ceiling Fan 1200MM 35 watt REC41235RM - White & Black_GV5","0.00","4000","0.00","21/03/2026"
"ELECTROLYTE SOLUTIONS","ELECTROLYTE SOLUTIONS","Site","PI-46932","B1X0117","Motor_MG_Black","0.00","2500","0.00","21/03/2026"
"ELECTROLYTE SOLUTIONS","ELECTROLYTE SOLUTIONS","Site","PI-46933","SRMF0130","Motor_Studio+_Ceiling Fan 1200mm - Marble White_GV4","0.00","2500","0.00","21/03/2026"
"ELECTROLYTE SOLUTIONS","ELECTROLYTE SOLUTIONS","Site","PI-47611","FG0359","Atomberg_Aris Ceiling fan_1200mm_Dark Teakwood_GV5","0.00","4000","0.00","21/03/2026"
"ELECTROLYTE SOLUTIONS","ELECTROLYTE SOLUTIONS","Site","PI-47612","FG0286","Atomberg Renesa Ceiling Fan 0600MM - Midnight Black_GV3","0.00","4000","0.00","21/03/2026"
"ELECTROLYTE SOLUTIONS","ELECTROLYTE SOLUTIONS","Site","PI-47613","FG0455","Atomberg_Efficio Alpha Ceiling fan_1200mm_Gloss Black_GV5","0.00","4000","0.00","21/03/2026"
"ELECTROLYTE SOLUTIONS","ELECTROLYTE SOLUTIONS","Site","PI-48001","FG0162","Deactivated - Atomberg Efficio 200mm BLDC motor Energy Saving Exhaust Fan |White","0.00","0","0.00","21/03/2026"
"ELECTROLYTE SOLUTIONS","ELECTROLYTE SOLUTIONS","Site","PI-48002","FG0305","Atomberg Renesa+ Ceiling Fan 1200MM 35 watt RPC41235RM - Pearl White_GV5","0.00","4000","0.00","21/03/2026"
"ELECTROLYTE SOLUTIONS","ELECTROLYTE SOLUTIONS","Site","PI-48244","FG0458","Atomberg Renesa Prime Regulator Ceiling Fan 1200mm 35watt RIC41235RG - Gloss White_GV5","1.00","4000","1.00","21/03/2026"
"ELECTROLYTE SOLUTIONS","ELECTROLYTE SOLUTIONS","Site","PI-48245","FG0227","Atomberg Renesa Ceiling Fan 0900MM - White_GV3","0.00","4000","0.00","21/03/2026"
"ELECTROLYTE SOLUTIONS","ELECTROLYTE SOLUTIONS","Site","PI-48246","FG0291","Deactivated - Atomberg Efficio Exhaust 0150MM - Black","0.00","1","0.00","21/03/2026"
"ELECTROLYTE SOLUTIONS","ELECTROLYTE SOLUTIONS","Site","PI-48247","FG0174","Deactivated - Atomberg Efficio 200mm BLDC motor Energy Saving Exhaust Fan |Black","0.00","0","0.00","21/03/2026"
"ELECTROLYTE SOLUTIONS","ELECTROLYTE SOLUTIONS","Site","PI-49014","FG0362","Atomberg Renesa+ Smart Ceiling Fan 1200MM 35 watt RPC41235SM - Earth Brown_GV5","0.00","6000","0.00","21/03/2026"
"ELECTROLYTE SOLUTIONS","ELECTROLYTE SOLUTIONS","Site","PI-49015","FG0303","Atomberg Renesa+ Ceiling Fan 1200MM 35 watt RPC41235RM - Earth Brown_GV5","0.00","4000","0.00","21/03/2026"
"ELECTROLYTE SOLUTIONS","ELECTROLYTE SOLUTIONS","Site","PI-49016","FG0228","Atomberg Renesa Ceiling Fan 0900MM - Matt Brown_GV3","0.00","4000","0.00","21/03/2026"
"ELECTROLYTE SOLUTIONS","ELECTROLYTE SOLUTIONS","Site","PI-49019","FG0284","Atomberg Renesa+ Ceiling Fan 1200MM - Aegean Blue_GV3","0.00","4000","0.00","21/03/2026"
"ELECTROLYTE SOLUTIONS","ELECTROLYTE SOLUTIONS","Site","PI-49344","FG0178","Deactivated - Atomberg Efficio+ 150mm BLDC motor Energy Saving Exhaust Fan |Black","0.00","0","0.00","21/03/2026"
"ELECTROLYTE SOLUTIONS","ELECTROLYTE SOLUTIONS","Site","PI-49345","FG0224","Atomberg Renesa Ceiling Fan 0900MM - Midnight Black_GV3","0.00","4000","0.00","21/03/2026"
"ELECTROLYTE SOLUTIONS","ELECTROLYTE SOLUTIONS","Site","PI-49346","FG0421","Atomberg Renesa Ceiling Fan 0900mm 35 Watt REC40935RM - Matt Brown_GV5","0.00","4000","0.00","21/03/2026"
"ELECTROLYTE SOLUTIONS","ELECTROLYTE SOLUTIONS","Site","PI-49347","FG0096","Atomberg Efficio Ceiling Fan 1400MM - White (35W Step Regulator)_GV2","0.00","4000","0.00","21/03/2026"
"ELECTROLYTE SOLUTIONS","ELECTROLYTE SOLUTIONS","Site","PI-49913","RA0145","Canopy_Brown_CF_Renesa_GV3","3.00","150","3.00","21/03/2026"
"ELECTROLYTE SOLUTIONS","ELECTROLYTE SOLUTIONS","Site","PI-50917","FG0298","Atomberg Renesa Ceiling Fan 1200MM 35 watt REC41235RM -Ivory & Black_GV5","0.00","4000","0.00","21/03/2026"
"ELECTROLYTE SOLUTIONS","ELECTROLYTE SOLUTIONS","Site","PI-50921","A064102","Blade_Aluminium_ 1200MM_Gloss White_Prime/Alpha_GV5","0.00","600","0.00","21/03/2026"
"ELECTROLYTE SOLUTIONS","ELECTROLYTE SOLUTIONS","Site","PI-50925","A1X1104","Blade_Aluminium_Golden Oak_600mm_Renesa+/Renesa Smart_GV3","4.00","600","0.00","21/03/2026"
"ELECTROLYTE SOLUTIONS","ELECTROLYTE SOLUTIONS","Site","PI-50922","FG0454","Atomberg_Efficio Alpha Ceiling fan_1200mm_Gloss White_GV5","0.00","4000","0.00","21/03/2026"
"ELECTROLYTE SOLUTIONS","ELECTROLYTE SOLUTIONS","Site","PI-50923","FG0047","Atomberg Renesa+ Ceiling Fan 1200MM - Golden Oak_GV3","0.00","4000","0.00","21/03/2026"
"ELECTROLYTE SOLUTIONS","ELECTROLYTE SOLUTIONS","Site","PI-50924","FG0356","Atomberg Ameza Ceiling Fan 1200mm - Gloss Ivory_GV5","0.00","4000","0.00","21/03/2026"
"ELECTROLYTE SOLUTIONS","ELECTROLYTE SOLUTIONS","Site","PI-50932","RA0924","Deactivated - Plastic Motor Housing_Black_Renesa Alpha_GV4","0.00","150","0.00","21/03/2026"
"ELECTROLYTE SOLUTIONS","ELECTROLYTE SOLUTIONS","Site","PI-52151","FG0168","Deactivated - Atomberg Studio 150mm BLDC motor Energy Saving Exhaust Fan |Black","0.00","4000","0.00","21/03/2026"
"ELECTROLYTE SOLUTIONS","ELECTROLYTE SOLUTIONS","Site","PI-52152","FG0045","Atomberg Renesa+ Ceiling Fan 0900MM - Pearl White_GV3","0.00","4000","0.00","21/03/2026"
"ELECTROLYTE SOLUTIONS","ELECTROLYTE SOLUTIONS","Site","PI-53109","FG0449","Atomberg Erica Ceiling Fan 1200mm - Midnight Black Matt_GV5","0.00","4000","0.00","21/03/2026"
"ELECTROLYTE SOLUTIONS","ELECTROLYTE SOLUTIONS","Site","PI-53110","FG0385","Atomberg Renesa+ Ceiling Fan 1200MM 35 watt RPC41235RM - Aegean Blue_GV5","0.00","4000","0.00","21/03/2026"
"ELECTROLYTE SOLUTIONS","ELECTROLYTE SOLUTIONS","Site","PI-53111","FG0049","Atomberg Renesa+ Ceiling Fan 1200MM - Pearl White_GV3","0.00","4000","0.00","21/03/2026"
"ELECTROLYTE SOLUTIONS","ELECTROLYTE SOLUTIONS","Site","PI-53112","FG0357","Atomberg_Aris Starlight Ceiling fan_1200mm_Dark Teakwood_GV5","0.00","4000","0.00","21/03/2026"
"ELECTROLYTE SOLUTIONS","ELECTROLYTE SOLUTIONS","Site","PI-53113","FG0122","Atomberg Renesa Ceiling Fan 0600MM - Matt Brown_GV3","0.00","4000","0.00","21/03/2026"
"ELECTROLYTE SOLUTIONS","ELECTROLYTE SOLUTIONS","Site","PI-53114","FG0453","Atomberg Renesa Prime Regulator Ceiling Fan 1200mm 35watt RIC41235RM - Gloss Black_GV5","0.00","4000","0.00","21/03/2026"
"ELECTROLYTE SOLUTIONS","ELECTROLYTE SOLUTIONS","Site","PI-53115","FG0165","Atomberg Efficio Exhaust 0150MM - White","0.00","4000","0.00","21/03/2026"
"ELECTROLYTE SOLUTIONS","ELECTROLYTE SOLUTIONS","Site","PI-53116","FG0147","Atomberg Ozeo Ceiling Fan 1200mm - Gloss Brown_GV4","0.00","4000","0.00","21/03/2026"
"ELECTROLYTE SOLUTIONS","ELECTROLYTE SOLUTIONS","Site","PI-53393","A1X0134","Deactivated - Bottom Body_Plastic_Gloss Black_Ikano_GV5","0.00","220","0.00","21/03/2026"
"ELECTROLYTE SOLUTIONS","ELECTROLYTE SOLUTIONS","Site","PI-53398","FG0299","Atomberg Renesa Ceiling Fan 1200MM 35 watt REC41235RM - Matt Brown & Black_GV5","0.00","4000","0.00","21/03/2026"
"ELECTROLYTE SOLUTIONS","ELECTROLYTE SOLUTIONS","Site","PI-53977","A1X0135","Deactivated - Bottom Body Assembly_Brown_Efficio Alpha/Ikano_GV5","0.00","220","0.00","21/03/2026"
"ELECTROLYTE SOLUTIONS","ELECTROLYTE SOLUTIONS","Site","PI-53978","A1X0136","Deactivated - Bottom Body Assembly_Ivory_Efficio Alpha/Ikano _GV5","0.00","220","0.00","21/03/2026"
"ELECTROLYTE SOLUTIONS","ELECTROLYTE SOLUTIONS","Site","PI-54024","RA1252","Deactivated - Blade_Aluminium_G-Oak_1200mm_Renesa+/Renesa Smart_GV3","0.00","600","0.00","21/03/2026"
"ELECTROLYTE SOLUTIONS","ELECTROLYTE SOLUTIONS","Site","PI-54118","FG0124","Atomberg Studio+ Ceiling Fan 1200mm - Earth Brown_GV4","0.00","4000","0.00","21/03/2026"
"ELECTROLYTE SOLUTIONS","ELECTROLYTE SOLUTIONS","Site","PI-54119","FG0375","Atomberg Studio+ Smart Ceiling Fan 1200mm -Marble White_GV5","0.00","6000","0.00","21/03/2026"
"ELECTROLYTE SOLUTIONS","ELECTROLYTE SOLUTIONS","Site","PI-54120","FG0287","Atomberg Renesa+ Ceiling Fan 0600MM - Golden Oak_GV3","0.00","4000","0.00","21/03/2026"
"ELECTROLYTE SOLUTIONS","ELECTROLYTE SOLUTIONS","Site","PI-54121","FG0304","Atomberg Renesa+ Ceiling Fan 1200MM 35 watt RPC41235RM - Metallic Golden_GV5","0.00","4000","0.00","21/03/2026"
"ELECTROLYTE SOLUTIONS","ELECTROLYTE SOLUTIONS","Site","PI-54122","FG0239","Atomberg Renesa+ Ceiling Fan 0600MM - Pearl White_GV3","0.00","4000","0.00","21/03/2026"
"ELECTROLYTE SOLUTIONS","ELECTROLYTE SOLUTIONS","Site","PI-54672","FG0459","Atomberg Renesa Prime Regulator Ceiling Fan 1200mm 35watt RIC41235RM - Gloss Brown_GV5","0.00","4000","0.00","21/03/2026"
"ELECTROLYTE SOLUTIONS","ELECTROLYTE SOLUTIONS","Site","PI-55121","SRA003504","Motor_Marble White_Non-Startlight_CF_1200mm_Aris_IOT_GV5","0.00","2500","0.00","21/03/2026"
"ELECTROLYTE SOLUTIONS","ELECTROLYTE SOLUTIONS","Site","PI-55122","SRA026304","Motor_Gloss Ivory_1200mm_Ameza_GV5","0.00","2500","0.00","21/03/2026"
"ELECTROLYTE SOLUTIONS","ELECTROLYTE SOLUTIONS","Site","PI-55123","SA0085","Motor Housing_Gloss Ivory_Efficio Alpha/Ikano/Ameza_GV5","5.00","300","0.00","21/03/2026"
"ELECTROLYTE SOLUTIONS","ELECTROLYTE SOLUTIONS","Site","PI-55173","FG0505","Atomberg  Renesa Zen Ceiling Fan 1200MM_35W - Gloss Black_GV5","0.00","4000","0.00","21/03/2026"
"ELECTROLYTE SOLUTIONS","ELECTROLYTE SOLUTIONS","Site","PI-55174","FG0296","Atomberg Renesa Ceiling Fan 1200MM 35 watt REC41235RM - Ivory_GV5","0.00","4000","0.00","21/03/2026"
"ELECTROLYTE SOLUTIONS","ELECTROLYTE SOLUTIONS","Site","PI-55175","FG0164","Atomberg Studio+ Exhaust 0150MM - Steel","0.00","4000","0.00","21/03/2026"
"ELECTROLYTE SOLUTIONS","ELECTROLYTE SOLUTIONS","Site","PI-55176","FG0374","Atomberg Studio+ Smart Ceiling Fan 1200mm - Earth Brown_GV5","0.00","6000","0.00","21/03/2026"
"ELECTROLYTE SOLUTIONS","ELECTROLYTE SOLUTIONS","Site","PI-55622","A039905","Blade_Aluminium_Erica_1200_1200mm - Midnight Black Matt_GV5","2.00","600","0.00","21/03/2026"
"ELECTROLYTE SOLUTIONS","ELECTROLYTE SOLUTIONS","Site","PI-56319","FG0163","Atomberg Studio+ Exhaust 0150MM - White","0.00","4000","0.00","21/03/2026"
"ELECTROLYTE SOLUTIONS","ELECTROLYTE SOLUTIONS","Site","PI-56320","FG0028","Atomberg Renesa Ceiling Fan 0600MM-Matt Brown & Black_GV3","0.00","4000","0.00","21/03/2026"
"ELECTROLYTE SOLUTIONS","ELECTROLYTE SOLUTIONS","Site","PI-56321","FG0462","Atomberg Renesa Ceiling Fan 1400mm - White & Black_GV3","0.00","4000","0.00","21/03/2026"
"ELECTROLYTE SOLUTIONS","ELECTROLYTE SOLUTIONS","Site","PI-56322","FG0386","Atomberg Renesa+ Ceiling Fan 900MM 35 watt RPC40935RM - Earth Brown_GV5","0.00","4000","0.00","21/03/2026"
"ELECTROLYTE SOLUTIONS","ELECTROLYTE SOLUTIONS","Site","PI-56780","A026404","Blade_Aluminium_Gloss Ivory_1200mm_Ameza_GV5","0.00","600","0.00","21/03/2026"
"ELECTROLYTE SOLUTIONS","ELECTROLYTE SOLUTIONS","Site","PI-56909","A051302","Downrod_Metal_260mm White with cap assembly_CF","0.00","60","0.00","21/03/2026"
"ELECTROLYTE SOLUTIONS","ELECTROLYTE SOLUTIONS","Site","PI-56910","A1X0169","Blade_Aluminium_Earth Brown_1200mm_Studio+ Reboot_GV5","6.00","600","2.00","21/03/2026"
"ELECTROLYTE SOLUTIONS","ELECTROLYTE SOLUTIONS","Site","PI-57054","EA07701","PCB_Renesa_900mm/1400mm_GV5.0 Reboot PCBA _Nuvoton+UCC-70 Micron_GV5","0.00","500","0.00","21/03/2026"
"ELECTROLYTE SOLUTIONS","ELECTROLYTE SOLUTIONS","Site","PI-57055","A022806","Motor Housing_Metallic Golden_1200mm_Renesa Reboot_GV5","4.00","600","4.00","21/03/2026"
"ELECTROLYTE SOLUTIONS","ELECTROLYTE SOLUTIONS","Site","PI-57938","FG0002","Atomberg Efficio Ceiling Fan 0900MM - Ivory_GV2","0.00","4000","0.00","21/03/2026"
"ELECTROLYTE SOLUTIONS","ELECTROLYTE SOLUTIONS","Site","PI-57939","FG0225","Atomberg Renesa Ceiling Fan 0900MM - White & Black_GV3","0.00","4000","0.00","21/03/2026"
"ELECTROLYTE SOLUTIONS","ELECTROLYTE SOLUTIONS","Site","PI-57940","FG0019","Atomberg Efficio+ Ceiling Fan 1200MM - Earth Brown_GV2","0.00","4000","0.00","21/03/2026"
"ELECTROLYTE SOLUTIONS","ELECTROLYTE SOLUTIONS","Site","PI-57941","FG0463","Atomberg Renesa Ceiling Fan 1400mm - Brown & Black_GV3","0.00","4000","0.00","21/03/2026"
"ELECTROLYTE SOLUTIONS","ELECTROLYTE SOLUTIONS","Site","PI-58123","A039904","Blade_Aluminium_Umber Brown_1200mm_Erica_GV5","2.00","600","0.00","21/03/2026"
"ELECTROLYTE SOLUTIONS","ELECTROLYTE SOLUTIONS","Site","PI-58186","A056101","Blade_Aluminium_Renesa+ Reboot _1200_1200MM - UMBER BROWN_GV5","3.00","600","0.00","21/03/2026"
"ELECTROLYTE SOLUTIONS","ELECTROLYTE SOLUTIONS","Site","PI-58268","A040002","Blade_Aluminium_White_1200mm_Studio+Reboot_GV5","2.00","600","0.00","21/03/2026"
"ELECTROLYTE SOLUTIONS","ELECTROLYTE SOLUTIONS","Site","PI-58269","A026401","Blade_Aluminium Ameza_1200mm_Gloss White_GV5","0.00","600","0.00","21/03/2026"
"ELECTROLYTE SOLUTIONS","ELECTROLYTE SOLUTIONS","Site","PI-58270","RA1251","Deactivated - Blade_Aluminium_Pearl White_1200mm_Renesa+/Renesa Smart_GV3","0.00","600","0.00","21/03/2026"
"ELECTROLYTE SOLUTIONS","ELECTROLYTE SOLUTIONS","Site","PI-58271","A026801","Deactivated - Label Sweep_White_1200mm_Ameza_GV5","0.00","600","0.00","21/03/2026"
"ELECTROLYTE SOLUTIONS","ELECTROLYTE SOLUTIONS","Site","PI-58272","A033601","Remote_Aris_IOT_GV5","1.00","250","1.00","21/03/2026"
"ELECTROLYTE SOLUTIONS","ELECTROLYTE SOLUTIONS","Site","PI-58273","A040001","Blade_Aluminium_Earth Brown_1200mm_Studio+Reboot_GV5","5.00","600","0.00","21/03/2026"
"ELECTROLYTE SOLUTIONS","ELECTROLYTE SOLUTIONS","Site","PI-58498","EA08401","PCB_Renesa Prime_GV5 (Capacitor)","70.00","500","0.00","21/03/2026"
"ELECTROLYTE SOLUTIONS","ELECTROLYTE SOLUTIONS","Site","PI-58499","A004001","Motor Bldc_150mm_Studio_EXH","6.00","599","6.00","21/03/2026"
"ELECTROLYTE SOLUTIONS","ELECTROLYTE SOLUTIONS","Site","PI-58500","EA12401","PCB_White LED_Efficio Alpha/Enzel _GV5","25.00","500","0.00","21/03/2026"
"ELECTROLYTE SOLUTIONS","ELECTROLYTE SOLUTIONS","Site","PI-59152","FG0167","Atomberg Studio Exhaust 0150MM - Brown","0.00","4000","0.00","21/03/2026"
"ELECTROLYTE SOLUTIONS","ELECTROLYTE SOLUTIONS","Site","PI-59512","A1X0042","Bottom Body_Plastic_Sand Grey_Studio+Reboot_GV5","2.00","220","0.00","21/03/2026"
"ELECTROLYTE SOLUTIONS","ELECTROLYTE SOLUTIONS","Site","PI-59764","FG0009","Atomberg Efficio Ceiling Fan 1200MM - Ivory_GV2","0.00","4000","0.00","21/03/2026"
"ELECTROLYTE SOLUTIONS","ELECTROLYTE SOLUTIONS","Site","PI-60120","A029702","Blade_Plastic_White_1200mm_Aris_IOT_GV5","34.00","600","0.00","21/03/2026"
"ELECTROLYTE SOLUTIONS","ELECTROLYTE SOLUTIONS","Site","PI-60121","A029701","Blade_Plastic_Dark wood_1200mm_Aris_IOT_GV5","1.00","600","0.00","21/03/2026"
"ELECTROLYTE SOLUTIONS","ELECTROLYTE SOLUTIONS","Site","PI-61049","FG0179","Efficio+ Exhaust 0150MM - White","0.00","4000","0.00","21/03/2026"
"ELECTROLYTE SOLUTIONS","ELECTROLYTE SOLUTIONS","Site","PI-61388","FG0397","Atomberg Renesa Ceiling Fan 1400MM 35 watt REC41435RM - White_GV5","0.00","4000","0.00","21/03/2026"
"ELECTROLYTE SOLUTIONS","ELECTROLYTE SOLUTIONS","Site","PI-61406","A1X0150","Deactivated - Bottom Body Assembly_Gloss White_900mm_Ikano/Efficio Alpha_GV5","0.00","220","0.00","21/03/2026"
"ELECTROLYTE SOLUTIONS","ELECTROLYTE SOLUTIONS","Site","PI-61407","A040006","Blade_Aluminium_Midnight Black_1200mm_Studio+Reboot_GV5","0.00","600","0.00","21/03/2026"
"ELECTROLYTE SOLUTIONS","ELECTROLYTE SOLUTIONS","Site","PI-61408","SRSPR0988","Motor Bldc_150mm_Efficio+_EXH","0.00","500","0.00","21/03/2026"
"ELECTROLYTE SOLUTIONS","ELECTROLYTE SOLUTIONS","Site","PI-61536","FG0001","Atomberg Efficio Ceiling Fan 0900MM - Brown_GV2","0.00","4000","0.00","21/03/2026"
"ELECTROLYTE SOLUTIONS","ELECTROLYTE SOLUTIONS","Site","PI-61741","A2X0012","Top Rod White_Renesa/Stelios/Stelios Pro/Izar Pedestal_TPW","4.00","80","0.00","21/03/2026"
"ELECTROLYTE SOLUTIONS","ELECTROLYTE SOLUTIONS","Site","PI-61742","A2X0175","PD_Neck_base_Midnight Black","1.00","80","0.00","21/03/2026"
"ELECTROLYTE SOLUTIONS","ELECTROLYTE SOLUTIONS","Site","PI-61743","A2X0003","Heavy  Base_Renesa/Stelios/Stelios Pro/Izar Pedestal_TPW","2.00","80","0.00","21/03/2026"
"ELECTROLYTE SOLUTIONS","ELECTROLYTE SOLUTIONS","Site","PI-62553","A027202","Deactivated - Bottom Body_Plastic_Gloss Brown_Ameza_GV5","0.00","220","0.00","21/03/2026"
"ELECTROLYTE SOLUTIONS","ELECTROLYTE SOLUTIONS","Site","PI-62733","SRA062201","Motor_ CF_Erica_1200 - Midnight Black_GV5","0.00","2500","0.00","21/03/2026"
"ELECTROLYTE SOLUTIONS","ELECTROLYTE SOLUTIONS","Site","PI-62808","RA0962","Blade Locking Nut_Plastic_Efficio+_Pedestal_TPW","0.00","90","0.00","21/03/2026"
"ELECTROLYTE SOLUTIONS","ELECTROLYTE SOLUTIONS","Site","PI-62809","RA0963","Grill set_Efficio+_Pedaestal_TPW","0.00","300","0.00","21/03/2026"
"ELECTROLYTE SOLUTIONS","ELECTROLYTE SOLUTIONS","Site","PI-62810","RA0994","Plastic Rim lock_Efficio+_Pedaestal_TPW","0.00","9","0.00","21/03/2026"
"ELECTROLYTE SOLUTIONS","ELECTROLYTE SOLUTIONS","Site","PI-62811","SRA023209","Motor_Pearl White_1200mm_Renesa Smart+_GV5","0.00","2500","0.00","21/03/2026"
"ELECTROLYTE SOLUTIONS","ELECTROLYTE SOLUTIONS","Site","PI-63413","A033005","Canopy_Pearl White_Renesa+_GV5","4.00","150","0.00","21/03/2026"
"ELECTROLYTE SOLUTIONS","ELECTROLYTE SOLUTIONS","Site","PI-64469","SRA003502","Motor_Marble White_Startlight_CF_1200mm_Aris_IOT_GV5","0.00","2500","0.00","21/03/2026"
"ELECTROLYTE SOLUTIONS","ELECTROLYTE SOLUTIONS","Site","PI-64570","A3X0031","Swing Rear Cover Midnight BlackTPW","3.00","80","0.00","21/03/2026"
"ELECTROLYTE SOLUTIONS","ELECTROLYTE SOLUTIONS","Site","PI-65721","FG0171","Atomberg Efficio Exhaust 0150MM - Brown","0.00","4000","0.00","21/03/2026"
"ELECTROLYTE SOLUTIONS","ELECTROLYTE SOLUTIONS","Site","PI-65932","B1X0116","MG1.0 Knob Assembly","1.00","80","0.00","21/03/2026"
"ELECTROLYTE SOLUTIONS","ELECTROLYTE SOLUTIONS","Site","PI-65934","SRA1X1079","Motor_Lotus Pink_1200mm_Erica_GV5","0.00","2500","0.00","21/03/2026"
"ELECTROLYTE SOLUTIONS","ELECTROLYTE SOLUTIONS","Site","PI-66370","A1X1105","Blade_Aluminium_Earth Brown_600mm_Renesa+/Renesa Smart_GV3","0.00","600","0.00","21/03/2026"
"ELECTROLYTE SOLUTIONS","ELECTROLYTE SOLUTIONS","Site","PI-66371","A033003","Canopy_Earth Brown_Renesa+_GV5","2.00","150","0.00","21/03/2026"
"ELECTROLYTE SOLUTIONS","ELECTROLYTE SOLUTIONS","Site","PI-66860","SRA022912","Motor_White_1400mm_Renesa+ Reboot_GV5","0.00","2500","0.00","21/03/2026"
"ELECTROLYTE SOLUTIONS","ELECTROLYTE SOLUTIONS","Site","PI-67006","A013201","MG1.1 Chutney jar handle assembly","0.00","80","0.00","21/03/2026"
"ELECTROLYTE SOLUTIONS","ELECTROLYTE SOLUTIONS","Site","PI-67407","A101701","Top Canopy_White_1200mm_Aris_IOT_GV5","14.00","150","0.00","21/03/2026"
"ELECTROLYTE SOLUTIONS","ELECTROLYTE SOLUTIONS","Site","PI-67408","A101801","Canopy top plate_White_1200mm_Aris_IOT_GV5","19.00","150","0.00","21/03/2026"
"ELECTROLYTE SOLUTIONS","ELECTROLYTE SOLUTIONS","Site","PI-68388","FG0173","Atomberg Efficio Exhaust 0200MM - Brown","0.00","4000","0.00","21/03/2026"
"ELECTROLYTE SOLUTIONS","ELECTROLYTE SOLUTIONS","Site","PI-68390","FG0400","Atomberg Renesa+ Ceiling Fan 1400MM  35 watt RPC41435RM - Pearl White_GV5","0.00","4000","0.00","21/03/2026"
"ELECTROLYTE SOLUTIONS","ELECTROLYTE SOLUTIONS","Site","PI-68841","SRA090301","Motor_Gloss White_Efficio Alpha_GV5","0.00","2500","0.00","21/03/2026"
"ELECTROLYTE SOLUTIONS","ELECTROLYTE SOLUTIONS","Site","PI-68992","SRA023211","Motor_Aegean Blue_1200mm_Renesa+Reboot_GV5","0.00","2500","0.00","21/03/2026"
"ELECTROLYTE SOLUTIONS","ELECTROLYTE SOLUTIONS","Site","PI-68993","A064107","Blade_Aluminium_Enzel/Renesa Zen_1200mm_Gloss Black_GV5","2.00","600","0.00","21/03/2026"
"ELECTROLYTE SOLUTIONS","ELECTROLYTE SOLUTIONS","Site","PI-68994","B1H0013","MG1.0 Motor coupler - Push type","3.00","4720","0.00","21/03/2026"
"ELECTROLYTE SOLUTIONS","ELECTROLYTE SOLUTIONS","Site","PI-68995","SRA1X1097","Motor_Umber Brown_1200mm_Erica_GV5","0.00","2500","0.00","21/03/2026"
"ELECTROLYTE SOLUTIONS","ELECTROLYTE SOLUTIONS","Site","PI-68996","RA0924","Body_Top Plastic Assembly_Gloss Black_Alpha/Renesa Zen/Prime_GV5","0.00","220","0.00","21/03/2026"
"ELECTROLYTE SOLUTIONS","ELECTROLYTE SOLUTIONS","Site","PI-69880","SRA1M0266","Motor_Matt Brown_900mm_Renesa_GV3","0.00","2500","0.00","21/03/2026"
"ELECTROLYTE SOLUTIONS","ELECTROLYTE SOLUTIONS","Site","PI-69901","SRA022908","Motor_ Renesa Reboot  Ceiling Fan 900MM 35 watt - MIDNIGHT BLACK_GV5","0.00","2500","0.00","21/03/2026"
"ELECTROLYTE SOLUTIONS","ELECTROLYTE SOLUTIONS","Site","PI-70699","A022805","Motor Housing_Earth Brown_Renesa+_GV5","22.00","220","14.00","21/03/2026"
"ELECTROLYTE SOLUTIONS","ELECTROLYTE SOLUTIONS","Site","PI-70700","A1X1106","Blade_Aluminium_Pearl White_600mm_Renesa+/Renesa Smart_GV3","2.00","600","0.00","21/03/2026"
"ELECTROLYTE SOLUTIONS","ELECTROLYTE SOLUTIONS","Site","PI-70701","FG0178","Efficio+ Exhaust 0150MM - Black","0.00","4000","0.00","21/03/2026"
"ELECTROLYTE SOLUTIONS","ELECTROLYTE SOLUTIONS","Site","PI-70702","SA0104","Motor Housing_Golden_CF_Renesa+/Renesa Smart_GV3","7.00","600","7.00","21/03/2026"
"ELECTROLYTE SOLUTIONS","ELECTROLYTE SOLUTIONS","Site","PI-70900","SRMF0108","Motor_1200mm_black_Step Regulator_Renesa Alpha/Naveo_GV4","0.00","2500","0.00","21/03/2026"
"ELECTROLYTE SOLUTIONS","ELECTROLYTE SOLUTIONS","Site","PI-72828","RA0988","oscillation Motor_Efficio+_Walal Mount_TPW","0.00","199","0.00","21/03/2026"
"ELECTROLYTE SOLUTIONS","ELECTROLYTE SOLUTIONS","Site","PI-73540","FG0292","Atomberg Efficio Exhaust 0250MM - White","0.00","4000","0.00","21/03/2026"
"ELECTROLYTE SOLUTIONS","ELECTROLYTE SOLUTIONS","Site","PI-73753","A033008","Canopy_Matte Brown_Renesa+_GV5","1.00","150","0.00","21/03/2026"
"ELECTROLYTE SOLUTIONS","ELECTROLYTE SOLUTIONS","Site","PI-73754","FG0241","Atomberg Renesa+ Ceiling Fan 0600MM - Earth Brown_GV3","0.00","4000","0.00","21/03/2026"
"ELECTROLYTE SOLUTIONS","ELECTROLYTE SOLUTIONS","Site","PI-73757","FG0014","Atomberg Efficio Ceiling Fan 1400MM - White_GV2","0.00","4000","0.00","21/03/2026"
"ELECTROLYTE SOLUTIONS","ELECTROLYTE SOLUTIONS","Site","PI-73769","FG0243","Atomberg Efficio Exhaust 0250MM - Black","0.00","4000","0.00","21/03/2026"
"ELECTROLYTE SOLUTIONS","ELECTROLYTE SOLUTIONS","Site","PI-73773","RA1408","Blade_Aluminium_Sand Grey_900mm_Renesa+/Renesa Smart_GV3","2.00","600","0.00","21/03/2026"
"ELECTROLYTE SOLUTIONS","ELECTROLYTE SOLUTIONS","Site","PI-73956","FG0485","Atomberg Renesa Prime Remote Ceiling Fan 1200mm 35watt -GLOSS WHITE_GV5","0.00","4000","0.00","21/03/2026"
"ELECTROLYTE SOLUTIONS","ELECTROLYTE SOLUTIONS","Site","PI-73957","SRMF0078","Motor_White_1200mm_Efficio_Reg_28W_GV2","0.00","2500","0.00","21/03/2026"
"ELECTROLYTE SOLUTIONS","ELECTROLYTE SOLUTIONS","Site","PI-74851","A033001","Canopy_White_Renesa+_GV5","2.00","150","0.00","21/03/2026"
"ELECTROLYTE SOLUTIONS","ELECTROLYTE SOLUTIONS","Site","PI-75460","A1X0103","(Old canopy) Canopy_Studio+ RH_Earth Brown_GV5","0.00","50","0.00","21/03/2026"
"ELECTROLYTE SOLUTIONS","ELECTROLYTE SOLUTIONS","Site","PI-75461","A1X0102","(Old canopy) Canopy_Studio+ LH_Earth Brown_GV5","3.00","50","0.00","21/03/2026"
"ELECTROLYTE SOLUTIONS","ELECTROLYTE SOLUTIONS","Site","PI-75462","A1X0035","(Old canopy) Canopy_RightPart_Sand Grey_Studio+_GV5","0.00","50","0.00","21/03/2026"
"ELECTROLYTE SOLUTIONS","ELECTROLYTE SOLUTIONS","Site","PI-75463","A1X0034","(Old canopy) Canopy_LeftPart_Sand Grey_Studio+_GV5","0.00","50","0.00","21/03/2026"
"ELECTROLYTE SOLUTIONS","ELECTROLYTE SOLUTIONS","Site","PI-75773","A064101","Blade_Aluminium_ 1200MM - Gloss Black_Prime/Alpha_GV5","0.00","600","0.00","21/03/2026"
"ELECTROLYTE SOLUTIONS","ELECTROLYTE SOLUTIONS","Site","PI-75831","SRA023216","Motor_ Renesa+ Reboot  Ceiling Fan 900MM 35 watt - Sand Grey_GV5","0.00","2500","0.00","21/03/2026"
"ELECTROLYTE SOLUTIONS","ELECTROLYTE SOLUTIONS","Site","PI-76073","A027203","Deactivated - Bottom Body Assembly_Gloss Ivory_Efficio Alpha/Ameza_GV5","0.00","220","0.00","21/03/2026"
"ELECTROLYTE SOLUTIONS","ELECTROLYTE SOLUTIONS","Site","PI-77228","A063802","Blade_Aluminium_Black_Efficio Alpha/Ameza_GV5","2.00","600","0.00","21/03/2026"
"ELECTROLYTE SOLUTIONS","ELECTROLYTE SOLUTIONS","Site","PI-77280","A144001","Extention Rod (Long) Black_TPW","3.00","80","0.00","21/03/2026"
"ELECTROLYTE SOLUTIONS","ELECTROLYTE SOLUTIONS","Site","PI-77281","A2X0140","Top Rod_Midnight Black_Renesa/Stelios/Stelios Pro/Izar Pedestal_TPW","6.00","80","0.00","21/03/2026"
"ELECTROLYTE SOLUTIONS","ELECTROLYTE SOLUTIONS","Site","PI-78172","SRA2X0078","Motor_Snow White_400mm_Renesa Pedestal Fan Swing_TPW","0.00","2500","0.00","21/03/2026"
"ELECTROLYTE SOLUTIONS","ELECTROLYTE SOLUTIONS","Site","PI-78174","SRA3X0040","Motor_Midnight Black_400mm_Renesa Wall Mount Fan_TPW","0.00","2500","0.00","21/03/2026"
"ELECTROLYTE SOLUTIONS","ELECTROLYTE SOLUTIONS","Site","PI-80096","A063803","Blade_Aluminium_Brown_Efficio Alpha/Ameza _GV5","0.00","600","0.00","21/03/2026"
"ELECTROLYTE SOLUTIONS","ELECTROLYTE SOLUTIONS","Site","PI-81785","A091906","Plastic Bottom Cover along with Screw_Gloss Brown_Ikano/Efficio Alpha_GV5","3.00","0","3.00","21/03/2026"
"ELECTROLYTE SOLUTIONS","ELECTROLYTE SOLUTIONS","Site","PI-81786","A091902","Plastic Bottom Cover along with Screw_Gloss Black_Ikano/Efficio Alpha/Ameza_GV5","4.00","0","4.00","21/03/2026"
"ELECTROLYTE SOLUTIONS","ELECTROLYTE SOLUTIONS","Site","PI-81787","SRACC0090","Plastic RIM_400mm_Wall Mount E+_TPW","1.00","90","0.00","21/03/2026"
"ELECTROLYTE SOLUTIONS","ELECTROLYTE SOLUTIONS","Site","PI-83699","A1X0101","(Old canopy) Downrod_Clamp_Plastic CF_GV5","0.00","60","0.00","21/03/2026"
"ELECTROLYTE SOLUTIONS","ELECTROLYTE SOLUTIONS","Site","PI-83700","FG0387","Atomberg Renesa+ Ceiling Fan 900MM 35 watt RPC40935RM - Golden Oak_GV5","0.00","4000","0.00","21/03/2026"
"ELECTROLYTE SOLUTIONS","ELECTROLYTE SOLUTIONS","Site","PI-85907","RA0042","Blade_Aluminium_Ivory_1400mm_Efficio/Efficio+/Studio_GV2","2.00","599","0.00","21/03/2026"
"ELECTROLYTE SOLUTIONS","ELECTROLYTE SOLUTIONS","Site","PI-86003","A141701","Surge Protection Device Module Assembly_CF","0.00","0","0.00","21/03/2026"
"ELECTROLYTE SOLUTIONS","ELECTROLYTE SOLUTIONS","Site","PI-86014","A022801","Motor Housing White_Renesa/Renesa+/Renesa Smart+ GV5","0.00","500","0.00","21/03/2026"
"ELECTROLYTE SOLUTIONS","ELECTROLYTE SOLUTIONS","Site","PI-86015","A064103","Blade_Aluminium_ 1200MM _Prime/Alpha - Gloss Brown_GV5","0.00","600","0.00","21/03/2026"
"ELECTROLYTE SOLUTIONS","ELECTROLYTE SOLUTIONS","Site","PI-86016","A033009","Canopy_Aegean Blue_Renesa+_GV5","0.00","150","0.00","21/03/2026"
"ELECTROLYTE SOLUTIONS","ELECTROLYTE SOLUTIONS","Site","PI-86523","RA1012","Bottom Body_Plastic_Brown_CF_Ozeo_GV4","2.00","142","0.00","21/03/2026"
"ELECTROLYTE SOLUTIONS","ELECTROLYTE SOLUTIONS","Site","PI-86571","A033010","Canopy_Plastic_Renesa+ Reboot _1200_UMBER BROWN_GV5","1.00","150","0.00","21/03/2026"
"ELECTROLYTE SOLUTIONS","ELECTROLYTE SOLUTIONS","Site","PI-87207","A1X1007","Bottom Cover Assembly_White_Erica_GV5","0.00","220","0.00","21/03/2026"
"ELECTROLYTE SOLUTIONS","ELECTROLYTE SOLUTIONS","Site","PI-87208","SA0046","Body_Aluminium_Black_Efficio_GV2","0.00","300","0.00","21/03/2026"
"ELECTROLYTE SOLUTIONS","ELECTROLYTE SOLUTIONS","Site","PI-87209","SA0084","Motor Housing_Gloss Brown_Efficio Alpha/Ikano/Ameza_GV5","1.00","300","0.00","21/03/2026"
"ELECTROLYTE SOLUTIONS","ELECTROLYTE SOLUTIONS","Site","PI-96798","RA0914","Body_Top Plastic Assembly_Gloss White_Alpha/Renesa Zen/Prime_GV5","0.00","150","0.00","21/03/2026"
"ELECTROLYTE SOLUTIONS","ELECTROLYTE SOLUTIONS","Site","PI-97152","A2X0138","Neck Female_Black_Renesa Pedestal/Table/Stelios Pro/Izar Pedestal_TPW","6.00","0","0.00","21/03/2026"
"ELECTROLYTE SOLUTIONS","ELECTROLYTE SOLUTIONS","Site","PI-97153","A2X0136","Neck Male_Black_Renesa Pedestal/Table/Stelios Pro/Izar Pedestal_TPW","4.00","0","0.00","21/03/2026"
"ELECTROLYTE SOLUTIONS","ELECTROLYTE SOLUTIONS","Site","PI-97159","A2X0013","Neck_Male_Snow White_Renesa/Stelios Pro/Izar Pedestal_TPW","2.00","0","0.00","21/03/2026"
"ELECTROLYTE SOLUTIONS","ELECTROLYTE SOLUTIONS","Site","PI-98678","A002902","Top Cover Assembly_White_Aris_IOT_GV5","16.00","220","0.00","21/03/2026"
"ELECTROLYTE SOLUTIONS","ELECTROLYTE SOLUTIONS","Site","PI-100536","A074801","Jar Assembly _SS_Metal_Chutney Jar_Zenova_(MG1.1)","8.00","0","5.00","21/03/2026"
"ELECTROLYTE SOLUTIONS","ELECTROLYTE SOLUTIONS","Site","PI-100537","A075001","Jar Assembly_SS_Metal_Liquidizer Jar_Zenova_(MG1.1)","16.00","0","0.00","21/03/2026"
"ELECTROLYTE SOLUTIONS","ELECTROLYTE SOLUTIONS","Site","PI-100538","A158701","Chutney/Multipurpose Jar Lid Gasket_Rubber_Zenova_(MG1.1)","6.00","0","1.00","21/03/2026"
"ELECTROLYTE SOLUTIONS","ELECTROLYTE SOLUTIONS","Site","PI-102116","A158201","Liquidizer Jar Lid Assembly with Gasket_Plastic_Zenova_(MG1.1)","4.00","0","0.00","21/03/2026"
"ELECTROLYTE SOLUTIONS","ELECTROLYTE SOLUTIONS","Site","PI-102117","A013001","Chutney/Multipurpose Jar Lid Assembly with Gasket_Plastic_Zenova_(MG1.1)","6.00","0","0.00","21/03/2026"
"ELECTROLYTE SOLUTIONS","ELECTROLYTE SOLUTIONS","Site","PI-103007","A3X0004","Neck Base wall Snow white","1.00","80","0.00","21/03/2026"
"ELECTROLYTE SOLUTIONS","ELECTROLYTE SOLUTIONS","Site","PI-103008","A2X0025","Link__Renesa Pedestal/Wall/Table_TPW","2.00","80","0.00","21/03/2026"
"ELECTROLYTE SOLUTIONS","ELECTROLYTE SOLUTIONS","Site","PI-103009","A2H0004","M8 Nut_Renesa Pedestal/Table/Stelios Pro Pedestal_TPW","2.00","80","0.00","21/03/2026"
"ELECTROLYTE SOLUTIONS","ELECTROLYTE SOLUTIONS","Site","PI-103010","A2X0028","Sync Coupler_Renesa Pedestal/Table/Stelios Pro/Izar Pedestal_TPW","5.00","80","0.00","21/03/2026"
"ELECTROLYTE SOLUTIONS","ELECTROLYTE SOLUTIONS","Site","PI-103017","A2X0019","Wear Plate_Renesa Pedestal/Wall/Table/Stelios Pro Pedestal_TPW","2.00","80","0.00","21/03/2026"
"ELECTROLYTE SOLUTIONS","ELECTROLYTE SOLUTIONS","Site","PI-103018","A2X0015","PD_Neck_base_Snow White","1.00","80","0.00","21/03/2026"
"ELECTROLYTE SOLUTIONS","ELECTROLYTE SOLUTIONS","Site","PI-103019","A2H0002","M6 Nut_Renesa Pedestal/Table/Stelios Pro Pedestal_TPW","4.00","80","0.00","21/03/2026"
"ELECTROLYTE SOLUTIONS","ELECTROLYTE SOLUTIONS","Site","PI-103362","A2X0014","Neck_Female_Snow White_Renesa/Stelios Pro/Izar Pedestal_TPW","2.00","0","0.00","21/03/2026"
"ELECTROLYTE SOLUTIONS","ELECTROLYTE SOLUTIONS","Site","PI-103363","A075901","Handle_Plastic_Liquidiser/Wet & Dry Jar_MG_1.0","2.00","100","0.00","21/03/2026"
"ELECTROLYTE SOLUTIONS","ELECTROLYTE SOLUTIONS","Site","PI-103364","A022807","Motor Housing_Pearl white_Renesa+_GV5","2.00","600","2.00","21/03/2026"
"ELECTROLYTE SOLUTIONS","ELECTROLYTE SOLUTIONS","Site","PI-103365","A039901","Blade_Aluminium_White_1200mm_Erica_GV5","1.00","600","0.00","21/03/2026"
"ELECTROLYTE SOLUTIONS","ELECTROLYTE SOLUTIONS","Site","PI-103745","RA0964","Grill Locking Nut_Efficio+_Pedestal_TPW","2.00","15","0.00","21/03/2026"
"ELECTROLYTE SOLUTIONS","ELECTROLYTE SOLUTIONS","Site","PI-103746","RA0951","Neck_400mm_Pedestal E+_TPW","2.00","199","0.00","21/03/2026"
"ELECTROLYTE SOLUTIONS","ELECTROLYTE SOLUTIONS","Site","PI-103747","A143901","Bottom Rod(Long)_Renesa/Stelios/Stelios Pro Pedestal Fan_Snow White_TPW","6.00","100","0.00","21/03/2026"
"ELECTROLYTE SOLUTIONS","ELECTROLYTE SOLUTIONS","Site","PI-104858","A159801","MG1.1 SS Jar Set with Lids Service","66.00","0","6.00","21/03/2026"
"ELECTROLYTE SOLUTIONS","ELECTROLYTE SOLUTIONS","Site","PI-105384","A064108","Blade_Aluminium_Enzel/Renesa Zen_1200mm_Gloss Brown_GV5","15.00","600","0.00","21/03/2026"
"ELECTROLYTE SOLUTIONS","ELECTROLYTE SOLUTIONS","Site","PI-105385","A064109","Blade_Gloss Sea Sand Ivory_1200mm_Renesa Enzel/Zen_GV5","1.00","600","0.00","21/03/2026"
"ELECTROLYTE SOLUTIONS","ELECTROLYTE SOLUTIONS","Site","PI-107312","A047002","Blade_Aluminium_Ikano_900mm - GLOSS BLACK_GV5","1.00","600","0.00","21/03/2026"
"ELECTROLYTE SOLUTIONS","ELECTROLYTE SOLUTIONS","Site","PI-107313","SA0100","Stator_900mm_CF_GV5","8.00","220","4.00","21/03/2026"
"ELECTROLYTE SOLUTIONS","ELECTROLYTE SOLUTIONS","Site","PI-107324","A003401","Stator_1200mm_Aris_GV5","5.00","0","5.00","21/03/2026"
"ELECTROLYTE SOLUTIONS","ELECTROLYTE SOLUTIONS","Site","PI-107662","A3X0036","Remote_Renesa Pedestal/Wall/Table/Stelios Pro/Izar Pedestal_TPW","0.00","250","0.00","21/03/2026"
"ELECTROLYTE SOLUTIONS","ELECTROLYTE SOLUTIONS","Site","PI-107663","RA0144","Canopy_Plastic_Ivory_GV3","2.00","150","0.00","21/03/2026"
"ELECTROLYTE SOLUTIONS","ELECTROLYTE SOLUTIONS","Site","PI-107664","RA1245","Rope Switch_Black_Wall mount_Renesa_TPW","2.00","20","0.00","21/03/2026"
"ELECTROLYTE SOLUTIONS","ELECTROLYTE SOLUTIONS","Site","PI-108496","B1X0121","MG1.0 Base cover","1.00","80","0.00","21/03/2026"
"ELECTROLYTE SOLUTIONS","ELECTROLYTE SOLUTIONS","Site","PI-108927","A022803","Motor Housing_Matt Brown_Renesa_GV5","1.00","220","1.00","21/03/2026"
"ELECTROLYTE SOLUTIONS","ELECTROLYTE SOLUTIONS","Site","PI-108928","SA0101","Stator_1400mm_GV5","7.00","500","3.00","21/03/2026"
"ELECTROLYTE SOLUTIONS","ELECTROLYTE SOLUTIONS","Site","PI-109894","RA0844","Capacitor Clamp_Renesa alpha/Prime GV5","3.00","60","0.00","21/03/2026"
"ELECTROLYTE SOLUTIONS","ELECTROLYTE SOLUTIONS","Site","PI-109895","RA0822","Capacitor 8µF_Renesa Alpha/Prime/Enario_GV4/GV5","4.00","150","2.00","21/03/2026"
"ELECTROLYTE SOLUTIONS","ELECTROLYTE SOLUTIONS","Site","PI-109896","RA0915","Bottom Cover_Gloss White_Prime_GV5","2.00","200","2.00","21/03/2026"
"ELECTROLYTE SOLUTIONS","ELECTROLYTE SOLUTIONS","Site","PI-111296","SA0083","Motor Housing_white_1200mm_Ikano/Enerio_GV5","7.00","300","0.00","21/03/2026"
"ELECTROLYTE SOLUTIONS","ELECTROLYTE SOLUTIONS","Site","PI-111789","A096502","Blade_Aluminium_Pebble Grey_1200mm_Renesa R Smart_GV5","4.00","600","0.00","21/03/2026"
"ELECTROLYTE SOLUTIONS","ELECTROLYTE SOLUTIONS","Site","PI-112294","A3X0011","TPW Renesa With Swing  Power PCB Plate","10.00","500","0.00","21/03/2026"
"ELECTROLYTE SOLUTIONS","ELECTROLYTE SOLUTIONS","Site","PI-112295","A1X1282","Motor Housing_Sand Grey_Studio+Reboot_GV5","6.00","220","0.00","21/03/2026"
"ELECTROLYTE SOLUTIONS","ELECTROLYTE SOLUTIONS","Site","PI-112296","EA02301","Interface PCB_Renesa Pedestal/Table_TPW","10.00","0","0.00","21/03/2026"
"ELECTROLYTE SOLUTIONS","ELECTROLYTE SOLUTIONS","Site","PI-113061","A098102","Canopy Plate_Black_Aris Contour_GV5","7.00","0","0.00","21/03/2026"
"ELECTROLYTE SOLUTIONS","ELECTROLYTE SOLUTIONS","Site","PI-113062","EA07501","Main Power PCB_Aris Contour_GV5","0.00","0","0.00","21/03/2026"
"ELECTROLYTE SOLUTIONS","ELECTROLYTE SOLUTIONS","Site","PI-113063","A147601","Splice connector_(Wire connector)_GV5","3.00","0","0.00","21/03/2026"
"ELECTROLYTE SOLUTIONS","ELECTROLYTE SOLUTIONS","Site","PI-113064","EA08501","Digital PCB _Aris Contour_GV5","9.00","0","1.00","21/03/2026"
"ELECTROLYTE SOLUTIONS","ELECTROLYTE SOLUTIONS","Site","PI-113065","A113101","AllenKey_Aris Contour_GV5","1.00","0","0.00","21/03/2026"
"ELECTROLYTE SOLUTIONS","ELECTROLYTE SOLUTIONS","Site","PI-113066","EA08001","Power PCB_Stelios Pedestal_Induction_iTPW","1.00","0","1.00","21/03/2026"
"ELECTROLYTE SOLUTIONS","ELECTROLYTE SOLUTIONS","Site","PI-113067","EA09401","Interface PCB_Stelios Pro Pedestal/Izar Pedestal_TPW","1.00","0","0.00","21/03/2026"
"ELECTROLYTE SOLUTIONS","ELECTROLYTE SOLUTIONS","Site","PI-113068","A088901","Induction Motor Assembly_Stelios Pro Pedestal/Izar Pedestal_TPW","0.00","0","0.00","21/03/2026"
"ELECTROLYTE SOLUTIONS","ELECTROLYTE SOLUTIONS","Site","PI-113264","A2X0058","Grill Belt  Snow White_Renesa Pedesatal_Non Swing_TPW","0.00","80","0.00","21/03/2026"
"ELECTROLYTE SOLUTIONS","ELECTROLYTE SOLUTIONS","Site","PI-113265","A2X0057","Front Grill Snow  White_TPW","1.00","80","0.00","21/03/2026"
"ELECTROLYTE SOLUTIONS","ELECTROLYTE SOLUTIONS","Site","PI-113266","A022810","Motor Housing_Umber Brown_Renesa+_GV5","5.00","220","0.00","21/03/2026"
"ELECTROLYTE SOLUTIONS","ELECTROLYTE SOLUTIONS","Site","PI-113267","A2X0055","Rear Grill Snow White_TPW","1.00","80","0.00","21/03/2026"
"ELECTROLYTE SOLUTIONS","ELECTROLYTE SOLUTIONS","Site","PI-113268","A3X0016","Grill Decor Snow white_Renesa Pedesatal_Non Swing_TPW","6.00","80","0.00","21/03/2026"
"ELECTROLYTE SOLUTIONS","ELECTROLYTE SOLUTIONS","Site","PI-116657","A1X1004","Motor Housing_Snow White_Erica_GV5","3.00","220","0.00","21/03/2026"
"ELECTROLYTE SOLUTIONS","ELECTROLYTE SOLUTIONS","Site","PI-117484","EA06301","Driver/Main PCB_Zenova_(MG1.1)","10.00","0","6.00","21/03/2026"
"ELECTROLYTE SOLUTIONS","ELECTROLYTE SOLUTIONS","Site","PI-117485","B1X0187","Lid Lock Clip_Plastic_Zenova_(MG1.1)","4.00","0","0.00","21/03/2026"
"ELECTROLYTE SOLUTIONS","ELECTROLYTE SOLUTIONS","Site","PI-118218","RA0916","Canopy_Gloss White_Alpha/Renesa Zen/Prime_GV5","4.00","150","0.00","21/03/2026"
"ELECTROLYTE SOLUTIONS","ELECTROLYTE SOLUTIONS","Site","PI-119555","A1X1036","Bottom Cover Assembly_Pink_Erica_GV5","0.00","80","0.00","21/03/2026"
"ELECTROLYTE SOLUTIONS","ELECTROLYTE SOLUTIONS","Site","PI-119556","A1X1080","Motor Housing_Lotus Pink_Erica_GV5","7.00","220","0.00","21/03/2026"
"ELECTROLYTE SOLUTIONS","ELECTROLYTE SOLUTIONS","Site","PI-119952","SA0036","Motor Housing_Renesa Prime/Enzel/Zen_GV5","0.00","250","0.00","21/03/2026"
"ELECTROLYTE SOLUTIONS","ELECTROLYTE SOLUTIONS","Site","PI-119953","A002901","Top Cover Assembly_Black_1200mm_Aris_IOT_GV5","3.00","220","0.00","21/03/2026"
"ELECTROLYTE SOLUTIONS","ELECTROLYTE SOLUTIONS","Site","PI-120614","A055701","(Old canopy) Canopy Screw Pouch_CF_Studio+Smart_GV5","4.00","150","0.00","21/03/2026"
"ELECTROLYTE SOLUTIONS","ELECTROLYTE SOLUTIONS","Site","PI-120649","A056202","Blade_Aluminium_Renesa+_1200mm - DARK WALNUT_GV3","10.00","600","0.00","21/03/2026"
"ELECTROLYTE SOLUTIONS","ELECTROLYTE SOLUTIONS","Site","PI-121453","A1X0041","(Old canopy) Canopy Plate_Aegean blue_Studio+_GV5","2.00","0","0.00","21/03/2026"
"ELECTROLYTE SOLUTIONS","ELECTROLYTE SOLUTIONS","Site","PI-121454","A1X0037","(Old canopy) Canopy_RightPart_Aegent Blue_Studio+_GV5","2.00","50","0.00","21/03/2026"
"ELECTROLYTE SOLUTIONS","ELECTROLYTE SOLUTIONS","Site","PI-121455","A1X0039","(Old canopy) Canopy_Top_Aegent Blue_Studio+_GV5","2.00","50","0.00","21/03/2026"
"ELECTROLYTE SOLUTIONS","ELECTROLYTE SOLUTIONS","Site","PI-121456","A1X0036","(Old canopy) Canopy_LeftPart_Aegent Blue_Studio+_GV5","2.00","50","0.00","21/03/2026"
"ELECTROLYTE SOLUTIONS","ELECTROLYTE SOLUTIONS","Site","PI-121457","A101702","Top Canopy_Black_1200mm_Aris_IOT_GV5","7.00","150","0.00","21/03/2026"
"ELECTROLYTE SOLUTIONS","ELECTROLYTE SOLUTIONS","Site","PI-121458","A101802","Canopy top Plate_Black_1200mm_Aris_IOT_GV5","2.00","150","0.00","21/03/2026"
"ELECTROLYTE SOLUTIONS","ELECTROLYTE SOLUTIONS","Site","PI-121578","MASS0128","Main PCB_CF_1200mm_Efficio_Fixed_35W_GV2","4.00","500","0.00","21/03/2026"
"ELECTROLYTE SOLUTIONS","ELECTROLYTE SOLUTIONS","Site","PI-122175","A1X1039","Motor Housing_White_1200mm_Erica Smart_GV5","7.00","220","0.00","21/03/2026"
"ELECTROLYTE SOLUTIONS","ELECTROLYTE SOLUTIONS","Site","PI-122426","A063804","Blade_Aluminium_Ivory_Efficio Alpha _GV5","4.00","600","0.00","21/03/2026"
"ELECTROLYTE SOLUTIONS","ELECTROLYTE SOLUTIONS","Site","PI-124562","A047104","Blade_Aluminium_Ikano_1400mm - GLOSS IVORY_GV5","2.00","600","0.00","21/03/2026"
"ELECTROLYTE SOLUTIONS","ELECTROLYTE SOLUTIONS","Site","PI-125037","A2X0023","Swivel Bearing_Renesa Pedestal/Wall/Table/Stelios Pro Pedestal_TPW","8.00","0","0.00","21/03/2026"
"ELECTROLYTE SOLUTIONS","ELECTROLYTE SOLUTIONS","Site","PI-126092","A110601","Blade_Aluminium_Pebble Grey_Ikano_GV5","2.00","0","0.00","21/03/2026"
"ELECTROLYTE SOLUTIONS","ELECTROLYTE SOLUTIONS","Site","PI-126351","A086901","Plastic Blade_Marble White_Aris Contour_GV5","11.00","0","0.00","21/03/2026"
"ELECTROLYTE SOLUTIONS","ELECTROLYTE SOLUTIONS","Site","PI-126661","A1X0044","Diffuser_wooden_Studio+_GV4","1.00","60","0.00","21/03/2026"
"ELECTROLYTE SOLUTIONS","ELECTROLYTE SOLUTIONS","Site","PI-126663","A064106","Blade_Aluminium_Enzel/Renesa Zen_1200mm_Gloss White_GV5","7.00","600","0.00","21/03/2026"
"ELECTROLYTE SOLUTIONS","ELECTROLYTE SOLUTIONS","Site","PI-127630","A052701","Blade_Aluminium_Renesa_1400mm Midnight Black_GV3 & GV5","15.00","600","0.00","21/03/2026"
"ELECTROLYTE SOLUTIONS","ELECTROLYTE SOLUTIONS","Site","PI-128329","A064110","Blade_Aluminium_Gloss White_Renesa Prime_GV5","29.00","600","0.00","21/03/2026"
"ELECTROLYTE SOLUTIONS","ELECTROLYTE SOLUTIONS","Site","PI-128915","A040007","Blade_Aluminium_White Teakwood_Studio+_GV5","5.00","0","0.00","21/03/2026"
"ELECTROLYTE SOLUTIONS","ELECTROLYTE SOLUTIONS","Site","PI-143068","A096501","Blade_Aluminium_Misty Teal_1200mm_Renesa Roobot Smart_GV5","4.00","600","0.00","21/03/2026"
"ELECTROLYTE SOLUTIONS","ELECTROLYTE SOLUTIONS","Site","PI-143219","A102002","Middle upper canopy_Black_Aris_GV5","2.00","0","0.00","21/03/2026"
"ELECTROLYTE SOLUTIONS","ELECTROLYTE SOLUTIONS","Site","PI-143220","A102202","Middle Lower canopy_Black_Aris_GV5","2.00","0","0.00","21/03/2026"
"ELECTROLYTE SOLUTIONS","ELECTROLYTE SOLUTIONS","Site","PI-143606","A181304","(Telescopic Canopy)Top+Bottom Canopy assly_sand Grey_Studio+_GV5","2.00","0","0.00","21/03/2026"
"ELECTROLYTE SOLUTIONS","ELECTROLYTE SOLUTIONS","Site","PI-143607","A160601","(Telescopic Canopy)Resting Plate_Studio+_GV5","1.00","0","0.00","21/03/2026"
"ELECTROLYTE SOLUTIONS","ELECTROLYTE SOLUTIONS","Site","PI-144432","A010402","BLDC Motor_Zenova_(MG1.1)","5.00","0","2.00","21/03/2026"
"ELECTROLYTE SOLUTIONS","ELECTROLYTE SOLUTIONS","Site","PI-144433","A136101","Blade Assembly_Chutney Jar_Zenova/Yulia_MG","5.00","0","0.00","21/03/2026"
"ELECTROLYTE SOLUTIONS","ELECTROLYTE SOLUTIONS","Site","PI-144434","A136201","Blade Assembly_Wet/Dry Jar_Zenova/Yulia_MG","6.00","0","0.00","21/03/2026"
"ELECTROLYTE SOLUTIONS","ELECTROLYTE SOLUTIONS","Site","PI-144435","A160204","(Telescopic Canopy)Top Plate Canopy_sand Grey_Studio+_GV5","2.00","0","0.00","21/03/2026"
"ELECTROLYTE SOLUTIONS","ELECTROLYTE SOLUTIONS","Site","PI-144436","A181204","(Telescopic Canopy)Middle Canopy upper + Lower assly_sand Grey_Studio+_GV5","2.00","0","0.00","21/03/2026"
"ELECTROLYTE SOLUTIONS","ELECTROLYTE SOLUTIONS","Site","PI-144437","EA12301","Updated STM32 PCB C0_0.6M/0.9M/1.2M/ 1.4M_ Renesa/Renesa+/Studio+/Ikano/Prime_GV5","130.00","0","30.00","21/03/2026"
"ELECTROLYTE SOLUTIONS","ELECTROLYTE SOLUTIONS","Site","PI-144438","RA0864","Diffuser_Studio+_GV4","3.00","60","0.00","21/03/2026"
"ELECTROLYTE SOLUTIONS","ELECTROLYTE SOLUTIONS","Site","PI-144439","SRACC0036","Plastic RIM_Efficio_Pedeastal_TPW","0.00","90","0.00","21/03/2026"
"ELECTROLYTE SOLUTIONS","ELECTROLYTE SOLUTIONS","Site","PI-144440","SRRA0056","Blade_Aluminium_Pearl White_1200mm_Efficio+ (without trim)_GV2","0.00","600","0.00","21/03/2026"
"ELECTROLYTE SOLUTIONS","ELECTROLYTE SOLUTIONS","Site","PI-144441","Z0H0051","Screw Plastic body_GV5","2.00","80","0.00","21/03/2026"
"ELECTROLYTE SOLUTIONS","ELECTROLYTE SOLUTIONS","Site","PI-148387","SRMF0012","Motor_Brown_1400mm_Efficio_GV2","0.00","2500","0.00","21/03/2026"
"ELECTROLYTE SOLUTIONS","ELECTROLYTE SOLUTIONS","Site","PI-148388","SRMF0117","Motor_Black_1200mm_Ozeo_GV4","0.00","2500","0.00","21/03/2026"
"ELECTROLYTE SOLUTIONS","ELECTROLYTE SOLUTIONS","Site","PI-148389","SRMF0116","Motor_Ivory_1200mm_Ozeo_GV4","0.00","2500","0.00","21/03/2026"
"ELECTROLYTE SOLUTIONS","ELECTROLYTE SOLUTIONS","Site","PI-148390","SRMF0003","Motor_White_900mm_Efficio_GV2","0.00","2500","0.00","21/03/2026"
"ELECTROLYTE SOLUTIONS","ELECTROLYTE SOLUTIONS","Site","PI-148391","SRMF0004","Motor_black_1050mm_Efficio_GV2","0.00","2500","0.00","21/03/2026"
"ELECTROLYTE SOLUTIONS","ELECTROLYTE SOLUTIONS","Site","PI-148392","SRMF0005","Motor_Brown_1050mm_Efficio_GV2","0.00","2500","0.00","21/03/2026"
"ELECTROLYTE SOLUTIONS","ELECTROLYTE SOLUTIONS","Site","PI-148393","SRMF0006","Motor_Ivory_1050mm_Efficio_GV2","0.00","2500","0.00","21/03/2026"
"ELECTROLYTE SOLUTIONS","ELECTROLYTE SOLUTIONS","Site","PI-148394","SRMF0007","Motor_White_1050mm_Efficio_GV2","0.00","2500","0.00","21/03/2026"
"ELECTROLYTE SOLUTIONS","ELECTROLYTE SOLUTIONS","Site","PI-148395","SRMF0013","Motor_Ivory_1400mm_Efficio_GV2","0.00","2500","0.00","21/03/2026"
"ELECTROLYTE SOLUTIONS","ELECTROLYTE SOLUTIONS","Site","PI-148396","SRMF0015","Motor_Earth Brown_900mm_Efficio+(with trim)_GV2","0.00","2500","0.00","21/03/2026"
"ELECTROLYTE SOLUTIONS","ELECTROLYTE SOLUTIONS","Site","PI-148397","SRMF0016","Motor_Metalic Gold_900mm_Efficio+_GV2","0.00","2500","0.00","21/03/2026"
"ELECTROLYTE SOLUTIONS","ELECTROLYTE SOLUTIONS","Site","PI-148398","SRMF0018","Motor_Sand Grey_900mm_Efficio+(with trim)_GV2","0.00","2500","0.00","21/03/2026"
"ELECTROLYTE SOLUTIONS","ELECTROLYTE SOLUTIONS","Site","PI-148399","SRMF0019","Motor_Earth Brown_1200mm_Efficio+ With trim_GV2","0.00","2500","0.00","21/03/2026"
"ELECTROLYTE SOLUTIONS","ELECTROLYTE SOLUTIONS","Site","PI-148400","SRMF0020","Motor_Metalic Gold_1200mm_Efficio+_GV2","0.00","2500","0.00","21/03/2026"
"ELECTROLYTE SOLUTIONS","ELECTROLYTE SOLUTIONS","Site","PI-148401","SRMF0021","Motor_Pearl ivory_1200mm_Efficio+(with trim)_GV2","0.00","2500","0.00","21/03/2026"
"ELECTROLYTE SOLUTIONS","ELECTROLYTE SOLUTIONS","Site","PI-148402","SRMF0022","Motor_Pearl White_1200mm_Efficio+(with trim)_GV2","0.00","2500","0.00","21/03/2026"
"ELECTROLYTE SOLUTIONS","ELECTROLYTE SOLUTIONS","Site","PI-148403","SRMF0023","Motor_Sand Grey_1200mm_Efficio+(with trim)_GV2","0.00","2500","0.00","21/03/2026"
"ELECTROLYTE SOLUTIONS","ELECTROLYTE SOLUTIONS","Site","PI-148404","SRMF0024","Motor_Earth Brown_1400mm_Efficio+(with trim)_GV2","0.00","2500","0.00","21/03/2026"
"ELECTROLYTE SOLUTIONS","ELECTROLYTE SOLUTIONS","Site","PI-148405","SRMF0025","Motor_Metalic Gold_1400mm_Efficio+_GV2","0.00","2500","0.00","21/03/2026"
"ELECTROLYTE SOLUTIONS","ELECTROLYTE SOLUTIONS","Site","PI-148406","SRMF0026","Motor_Pearl White_1400mm_Efficio+(with trim)_GV2","0.00","2500","0.00","21/03/2026"
"ELECTROLYTE SOLUTIONS","ELECTROLYTE SOLUTIONS","Site","PI-148407","SRMF0027","Motor_Sand Grey_1400mm_Efficio+(with trim)_GV2","0.00","2500","0.00","21/03/2026"
"ELECTROLYTE SOLUTIONS","ELECTROLYTE SOLUTIONS","Site","PI-148408","SRMF0034","Motor_Earth Brown_1200mm_Renesa Smart+_GV3","0.00","2500","0.00","21/03/2026"
"ELECTROLYTE SOLUTIONS","ELECTROLYTE SOLUTIONS","Site","PI-148409","SRMF0042","Motor_Pearl White_1200mm_Studio_GV2","0.00","2500","0.00","21/03/2026"
"ELECTROLYTE SOLUTIONS","ELECTROLYTE SOLUTIONS","Site","PI-148410","SRMF0043","Motor_Earth Brown_1200mm_Studio_GV2","0.00","2500","0.00","21/03/2026"
"ELECTROLYTE SOLUTIONS","ELECTROLYTE SOLUTIONS","Site","PI-148411","SRMF0044","Motor_Metalic Gold_1200mm_Studio_GV2","0.00","2500","0.00","21/03/2026"
"ELECTROLYTE SOLUTIONS","ELECTROLYTE SOLUTIONS","Site","PI-148412","SRMF0045","Motor_Sand Grey_1200mm_Studio_GV2","0.00","2500","0.00","21/03/2026"
"ELECTROLYTE SOLUTIONS","ELECTROLYTE SOLUTIONS","Site","PI-148413","RA0041","Blade_Aluminium_Matt Brown_900mm_Efficio/Efficio+/Studio_GV2","2.00","599","0.00","21/03/2026"
"ELECTROLYTE SOLUTIONS","ELECTROLYTE SOLUTIONS","Site","PI-148414","RA0043","Blade_Aluminium_White_1050mm_Efficio/Efficio+/Studio_GV2","0.00","599","0.00","21/03/2026"
"ELECTROLYTE SOLUTIONS","ELECTROLYTE SOLUTIONS","Site","PI-148415","RA0052","Blade_Aluminium_Brown_1050mm_Efficio/Efficio+/Studio_GV2","0.00","599","0.00","21/03/2026"
"ELECTROLYTE SOLUTIONS","ELECTROLYTE SOLUTIONS","Site","PI-148416","RA0053","Blade_Aluminium_Ivory_900mm_Efficio/Efficio+/Studio_GV2","0.00","599","0.00","21/03/2026"
"ELECTROLYTE SOLUTIONS","ELECTROLYTE SOLUTIONS","Site","PI-148417","RA0059","Blade_Aluminium_Metallic Gold_900mm_Efficio/Efficio+/Studio_GV2","0.00","599","0.00","21/03/2026"
"ELECTROLYTE SOLUTIONS","ELECTROLYTE SOLUTIONS","Site","PI-148418","RA0060","Blade_Aluminium_Earth Brown_900mm_Efficio+(with trim)_GV2","0.00","599","0.00","21/03/2026"
"ELECTROLYTE SOLUTIONS","ELECTROLYTE SOLUTIONS","Site","PI-148419","RA0061","Blade_Aluminium_Sand Grey_900mm_Efficio/Efficio+/Studio_GV2","0.00","599","0.00","21/03/2026"
"ELECTROLYTE SOLUTIONS","ELECTROLYTE SOLUTIONS","Site","PI-148420","RA0063","Blade_Aluminium_Pearl White_900mm_Efficio+(with trim)_GV2","0.00","599","0.00","21/03/2026"
"ELECTROLYTE SOLUTIONS","ELECTROLYTE SOLUTIONS","Site","PI-148421","RA0064","Blade_Aluminium_Pearl White_1400mm_Efficio/Efficio+/Studio_GV2","0.00","599","0.00","21/03/2026"
"ELECTROLYTE SOLUTIONS","ELECTROLYTE SOLUTIONS","Site","PI-148422","RA0067","Blade_Aluminium_Earth Brown_1400mm_Efficio+_(With Trim)_GV2","0.00","599","0.00","21/03/2026"
"ELECTROLYTE SOLUTIONS","ELECTROLYTE SOLUTIONS","Site","PI-148423","RA0131","Blade_Aluminium_Metallic Gold_1200mm_Studio_GV2","0.00","599","0.00","21/03/2026"
"ELECTROLYTE SOLUTIONS","ELECTROLYTE SOLUTIONS","Site","PI-148424","RA0134","Canopy_Earth Brown_CF_Efficio+_GV2","0.00","150","0.00","21/03/2026"
"ELECTROLYTE SOLUTIONS","ELECTROLYTE SOLUTIONS","Site","PI-148425","RA0138","Canopy_black_CF_Efficio_GV2","0.00","150","0.00","21/03/2026"
"ELECTROLYTE SOLUTIONS","ELECTROLYTE SOLUTIONS","Site","PI-148426","RA0140","Canopy_Pearl White_CF_Efficio+_GV2","0.00","150","0.00","21/03/2026"
"ELECTROLYTE SOLUTIONS","ELECTROLYTE SOLUTIONS","Site","PI-148427","RA0876","EXH Studio+ Blade 0150mm White","0.00","1","0.00","21/03/2026"
"ELECTROLYTE SOLUTIONS","ELECTROLYTE SOLUTIONS","Site","PI-148428","RA0907","Downrod_Gloss Brown_Ikano_GV5","0.00","60","0.00","21/03/2026"
"ELECTROLYTE SOLUTIONS","ELECTROLYTE SOLUTIONS","Site","PI-148429","RA0921","Canopy_Gloss Brown_Alpha/Renesa Zen_GV5","0.00","150","0.00","21/03/2026"
"ELECTROLYTE SOLUTIONS","ELECTROLYTE SOLUTIONS","Site","PI-148430","RA0926","Canopy_Gloss Black_Alpha/Renesa Zen/Prime_GV5","0.00","150","0.00","21/03/2026"
"ELECTROLYTE SOLUTIONS","ELECTROLYTE SOLUTIONS","Site","PI-148431","RA1020","Canopy_Ivory_Efficio Alpha/Ikano/Ameza_GV5","0.00","150","0.00","21/03/2026"
"ELECTROLYTE SOLUTIONS","ELECTROLYTE SOLUTIONS","Site","PI-148432","RA1021","Canopy_Brown_Efficio/Ozeo/Alpha/Ikano/Ameza_GV5","0.00","150","0.00","21/03/2026"
"ELECTROLYTE SOLUTIONS","ELECTROLYTE SOLUTIONS","Site","PI-148433","SRMF0047","Motor_Black_1200mm_Renesa Smart+_GV3","0.00","2500","0.00","21/03/2026"
"ELECTROLYTE SOLUTIONS","ELECTROLYTE SOLUTIONS","Site","PI-148434","SRMF0092","Motor_Brown_1200mm_Renesa_Fixed_28W_GV3","0.00","2500","0.00","21/03/2026"
"ELECTROLYTE SOLUTIONS","ELECTROLYTE SOLUTIONS","Site","PI-148435","SRMF0093","Motor_Brown_1200mm_Renesa_Reg_28W_GV3","0.00","2500","0.00","21/03/2026"
"ELECTROLYTE SOLUTIONS","ELECTROLYTE SOLUTIONS","Site","PI-148436","SRMF0094","Motor_Brown_1200mm_Renesa_Fixed_32W_GV3","0.00","2500","0.00","21/03/2026"
"ELECTROLYTE SOLUTIONS","ELECTROLYTE SOLUTIONS","Site","PI-148437","SRMF0095","Motor_Brown_1200mm_Renesa_Fixed_35W_GV3","0.00","2500","0.00","21/03/2026"
"ELECTROLYTE SOLUTIONS","ELECTROLYTE SOLUTIONS","Site","PI-148438","SRMF0096","Motor_White_1200mm_Renesa_Fixed_32W_GV3","0.00","2500","0.00","21/03/2026"
"ELECTROLYTE SOLUTIONS","ELECTROLYTE SOLUTIONS","Site","PI-148439","SRMF0097","Motor_White_1200mm_Renesa_GV3(35W SR)","0.00","2500","0.00","21/03/2026"
"ELECTROLYTE SOLUTIONS","ELECTROLYTE SOLUTIONS","Site","PI-148440","SRMF0099","Motor_White_1200mm_Renesa_Fixed_35W_GV3","0.00","2500","0.00","21/03/2026"
"ELECTROLYTE SOLUTIONS","ELECTROLYTE SOLUTIONS","Site","PI-148441","SRMF0103","Motor_Brown_1200mm_Renesa_GV3(24V DC)","0.00","2500","0.00","21/03/2026"
"ELECTROLYTE SOLUTIONS","ELECTROLYTE SOLUTIONS","Site","PI-148442","SRMF0105","Motor_Black_1200mm_Renesa+_Reg_28W_GV3","0.00","2500","0.00","21/03/2026"
"ELECTROLYTE SOLUTIONS","ELECTROLYTE SOLUTIONS","Site","PI-148443","SRMF0100","Motor_Brown_1200mm_Efficio_GV2 (48V DC)","0.00","2500","0.00","21/03/2026"
"ELECTROLYTE SOLUTIONS","ELECTROLYTE SOLUTIONS","Site","PI-148444","SRMF0101","Motor_Brown_1200mm_Efficio_GV2(24V DC)","0.00","2500","0.00","21/03/2026"
"ELECTROLYTE SOLUTIONS","ELECTROLYTE SOLUTIONS","Site","PI-148445","SRMF0051","Motor_Brown_900mm_Efficio_Fixed_28W_GV2","0.00","2500","0.00","21/03/2026"
"ELECTROLYTE SOLUTIONS","ELECTROLYTE SOLUTIONS","Site","PI-148446","SRMF0056","Motor_White_900mm_Efficio_Fixed_28W_GV2","0.00","2500","0.00","21/03/2026"
"ELECTROLYTE SOLUTIONS","ELECTROLYTE SOLUTIONS","Site","PI-148447","SRMF0053","Motor_Brown_900mm_Efficio_Fixed_32W_GV2","0.00","2500","0.00","21/03/2026"
"ELECTROLYTE SOLUTIONS","ELECTROLYTE SOLUTIONS","Site","PI-148448","SRMF0058","Motor_White_900mm_Efficio_Fixed_32W_GV2","0.00","2500","0.00","21/03/2026"
"ELECTROLYTE SOLUTIONS","ELECTROLYTE SOLUTIONS","Site","PI-148449","SRMF0067","Motor_Brown_1200mm_Efficio_Fixed_25W_GV2","0.00","2500","0.00","21/03/2026"
"ELECTROLYTE SOLUTIONS","ELECTROLYTE SOLUTIONS","Site","PI-148450","SRMF0073","Motor_Ivory_1200mm_Efficio_Fixed_25W_GV2","0.00","2500","0.00","21/03/2026"
"ELECTROLYTE SOLUTIONS","ELECTROLYTE SOLUTIONS","Site","PI-148451","SRMF0079","Motor_White_1200mm_Efficio_Fixed_25W_GV2","0.00","2500","0.00","21/03/2026"
"ELECTROLYTE SOLUTIONS","ELECTROLYTE SOLUTIONS","Site","PI-148452","SRMF0065","Motor_Brown_1200mm_Efficio_Fixed_28W_GV2","0.00","2500","0.00","21/03/2026"
"ELECTROLYTE SOLUTIONS","ELECTROLYTE SOLUTIONS","Site","PI-148453","SRMF0071","Motor_Ivory_1200mm_Efficio_Fixed_28W_GV2","0.00","2500","0.00","21/03/2026"
"ELECTROLYTE SOLUTIONS","ELECTROLYTE SOLUTIONS","Site","PI-148454","SRMF0077","Motor_White_1200mm_Efficio_Fixed_28W_GV2","0.00","2500","0.00","21/03/2026"
"ELECTROLYTE SOLUTIONS","ELECTROLYTE SOLUTIONS","Site","PI-148455","SRMF0068","Motor_Brown_1200mm_Efficio_Fixed_32W_GV2","0.00","2500","0.00","21/03/2026"
"ELECTROLYTE SOLUTIONS","ELECTROLYTE SOLUTIONS","Site","PI-148456","SRMF0074","Motor_Ivory_1200mm_Efficio_Fixed_32W_GV2","0.00","2500","0.00","21/03/2026"
"ELECTROLYTE SOLUTIONS","ELECTROLYTE SOLUTIONS","Site","PI-148457","SRMF0080","Motor_White_1200mm_Efficio_Fixed_32W_GV2","0.00","2500","0.00","21/03/2026"
"ELECTROLYTE SOLUTIONS","ELECTROLYTE SOLUTIONS","Site","PI-148458","SRMF0069","Motor_Brown_1200mm_Efficio_Fixed_35W_GV2","0.00","2500","0.00","21/03/2026"
"ELECTROLYTE SOLUTIONS","ELECTROLYTE SOLUTIONS","Site","PI-148459","SRMF0075","Motor_Ivory_1200mm_Efficio_Fixed_35W_GV2","0.00","2500","0.00","21/03/2026"
"ELECTROLYTE SOLUTIONS","ELECTROLYTE SOLUTIONS","Site","PI-148460","SRMF0081","Motor_White_1200mm_Efficio_Fixed_35W_GV2","0.00","2500","0.00","21/03/2026"
"ELECTROLYTE SOLUTIONS","ELECTROLYTE SOLUTIONS","Site","PI-148461","SRMF0070","Motor_Brown_1200mm_Efficio_Fixed_38W_GV2","0.00","2500","0.00","21/03/2026"
"ELECTROLYTE SOLUTIONS","ELECTROLYTE SOLUTIONS","Site","PI-148462","SRMF0076","Motor_Ivory_1200mm_Efficio_Fixed_38W_GV2","0.00","2500","0.00","21/03/2026"
"ELECTROLYTE SOLUTIONS","ELECTROLYTE SOLUTIONS","Site","PI-148463","SRMF0082","Motor_White_1200mm_Efficio_Fixed_38W_GV2","0.00","2500","0.00","21/03/2026"
"ELECTROLYTE SOLUTIONS","ELECTROLYTE SOLUTIONS","Site","PI-148464","SRMF0083","Motor_Brown_1400mm_Efficio_Fixed_35W_GV2","0.00","2500","0.00","21/03/2026"
"ELECTROLYTE SOLUTIONS","ELECTROLYTE SOLUTIONS","Site","PI-148465","SRMF0086","Motor_Ivory_1400mm_Efficio_Fixed_35W_GV2","0.00","2500","0.00","21/03/2026"
"ELECTROLYTE SOLUTIONS","ELECTROLYTE SOLUTIONS","Site","PI-148466","SRMF0089","Motor_White_1400mm_Efficio_Fixed_35W_GV2","0.00","2500","0.00","21/03/2026"
"ELECTROLYTE SOLUTIONS","ELECTROLYTE SOLUTIONS","Site","PI-148467","SRMF0085","Motor_Brown_1400mm_Efficio_Fixed_38W_GV2","0.00","2500","0.00","21/03/2026"
"ELECTROLYTE SOLUTIONS","ELECTROLYTE SOLUTIONS","Site","PI-148468","SRMF0088","Motor_Ivory_1400mm_Efficio_Fixed_38W_GV2","0.00","2500","0.00","21/03/2026"
"ELECTROLYTE SOLUTIONS","ELECTROLYTE SOLUTIONS","Site","PI-148469","SRMF0091","Motor_White_1400mm_Efficio_Fixed_38W_GV2","0.00","2500","0.00","21/03/2026"
"ELECTROLYTE SOLUTIONS","ELECTROLYTE SOLUTIONS","Site","PI-148470","SRMF0052","Motor_Brown_900mm_Efficio_Reg_28W_GV2","0.00","2500","0.00","21/03/2026"
"ELECTROLYTE SOLUTIONS","ELECTROLYTE SOLUTIONS","Site","PI-148471","SRMF0055","Motor_Ivory_900mm_Efficio_Reg_28W_GV2","0.00","2500","0.00","21/03/2026"
"ELECTROLYTE SOLUTIONS","ELECTROLYTE SOLUTIONS","Site","PI-148472","SRMF0057","Motor_White_900mm_Efficio_Reg_28W_GV2","0.00","2500","0.00","21/03/2026"
"ELECTROLYTE SOLUTIONS","ELECTROLYTE SOLUTIONS","Site","PI-148473","SRMF0066","Motor_Brown_1200mm_Efficio_Reg_28W_GV2","0.00","2500","0.00","21/03/2026"
"ELECTROLYTE SOLUTIONS","ELECTROLYTE SOLUTIONS","Site","PI-148474","SRMF0072","Motor_Ivory_1200mm_Efficio_Reg_28W_GV2","0.00","2500","0.00","21/03/2026"
"ELECTROLYTE SOLUTIONS","ELECTROLYTE SOLUTIONS","Site","PI-148475","SRMF0084","Motor_Brown_1400mm_Efficio_Reg_35W_GV2","0.00","2500","0.00","21/03/2026"
"ELECTROLYTE SOLUTIONS","ELECTROLYTE SOLUTIONS","Site","PI-148476","SRMF0087","Motor_Ivory_1400mm_Efficio_Reg_35W_GV2","0.00","2500","0.00","21/03/2026"
"ELECTROLYTE SOLUTIONS","ELECTROLYTE SOLUTIONS","Site","PI-148477","SRMF0090","Motor_White_1400mm_Efficio_Reg_35W_GV2","0.00","2500","0.00","21/03/2026"
"ELECTROLYTE SOLUTIONS","ELECTROLYTE SOLUTIONS","Site","PI-148478","MTR001","Efficio_White_1050mm_Motor_GV2_StepRegulator32W","0.00","2500","0.00","21/03/2026"
"ELECTROLYTE SOLUTIONS","ELECTROLYTE SOLUTIONS","Site","PI-148479","SRMF0054","Motor_Brown_900mm_Efficio_Fixed_35W_GV2","0.00","2500","0.00","21/03/2026"
"ELECTROLYTE SOLUTIONS","ELECTROLYTE SOLUTIONS","Site","PI-148480","SRMF0059","Motor_White_900mm_Efficio_Fixed_35W_GV2","0.00","2500","0.00","21/03/2026"
"ELECTROLYTE SOLUTIONS","ELECTROLYTE SOLUTIONS","Site","PI-148481","SRMF0060","Motor_Brown_1050mm_Efficio_Fixed_28W_GV2","0.00","2500","0.00","21/03/2026"
"ELECTROLYTE SOLUTIONS","ELECTROLYTE SOLUTIONS","Site","PI-148482","SRMF0104","Motor_White_1050mm_Efficio_Fixed_28W_GV2","0.00","2500","0.00","21/03/2026"
"ELECTROLYTE SOLUTIONS","ELECTROLYTE SOLUTIONS","Site","PI-148483","SRMF0061","Motor_Brown_1050mm_Efficio_Fixed_32W_GV2","0.00","2500","0.00","21/03/2026"
"ELECTROLYTE SOLUTIONS","ELECTROLYTE SOLUTIONS","Site","PI-148484","SRMF0063","Motor_White_1050mm_Efficio_Fixed_32W_GV2","0.00","2500","0.00","21/03/2026"
"ELECTROLYTE SOLUTIONS","ELECTROLYTE SOLUTIONS","Site","PI-148485","SRMF0062","Motor_Brown_1050mm_Efficio_Fixed_35W_GV2","0.00","2500","0.00","21/03/2026"
"ELECTROLYTE SOLUTIONS","ELECTROLYTE SOLUTIONS","Site","PI-148486","SRMF0064","Motor_White_1050mm_Efficio_Fixed_35W_GV2","0.00","2500","0.00","21/03/2026"
"ELECTROLYTE SOLUTIONS","ELECTROLYTE SOLUTIONS","Site","PI-148487","A1X1284","Motor_Sand Grey_1200mm_Studio+_GV4","0.00","2500","0.00","21/03/2026"
"ELECTROLYTE SOLUTIONS","ELECTROLYTE SOLUTIONS","Site","PI-148488","SRMF0121","Motor_Gloss Brown_1200mm_Renesa Alpha_GV4","0.00","2500","0.00","21/03/2026"
"ELECTROLYTE SOLUTIONS","ELECTROLYTE SOLUTIONS","Site","PI-148489","MF0153","Motor_Earth Brown_1200mm_Studio+Smart_GV4","0.00","2500","0.00","21/03/2026"
"ELECTROLYTE SOLUTIONS","ELECTROLYTE SOLUTIONS","Site","PI-148490","SRMASS0201","Motor_White_1200mm_Efficio_Reg_Dimmer_GV2","0.00","2500","0.00","21/03/2026"
"ELECTROLYTE SOLUTIONS","ELECTROLYTE SOLUTIONS","Site","PI-148491","SRMASS0202","Motor_black_1200mm_Efficio_Reg_Dimmer_GV2","0.00","2500","0.00","21/03/2026"
"ELECTROLYTE SOLUTIONS","ELECTROLYTE SOLUTIONS","Site","PI-148492","SRMASS0203","Motor_Ivory_1200mm_Efficio_Reg_Dimmer_GV2","0.00","2500","0.00","21/03/2026"
"ELECTROLYTE SOLUTIONS","ELECTROLYTE SOLUTIONS","Site","PI-148493","SRMASS0204","Motor_Brown_1200mm_Efficio_Reg_Dimmer_GV2","0.00","2500","0.00","21/03/2026"
"ELECTROLYTE SOLUTIONS","ELECTROLYTE SOLUTIONS","Site","PI-148494","SRMASS0205","Motor_White_1400mm_Efficio_Reg_Dimmer_GV2","0.00","2500","0.00","21/03/2026"
"ELECTROLYTE SOLUTIONS","ELECTROLYTE SOLUTIONS","Site","PI-148495","SRMASS0207","Motor_Ivory_1400mm_Efficio_Reg_Dimmer_GV2","0.00","2500","0.00","21/03/2026"
"ELECTROLYTE SOLUTIONS","ELECTROLYTE SOLUTIONS","Site","PI-148496","SRMASS0208","Motor_Brown_1400mm_Efficio_Reg_Dimmer_GV2","0.00","2500","0.00","21/03/2026"
"ELECTROLYTE SOLUTIONS","ELECTROLYTE SOLUTIONS","Site","PI-148497","SRMASS0193","Motor_White_900mm_Efficio_Reg_Dimmer_GV2","0.00","2500","0.00","21/03/2026"
"ELECTROLYTE SOLUTIONS","ELECTROLYTE SOLUTIONS","Site","PI-148498","SRMASS0195","Motor_Ivory_900mm_Efficio_Reg_Dimmer_GV2","0.00","2500","0.00","21/03/2026"
"ELECTROLYTE SOLUTIONS","ELECTROLYTE SOLUTIONS","Site","PI-148499","SRMASS0196","Motor_Brown_900mm_Efficio_Reg_Dimmer_GV2","0.00","2500","0.00","21/03/2026"
"ELECTROLYTE SOLUTIONS","ELECTROLYTE SOLUTIONS","Site","PI-148500","MASS0197","Motor_White_1050mm_Efficio_Reg_Dimmer_GV2","0.00","2500","0.00","21/03/2026"
"ELECTROLYTE SOLUTIONS","ELECTROLYTE SOLUTIONS","Site","PI-148501","SRMASS0198","Motor_black_1050mm_Efficio_Reg_Dimmer_GV2","0.00","2500","0.00","21/03/2026"
"ELECTROLYTE SOLUTIONS","ELECTROLYTE SOLUTIONS","Site","PI-148502","SRMASS0199","Motor_Ivory_1050mm_Efficio_Reg_Dimmer_GV2","0.00","2500","0.00","21/03/2026"
"ELECTROLYTE SOLUTIONS","ELECTROLYTE SOLUTIONS","Site","PI-148503","SRMASS0200","Motor_Brown_1050mm_Efficio_Reg_Dimmer_GV2","0.00","2500","0.00","21/03/2026"
"ELECTROLYTE SOLUTIONS","ELECTROLYTE SOLUTIONS","Site","PI-148504","SRA023212","Motor_Earth Brown_900mm_Renesa+Reboot_GV5","0.00","2500","0.00","21/03/2026"
"ELECTROLYTE SOLUTIONS","ELECTROLYTE SOLUTIONS","Site","PI-148505","SRA023213","Motor_Midnight black_900mm_Renesa+Reboot_GV5","0.00","2500","0.00","21/03/2026"
"ELECTROLYTE SOLUTIONS","ELECTROLYTE SOLUTIONS","Site","PI-148506","SRA1X1096","Motor_Aegean Blue_1200mm_Erica_GV5","0.00","2500","0.00","21/03/2026"
"ELECTROLYTE SOLUTIONS","ELECTROLYTE SOLUTIONS","Site","PI-148507","SA0047","Body_Aluminium_White_Efficio_GV2","0.00","300","0.00","21/03/2026"
"ELECTROLYTE SOLUTIONS","ELECTROLYTE SOLUTIONS","Site","PI-148508","SA0066","Power PCB (Potting) BL_CF_Renesa_GV3","0.00","400","0.00","21/03/2026"
"ELECTROLYTE SOLUTIONS","ELECTROLYTE SOLUTIONS","Site","PI-148509","SA0067","Power PCB (Potting) WH_CF_Renesa_GV3","0.00","400","0.00","21/03/2026"
"ELECTROLYTE SOLUTIONS","ELECTROLYTE SOLUTIONS","Site","PI-148510","RA0184","Diffuser (Bottom Cap)_Ivory_Renesa_GV3","0.00","60","0.00","21/03/2026"
"ELECTROLYTE SOLUTIONS","ELECTROLYTE SOLUTIONS","Site","PI-148511","A1X1257","Stator_CF_1200mm_Studio_GV2","0.00","500","0.00","21/03/2026"
"ELECTROLYTE SOLUTIONS","ELECTROLYTE SOLUTIONS","Site","PI-148512","ST0043","Power PCB (Potting)_1200mm_Renesa_GV3","0.00","400","0.00","21/03/2026"
"ELECTROLYTE SOLUTIONS","ELECTROLYTE SOLUTIONS","Site","PI-148513","SA0068","Power PCB_Reg_(Potting)_Black_1200mm_Renesa_GV3","0.00","400","0.00","21/03/2026"
"ELECTROLYTE SOLUTIONS","ELECTROLYTE SOLUTIONS","Site","PI-148514","RA0746","Main Plug wire_Efficio_TPW","0.00","142","0.00","21/03/2026"
"ELECTROLYTE SOLUTIONS","ELECTROLYTE SOLUTIONS","Site","PI-148515","RA0755","Blade_Plastic_Dark Walnut_Renesa+__TPW","0.00","448","0.00","21/03/2026"
"ELECTROLYTE SOLUTIONS","ELECTROLYTE SOLUTIONS","Site","PI-148516","RA0781","Remote_Pedestal_TPW","0.00","150","0.00","21/03/2026"
"ELECTROLYTE SOLUTIONS","ELECTROLYTE SOLUTIONS","Site","PI-148517","RA0765","Blade Locking Nut_Efficio_Pedestal_TPW","0.00","90","0.00","21/03/2026"
"ELECTROLYTE SOLUTIONS","ELECTROLYTE SOLUTIONS","Site","PI-148518","RA0752","Neck_400mm_Pedestal_TPW","0.00","199","0.00","21/03/2026"
"ELECTROLYTE SOLUTIONS","ELECTROLYTE SOLUTIONS","Site","PI-148519","SA0070","Power PCB DC 24/48V (Potting)_1200mm_Renesa_GV3","0.00","400","0.00","21/03/2026"
"ELECTROLYTE SOLUTIONS","ELECTROLYTE SOLUTIONS","Site","PI-148520","SRACC0021","Column Rod_400mm_Pedestal E+_TPW","0.00","201","0.00","21/03/2026"
"ELECTROLYTE SOLUTIONS","ELECTROLYTE SOLUTIONS","Site","PI-148521","RA0966","Column Rod for Table (with knob)_400mm_Pedestal E+_TPW","0.00","201","0.00","21/03/2026"
"ELECTROLYTE SOLUTIONS","ELECTROLYTE SOLUTIONS","Site","PI-148522","RA0969","Base_400mm_Pedestal E+_TPW","0.00","250","0.00","21/03/2026"
"ELECTROLYTE SOLUTIONS","ELECTROLYTE SOLUTIONS","Site","PI-148523","RA0970","Washer Bolt_Efficio+_Pedaestal_TPW","0.00","9","0.00","21/03/2026"
"ELECTROLYTE SOLUTIONS","ELECTROLYTE SOLUTIONS","Site","PI-148524","RA0949","Slotter_400mm_Pedestal E+_TPW","0.00","9","0.00","21/03/2026"
"ELECTROLYTE SOLUTIONS","ELECTROLYTE SOLUTIONS","Site","PI-148525","RA0950","Pin & Spirng_Efficio+_Pedaestal_TPW","0.00","9","0.00","21/03/2026"
"ELECTROLYTE SOLUTIONS","ELECTROLYTE SOLUTIONS","Site","PI-148526","RA0952","Torsinal Spring_Efficio+_Pedaestal_TPW","0.00","25","0.00","21/03/2026"
"ELECTROLYTE SOLUTIONS","ELECTROLYTE SOLUTIONS","Site","PI-148527","RA0953","Manual Switches_TPW","0.00","142","0.00","21/03/2026"
"ELECTROLYTE SOLUTIONS","ELECTROLYTE SOLUTIONS","Site","PI-148528","RA0955","Front Plastic Cover for Motor_400mm_Pedestal E+_TPW","0.00","142","0.00","21/03/2026"
"ELECTROLYTE SOLUTIONS","ELECTROLYTE SOLUTIONS","Site","PI-148529","RA0954","Back Cover_Plastic For Motor_400mm_Pedestal E+_TPW","0.00","150","0.00","21/03/2026"
"ELECTROLYTE SOLUTIONS","ELECTROLYTE SOLUTIONS","Site","PI-148530","SRRA0956","Plastic assembly for Power PCB","0.00","94","0.00","21/03/2026"
"ELECTROLYTE SOLUTIONS","ELECTROLYTE SOLUTIONS","Site","PI-148531","SRRA0957","Plastic assembly for Control PCB","0.00","94","0.00","21/03/2026"
"ELECTROLYTE SOLUTIONS","ELECTROLYTE SOLUTIONS","Site","PI-148532","RA0959","Connector Wire - 4 pin Digital/Control PCB to Display or sensor PCB","0.00","25","0.00","21/03/2026"
"ELECTROLYTE SOLUTIONS","ELECTROLYTE SOLUTIONS","Site","PI-148533","RA0960","Connecting Wire -5 pin_400mm_Pedestal E+_TPW","0.00","25","0.00","21/03/2026"
"ELECTROLYTE SOLUTIONS","ELECTROLYTE SOLUTIONS","Site","PI-148534","RA0961","Connecting Wire - 3 pin BLdc motor to Power PCB_400mm_Pedestal E+_TPW","0.00","25","0.00","21/03/2026"
"ELECTROLYTE SOLUTIONS","ELECTROLYTE SOLUTIONS","Site","PI-148535","RA0968","Sensor Cap_TPW","0.00","94","0.00","21/03/2026"
"ELECTROLYTE SOLUTIONS","ELECTROLYTE SOLUTIONS","Site","PI-148536","SRSPR0098","Main Plug wire_Efficio+ Pedestal TPW","0.00","142","0.00","21/03/2026"
"ELECTROLYTE SOLUTIONS","ELECTROLYTE SOLUTIONS","Site","PI-148537","SRACC0043","Bracket for Customer_TPW","0.00","201","0.00","21/03/2026"
"ELECTROLYTE SOLUTIONS","ELECTROLYTE SOLUTIONS","Site","PI-148538","RA1325","Grill Set_Efficio+_Walal Mount_TPW","0.00","300","0.00","21/03/2026"
"ELECTROLYTE SOLUTIONS","ELECTROLYTE SOLUTIONS","Site","PI-148539","RA0987","Front Plastic Cover for Motor at Top_400mm_Wall Mount E+_TPW","0.00","142","0.00","21/03/2026"
"ELECTROLYTE SOLUTIONS","ELECTROLYTE SOLUTIONS","Site","PI-148540","RA0985","Back Cover_Plastic For Motor at Top_400mm_Wall Mount E+_TPW","0.00","150","0.00","21/03/2026"
"ELECTROLYTE SOLUTIONS","ELECTROLYTE SOLUTIONS","Site","PI-148541","RA0978","Neck_400mm_Wall Mount E+_TPW","0.00","199","0.00","21/03/2026"
"ELECTROLYTE SOLUTIONS","ELECTROLYTE SOLUTIONS","Site","PI-148542","RA0981","Rubber Base at bottom_400mm_Wall Mount E+_TPW","0.00","71","0.00","21/03/2026"
"ELECTROLYTE SOLUTIONS","ELECTROLYTE SOLUTIONS","Site","PI-148543","RA0984","Wall Bracket for fan base","0.00","201","0.00","21/03/2026"
"ELECTROLYTE SOLUTIONS","ELECTROLYTE SOLUTIONS","Site","PI-148544","RA0991","Connecting Wire - 3 pin BLdc motor to Power PCB_400mm_Wall Mount E+_TPW","0.00","25","0.00","21/03/2026"
"ELECTROLYTE SOLUTIONS","ELECTROLYTE SOLUTIONS","Site","PI-148545","SRMASS0154","Complete Assembly_White_150mm_Studio_EXH","0.00","4720","0.00","21/03/2026"
"ELECTROLYTE SOLUTIONS","ELECTROLYTE SOLUTIONS","Site","PI-148546","SRSPR0110","Screw-Bldc Motor_150mm_Studio EXH","0.00","9","0.00","21/03/2026"
"ELECTROLYTE SOLUTIONS","ELECTROLYTE SOLUTIONS","Site","PI-148547","SRSPR0112","Plastic Panel White_Studio_Exhauast Fan_EXH","0.00","300","0.00","21/03/2026"
"ELECTROLYTE SOLUTIONS","ELECTROLYTE SOLUTIONS","Site","PI-148548","SRSPR0117","Plastic Motor Housing_Studio_EXH","0.00","300","0.00","21/03/2026"
"ELECTROLYTE SOLUTIONS","ELECTROLYTE SOLUTIONS","Site","PI-148549","SRSPR0124","Plastic Panel White_Efficio_Exhaaust Fan_EXH","0.00","300","0.00","21/03/2026"
"ELECTROLYTE SOLUTIONS","ELECTROLYTE SOLUTIONS","Site","PI-148550","SRSPR0131","Metal_Plate_BLDC Motor_EXH","0.00","142","0.00","21/03/2026"
"ELECTROLYTE SOLUTIONS","ELECTROLYTE SOLUTIONS","Site","PI-148551","SRSPR0140","Plastic Panel White_Studio+_Exhaaust Fan_EXH","0.00","276","0.00","21/03/2026"
"ELECTROLYTE SOLUTIONS","ELECTROLYTE SOLUTIONS","Site","PI-148552","SRSPR0142","Plastic Shutter Assembly(Ring)_150mm_Studio+_EXH","0.00","142","0.00","21/03/2026"
"ELECTROLYTE SOLUTIONS","ELECTROLYTE SOLUTIONS","Site","PI-148553","SRSPR0144","Blade_Plastic___Studio+_Exhaust","0.00","250","0.00","21/03/2026"
"ELECTROLYTE SOLUTIONS","ELECTROLYTE SOLUTIONS","Site","PI-148554","SRSPR0141","Plastic Panel Steel_Studio+_Exhaaust Fan_EXH","0.00","300","0.00","21/03/2026"
"ELECTROLYTE SOLUTIONS","ELECTROLYTE SOLUTIONS","Site","PI-148555","SRACC0020","Column Rod (with knob)_TPW","0.00","80","0.00","21/03/2026"
"ELECTROLYTE SOLUTIONS","ELECTROLYTE SOLUTIONS","Site","PI-148556","SRACC0001","Pedestal_400mm_BaseTPW","0.00","80","0.00","21/03/2026"
"ELECTROLYTE SOLUTIONS","ELECTROLYTE SOLUTIONS","Site","PI-148557","RA0856","Top Body_Plastic_Pearl White_CF_Studio+_GV4","0.00","150","0.00","21/03/2026"
"ELECTROLYTE SOLUTIONS","ELECTROLYTE SOLUTIONS","Site","PI-148558","A075101","Bearing_CF_Gorila_GV1","0.00","80","0.00","21/03/2026"
"ELECTROLYTE SOLUTIONS","ELECTROLYTE SOLUTIONS","Site","PI-148559","A073404","Downrod_Pearl White_CF_Studio+_GV4","0.00","60","0.00","21/03/2026"
"ELECTROLYTE SOLUTIONS","ELECTROLYTE SOLUTIONS","Site","PI-148560","RA0149","Batteries_CF","0.00","41","0.00","21/03/2026"
"ELECTROLYTE SOLUTIONS","ELECTROLYTE SOLUTIONS","Site","PI-148561","RA0853","(Old canopy) BottomCanopy_Earth Brown_CF_Studio+_GV4","0.00","85","0.00","21/03/2026"
"ELECTROLYTE SOLUTIONS","ELECTROLYTE SOLUTIONS","Site","PI-148562","RA0858","Top Body_Plastic_Earth Brown_CF_Studio+_GV4","0.00","150","0.00","21/03/2026"
"ELECTROLYTE SOLUTIONS","ELECTROLYTE SOLUTIONS","Site","PI-148563","A073409","Downrod_Sand Grey_CF_Studio+_GV4","0.00","60","0.00","21/03/2026"
"ELECTROLYTE SOLUTIONS","ELECTROLYTE SOLUTIONS","Site","PI-148564","SRMASS0152","Complete Assembly_250mm_Efficio_EXH","0.00","4720","0.00","21/03/2026"
"ELECTROLYTE SOLUTIONS","ELECTROLYTE SOLUTIONS","Site","PI-148565","A073511","Downrod_Gloss Brown_CF_Gorila_GV1","0.00","60","0.00","21/03/2026"
"ELECTROLYTE SOLUTIONS","ELECTROLYTE SOLUTIONS","Site","PI-148566","RA0931","Canopy_Ivory_CF_Renesa Alpha_GV4","0.00","150","0.00","21/03/2026"
"ELECTROLYTE SOLUTIONS","ELECTROLYTE SOLUTIONS","Site","PI-148567","RA0930","Diffuser_Ivory_Renesa Alpha_GV4","0.00","60","0.00","21/03/2026"
"ELECTROLYTE SOLUTIONS","ELECTROLYTE SOLUTIONS","Site","PI-148568","A073407","Downrod_Ivory_CF_Renesa Alpha_GV4","0.00","60","0.00","21/03/2026"
"ELECTROLYTE SOLUTIONS","ELECTROLYTE SOLUTIONS","Site","PI-148569","RA0937","Blade_Aluminium_White_1200mm_Naveo_GV4","0.00","599","0.00","21/03/2026"
"ELECTROLYTE SOLUTIONS","ELECTROLYTE SOLUTIONS","Site","PI-148570","RA0900","Top plastic Cover_White_Naveo_GV4","0.00","150","0.00","21/03/2026"
"ELECTROLYTE SOLUTIONS","ELECTROLYTE SOLUTIONS","Site","PI-148571","RA0901","Bottom Plastic Cover_White_Naveo_GV4","0.00","150","0.00","21/03/2026"
"ELECTROLYTE SOLUTIONS","ELECTROLYTE SOLUTIONS","Site","PI-148572","RA0904","Top plastic Cover_Brown_Naveo_GV4","0.00","150","0.00","21/03/2026"
"ELECTROLYTE SOLUTIONS","ELECTROLYTE SOLUTIONS","Site","PI-148573","RA0905","Bottom Plastic Cover_Gloss Brown_Naveo_GV4","0.00","150","0.00","21/03/2026"
"ELECTROLYTE SOLUTIONS","ELECTROLYTE SOLUTIONS","Site","PI-148574","RA0913","Blade_Aluminium_Gloss Black_1200mm_Efficio/Efficio+/Studio_GV2","0.00","599","0.00","21/03/2026"
"ELECTROLYTE SOLUTIONS","ELECTROLYTE SOLUTIONS","Site","PI-148575","RA0909","Top plastic Cover_Bloss Black_Naveo_GV4","0.00","150","0.00","21/03/2026"
"ELECTROLYTE SOLUTIONS","ELECTROLYTE SOLUTIONS","Site","PI-148576","RA0910","Bottom Plastic Cover_Gloss Black_Naveo_GV4","0.00","150","0.00","21/03/2026"
"ELECTROLYTE SOLUTIONS","ELECTROLYTE SOLUTIONS","Site","PI-148577","MASS0184","Main PCB_CF_1200mm_Gorila_GV1","0.00","500","0.00","21/03/2026"
"ELECTROLYTE SOLUTIONS","ELECTROLYTE SOLUTIONS","Site","PI-148578","SRACC0032","Grill Locking_Efficio_Pedeastal_TPW","0.00","15","0.00","21/03/2026"
"ELECTROLYTE SOLUTIONS","ELECTROLYTE SOLUTIONS","Site","PI-148579","RA1011","Bottom Body_Plastic_Ivory_CF_Ozeo_GV4","0.00","142","0.00","21/03/2026"
"ELECTROLYTE SOLUTIONS","ELECTROLYTE SOLUTIONS","Site","PI-148580","RA1013","Bottom Body_Plastic_Black_CF_Ozeo_GV4","0.00","142","0.00","21/03/2026"
"ELECTROLYTE SOLUTIONS","ELECTROLYTE SOLUTIONS","Site","PI-148581","RA1009","Top Body_Metal_Black_CF_Ozeo_GV4","0.00","300","0.00","21/03/2026"
"ELECTROLYTE SOLUTIONS","ELECTROLYTE SOLUTIONS","Site","PI-148582","A036701","Safety Wire_CF","0.00","80","0.00","21/03/2026"
"ELECTROLYTE SOLUTIONS","ELECTROLYTE SOLUTIONS","Site","PI-148583","SA0014","Digital PCB DC 24/48V DC GV2","0.00","350","0.00","21/03/2026"
"ELECTROLYTE SOLUTIONS","ELECTROLYTE SOLUTIONS","Site","PI-148584","SRSPR0240","Blade_Plastic Cap_150mm_Efficio_EXH","0.00","600","0.00","21/03/2026"
"ELECTROLYTE SOLUTIONS","ELECTROLYTE SOLUTIONS","Site","PI-148585","SRSPR0246","Blade_Plastic_250mm_Efficio_EXH","0.00","600","0.00","21/03/2026"
"ELECTROLYTE SOLUTIONS","ELECTROLYTE SOLUTIONS","Site","PI-148586","SRSPR0247","Blade_Plastic Cap_250mm_Efficio_EXH","0.00","600","0.00","21/03/2026"
"ELECTROLYTE SOLUTIONS","ELECTROLYTE SOLUTIONS","Site","PI-148587","A036106","Motor_Black_1200mm_Studio+_GV4","0.00","2500","0.00","21/03/2026"
"ELECTROLYTE SOLUTIONS","ELECTROLYTE SOLUTIONS","Site","PI-148588","RA1075","Blade_Aluminium_Gloss Ivory_1200mm_Naveo_GV4","0.00","600","0.00","21/03/2026"
"ELECTROLYTE SOLUTIONS","ELECTROLYTE SOLUTIONS","Site","PI-148589","RA1073","Top Plastc Cover_Ivory_CF_Naveo_GV4","0.00","80","0.00","21/03/2026"
"ELECTROLYTE SOLUTIONS","ELECTROLYTE SOLUTIONS","Site","PI-148590","RA1074","Bottom Plastic Cover_Ivory_CF_Naveo_GV4","0.00","80","0.00","21/03/2026"
"ELECTROLYTE SOLUTIONS","ELECTROLYTE SOLUTIONS","Site","PI-148591","A1X0042V1","Diffuser_Sand Grey_Studio+_GV4","0.00","60","0.00","21/03/2026"
"ELECTROLYTE SOLUTIONS","ELECTROLYTE SOLUTIONS","Site","PI-148592","B1C0005","MG1.0 Power cord molded with connector & Grommet","1.00","80","0.00","21/03/2026"
"ELECTROLYTE SOLUTIONS","ELECTROLYTE SOLUTIONS","Site","PI-148593","B1H0002","Screws (ST 4.2x12.7, Zinc plated)_MG1","0.00","80","0.00","21/03/2026"
"ELECTROLYTE SOLUTIONS","ELECTROLYTE SOLUTIONS","Site","PI-148594","B1H0016","Earthing screw  lock washer_MG1","0.00","80","0.00","21/03/2026"
"ELECTROLYTE SOLUTIONS","ELECTROLYTE SOLUTIONS","Site","PI-148595","B1H0029","Screw (ST2.2 x 5) B TYPE_MG1","0.00","80","0.00","21/03/2026"
"ELECTROLYTE SOLUTIONS","ELECTROLYTE SOLUTIONS","Site","PI-148596","B1X0014","MG1.0 BLDC MOTOR","0.00","1300","0.00","21/03/2026"
"ELECTROLYTE SOLUTIONS","ELECTROLYTE SOLUTIONS","Site","PI-148597","B1X0023","MG1.0Top cover rubber pad","0.00","10","0.00","21/03/2026"
"ELECTROLYTE SOLUTIONS","ELECTROLYTE SOLUTIONS","Site","PI-148598","B1X0024","MG1.0 Motor mounting pad","0.00","4720","0.00","21/03/2026"
"ELECTROLYTE SOLUTIONS","ELECTROLYTE SOLUTIONS","Site","PI-148599","B1X0025","MG1.0 Rubber feet (Vaccum type)","0.00","80","0.00","21/03/2026"
"ELECTROLYTE SOLUTIONS","ELECTROLYTE SOLUTIONS","Site","PI-148600","B1X0077","MG1.0 Knob, lower trim Sand grey","0.00","80","0.00","21/03/2026"
"ELECTROLYTE SOLUTIONS","ELECTROLYTE SOLUTIONS","Site","PI-148601","B1X0079","MG1.0 Pulse button metallic silver","0.00","80","0.00","21/03/2026"
"ELECTROLYTE SOLUTIONS","ELECTROLYTE SOLUTIONS","Site","PI-148602","B1X0081","MG1.0 Enclosure + printed Black","1.00","80","0.00","21/03/2026"
"ELECTROLYTE SOLUTIONS","ELECTROLYTE SOLUTIONS","Site","PI-148603","B1X0098","MG1.0 Mech Switch","0.00","80","0.00","21/03/2026"
"ELECTROLYTE SOLUTIONS","ELECTROLYTE SOLUTIONS","Site","PI-148604","B1X0120","MG1.0 Top cover","0.00","220","0.00","21/03/2026"
"ELECTROLYTE SOLUTIONS","ELECTROLYTE SOLUTIONS","Site","PI-148605","A157501","Knob Assembly With Interface PCB_Zenova_MG","1.00","400","1.00","21/03/2026"
"ELECTROLYTE SOLUTIONS","ELECTROLYTE SOLUTIONS","Site","PI-148606","RA0239","Screw M2.5x6_MG1","1.00","80","0.00","21/03/2026"
"ELECTROLYTE SOLUTIONS","ELECTROLYTE SOLUTIONS","Site","PI-148607","B1X0066","MG1.0 Spatula","0.00","80","0.00","21/03/2026"
"ELECTROLYTE SOLUTIONS","ELECTROLYTE SOLUTIONS","Site","PI-148608","B1X0082","MG01 Enclosure + Printed Wine","0.00","80","0.00","21/03/2026"
"ELECTROLYTE SOLUTIONS","ELECTROLYTE SOLUTIONS","Site","PI-148609","SRSPR0992","Plastic Shutter Assembly_Efficio+_EXH","0.00","80","0.00","21/03/2026"
"ELECTROLYTE SOLUTIONS","ELECTROLYTE SOLUTIONS","Site","PI-148610","SRSPR0991","SyncMotor Assembly with PCB_EXH","0.00","4720","0.00","21/03/2026"
"ELECTROLYTE SOLUTIONS","ELECTROLYTE SOLUTIONS","Site","PI-148611","SRSPR0985","EF+_Plastic Shutter Assembly(White)_EXH","0.00","80","0.00","21/03/2026"
"ELECTROLYTE SOLUTIONS","ELECTROLYTE SOLUTIONS","Site","PI-148612","SRSPR0979","Blade_Plastic_White__Efficio/Efficio+_EXH","0.00","600","0.00","21/03/2026"
"ELECTROLYTE SOLUTIONS","ELECTROLYTE SOLUTIONS","Site","PI-148613","SRSPR0972","front Cover_Plastic_Black_150_Efficio_EXH","0.00","220","0.00","21/03/2026"
"ELECTROLYTE SOLUTIONS","ELECTROLYTE SOLUTIONS","Site","PI-148614","SRSPR0965","front Cover_Plastic_Brown_200mm_Efficio_EXH","0.00","220","0.00","21/03/2026"
"ELECTROLYTE SOLUTIONS","ELECTROLYTE SOLUTIONS","Site","PI-148615","SRSPR0947","Blade_Plastic Brown_250mm_Efficio_EXH","0.00","600","0.00","21/03/2026"
"ELECTROLYTE SOLUTIONS","ELECTROLYTE SOLUTIONS","Site","PI-148616","SRSPR0936","Plastic Front Face(Panel Brown_E_Brown_150mm_Studio_EXH","0.00","80","0.00","21/03/2026"
"ELECTROLYTE SOLUTIONS","ELECTROLYTE SOLUTIONS","Site","PI-148617","SRSPR0914","Motor Bldc__Studio+_EXH","0.00","500","0.00","21/03/2026"
"ELECTROLYTE SOLUTIONS","ELECTROLYTE SOLUTIONS","Site","PI-148618","SRSPR0931","Front Motor Housing plastic cover Grey Studio+_V1_EXH","0.00","300","0.00","21/03/2026"
"ELECTROLYTE SOLUTIONS","ELECTROLYTE SOLUTIONS","Site","PI-148619","SRSPR0932","Front Motor Housing plastic cover black Studio+_V1_EXH","0.00","300","0.00","21/03/2026"
"ELECTROLYTE SOLUTIONS","ELECTROLYTE SOLUTIONS","Site","PI-148620","A2H0019","M6X22 Bolt_Renesa Pedesatal_Non Swing_TPW","0.00","80","0.00","21/03/2026"
"ELECTROLYTE SOLUTIONS","ELECTROLYTE SOLUTIONS","Site","PI-148621","A2X0010","Thumb screw_Snow White_Renesa/Stelios/Stelios Pro/Izar Pedestal_TPW","0.00","80","0.00","21/03/2026"
"ELECTROLYTE SOLUTIONS","ELECTROLYTE SOLUTIONS","Site","PI-148622","A2X0016","Torsion Spring_Renesa Pedesatal_Non Swing_TPW","0.00","80","0.00","21/03/2026"
"ELECTROLYTE SOLUTIONS","ELECTROLYTE SOLUTIONS","Site","PI-148623","A2X0018","Ball-plunger_Renesa Pedesatal_Non Swing_TPW","0.00","80","0.00","21/03/2026"
"ELECTROLYTE SOLUTIONS","ELECTROLYTE SOLUTIONS","Site","PI-148624","A2X0029","Split Pin_Renesa Pedesatal_TPW","0.00","80","0.00","21/03/2026"
"ELECTROLYTE SOLUTIONS","ELECTROLYTE SOLUTIONS","Site","PI-148625","A2X0031","TPW Renesa Non Swing  Power PCB Plate","0.00","500","0.00","21/03/2026"
"ELECTROLYTE SOLUTIONS","ELECTROLYTE SOLUTIONS","Site","PI-148626","A2X0036","Non Rear Cover Midnight White_TPW","0.00","80","0.00","21/03/2026"
"ELECTROLYTE SOLUTIONS","ELECTROLYTE SOLUTIONS","Site","PI-148627","A2X0059","Belt Lock Snow White_TPW","0.00","80","0.00","21/03/2026"
"ELECTROLYTE SOLUTIONS","ELECTROLYTE SOLUTIONS","Site","PI-148628","A2X0066","Triangular Nut_Snow White_Renesa/Stelios/Stelios Pro/Izar Pedestal_TPW","0.00","80","0.00","21/03/2026"
"ELECTROLYTE SOLUTIONS","ELECTROLYTE SOLUTIONS","Site","PI-148629","A2X0067","Blade Nut_Snow White_Renesa/Stelios/Stelios Pro/Izar Pedestal_TPW","0.00","600","0.00","21/03/2026"
"ELECTROLYTE SOLUTIONS","ELECTROLYTE SOLUTIONS","Site","PI-148630","A2X0071","Blade_Plastic_Snow White__Renesa_TPW","1.00","600","0.00","21/03/2026"
"ELECTROLYTE SOLUTIONS","ELECTROLYTE SOLUTIONS","Site","PI-148631","A2X0075","Remote_Renesa Non-Swing_TPW","0.00","250","0.00","21/03/2026"
"ELECTROLYTE SOLUTIONS","ELECTROLYTE SOLUTIONS","Site","PI-148632","A2X0130","TPW Renesa Face Plate IntegratedTPW","0.00","80","0.00","21/03/2026"
"ELECTROLYTE SOLUTIONS","ELECTROLYTE SOLUTIONS","Site","PI-148633","A2X0134","Blade Nut_Black_Renesa Pedestal/Wall/Table/Stelios Pro/Izar Pedestal_TPW","1.00","600","0.00","21/03/2026"
"ELECTROLYTE SOLUTIONS","ELECTROLYTE SOLUTIONS","Site","PI-148634","A2X0144","Grill Belt Midnight Black_Renesa Pedesatal_Non Swing_TPW","0.00","80","0.00","21/03/2026"
"ELECTROLYTE SOLUTIONS","ELECTROLYTE SOLUTIONS","Site","PI-148635","A2X0150","Thumb screw_Midnight black_Renesa/Stelios/Stelios Pro/Izar Pedestal_TPW","0.00","80","0.00","21/03/2026"
"ELECTROLYTE SOLUTIONS","ELECTROLYTE SOLUTIONS","Site","PI-148636","A2X0154","Front Grill Midnight Black_TPW","2.00","80","0.00","21/03/2026"
"ELECTROLYTE SOLUTIONS","ELECTROLYTE SOLUTIONS","Site","PI-148637","A2X0156","Rear Grill Midnight Black_TPW","0.00","80","0.00","21/03/2026"
"ELECTROLYTE SOLUTIONS","ELECTROLYTE SOLUTIONS","Site","PI-148638","A2X0158","Belt Lock Midnight Black_TPW","0.00","80","0.00","21/03/2026"
"ELECTROLYTE SOLUTIONS","ELECTROLYTE SOLUTIONS","Site","PI-148639","A2X0160","Triangular Nut(Grill Nut)_Midnight Black_Renesa/Stelios/Stelios Pro/Izar Pedestal_TPW","2.00","80","0.00","21/03/2026"
"ELECTROLYTE SOLUTIONS","ELECTROLYTE SOLUTIONS","Site","PI-148640","A2X0165","Blade_Plastic_Black__Renesa Pedestal/Wall/Table_TPW","1.00","600","0.00","21/03/2026"
"ELECTROLYTE SOLUTIONS","ELECTROLYTE SOLUTIONS","Site","PI-148641","A2X0168","Small Pipe with threaded plug Snow WhiteTPW","0.00","80","0.00","21/03/2026"
"ELECTROLYTE SOLUTIONS","ELECTROLYTE SOLUTIONS","Site","PI-148642","A2X0169","Small Pipe with threaded plug Midnight  BlackTPW","0.00","80","0.00","21/03/2026"
"ELECTROLYTE SOLUTIONS","ELECTROLYTE SOLUTIONS","Site","PI-148643","A2X0174","Mains Cord Midnight Black_TPW","0.00","80","0.00","21/03/2026"
"ELECTROLYTE SOLUTIONS","ELECTROLYTE SOLUTIONS","Site","PI-148644","A3X0010","Sync Motor Plate_Renesa Pedestal/Wall/Table/Stelios Pro Pedestal_TPW","0.00","4720","0.00","21/03/2026"
"ELECTROLYTE SOLUTIONS","ELECTROLYTE SOLUTIONS","Site","PI-148645","A3X0012","Rear Cover_Snow White_Renesa Pedestal/Wall_TPW","0.00","80","0.00","21/03/2026"
"ELECTROLYTE SOLUTIONS","ELECTROLYTE SOLUTIONS","Site","PI-148646","A3X0013","Face Plate Snow White_TPW","0.00","80","0.00","21/03/2026"
"ELECTROLYTE SOLUTIONS","ELECTROLYTE SOLUTIONS","Site","PI-148647","A3X0033","Front Grill Décor_Black_Renesa Pedestal/Table_TPW","2.00","80","0.00","21/03/2026"
"ELECTROLYTE SOLUTIONS","ELECTROLYTE SOLUTIONS","Site","PI-148648","RA0240","Screw M2.5x9_CF","0.00","80","0.00","21/03/2026"
"ELECTROLYTE SOLUTIONS","ELECTROLYTE SOLUTIONS","Site","PI-148649","RA0835","GV4 Wave Washer_CF","0.00","80","0.00","21/03/2026"
"ELECTROLYTE SOLUTIONS","ELECTROLYTE SOLUTIONS","Site","PI-148650","RA0836","GV4 Plain Washer_CF","0.00","80","0.00","21/03/2026"
"ELECTROLYTE SOLUTIONS","ELECTROLYTE SOLUTIONS","Site","PI-148651","RA0215","GV2 Poly Cover Motor(12x16in)_CF","0.00","4720","0.00","21/03/2026"
"ELECTROLYTE SOLUTIONS","ELECTROLYTE SOLUTIONS","Site","PI-148652","A1X0189","Downrod_MATT Pink_Erica_GV5","0.00","60","0.00","21/03/2026"
"ELECTROLYTE SOLUTIONS","ELECTROLYTE SOLUTIONS","Site","PI-148653","A1X1088","Canopy_Pink_Erica_GV5","0.00","150","0.00","21/03/2026"
"ELECTROLYTE SOLUTIONS","ELECTROLYTE SOLUTIONS","Site","PI-148654","A013101","MG1 Liquidizer handle assembly","0.00","80","0.00","21/03/2026"
"ELECTROLYTE SOLUTIONS","ELECTROLYTE SOLUTIONS","Site","PI-148655","SRMF0015V1","Motor_Earth Brown_900mm_Efficio+(without trim)_GV2","0.00","2500","0.00","21/03/2026"
"ELECTROLYTE SOLUTIONS","ELECTROLYTE SOLUTIONS","Site","PI-148656","SRMF0016V1","Motor_Golden_900mm_Efficio+_GV2","0.00","2500","0.00","21/03/2026"
"ELECTROLYTE SOLUTIONS","ELECTROLYTE SOLUTIONS","Site","PI-148657","SRMF0017V1","Motor_Pearl White_900mm_Efficio+(without trim)_GV2","0.00","2500","0.00","21/03/2026"
"ELECTROLYTE SOLUTIONS","ELECTROLYTE SOLUTIONS","Site","PI-148658","SRMF0018V1","Motor_Sand Grey_900mm_Efficio+(without trim)_GV2","0.00","2500","0.00","21/03/2026"
"ELECTROLYTE SOLUTIONS","ELECTROLYTE SOLUTIONS","Site","PI-148659","SRRA0049","Blade_Aluminium_Earth Brown_1200mm_Efficio+_(without Trim)GV2","0.00","600","0.00","21/03/2026"
"ELECTROLYTE SOLUTIONS","ELECTROLYTE SOLUTIONS","Site","PI-148660","SRMF0019V1","Motor_Earth Brown_1200mm_Efficio+ (without trim)_GV2","0.00","2500","0.00","21/03/2026"
"ELECTROLYTE SOLUTIONS","ELECTROLYTE SOLUTIONS","Site","PI-148661","SRA005401","Blade_Aluminium_Efficio/Efficio+/Studio_1200mm_GV2","0.00","600","0.00","21/03/2026"
"ELECTROLYTE SOLUTIONS","ELECTROLYTE SOLUTIONS","Site","PI-148662","SRMF0020V1","Motor_Golden_1200mm_Efficio+_GV2","0.00","2500","0.00","21/03/2026"
"ELECTROLYTE SOLUTIONS","ELECTROLYTE SOLUTIONS","Site","PI-148663","SRRA0055","Blade_Aluminium_Pearl Ivory_1200mm_Efficio/Efficio+/Studio_GV2","0.00","600","0.00","21/03/2026"
"ELECTROLYTE SOLUTIONS","ELECTROLYTE SOLUTIONS","Site","PI-148664","SRMF0021V1","Motor_Pearl Ivory_1200mm_Efficio+(without Trim)_GV2","0.00","2500","0.00","21/03/2026"
"ELECTROLYTE SOLUTIONS","ELECTROLYTE SOLUTIONS","Site","PI-148665","SRRA0048","Blade_Aluminium_Sand Gray_1200mm_Efficio/Efficio+/Studio_GV2","0.00","600","0.00","21/03/2026"
"ELECTROLYTE SOLUTIONS","ELECTROLYTE SOLUTIONS","Site","PI-148666","SRMF0023V1","Motor_Sand Grey_1200mm_Efficio+(without trim)_GV2","0.00","2500","0.00","21/03/2026"
"ELECTROLYTE SOLUTIONS","ELECTROLYTE SOLUTIONS","Site","PI-148667","SRMF0024V1","Motor_Earth Brown_1400mm_Efficio+ (without trim)_GV2","0.00","2500","0.00","21/03/2026"
"ELECTROLYTE SOLUTIONS","ELECTROLYTE SOLUTIONS","Site","PI-148668","SRMF0025V1","Motor_Golden_1400mm_Efficio+_GV2","0.00","2500","0.00","21/03/2026"
"ELECTROLYTE SOLUTIONS","ELECTROLYTE SOLUTIONS","Site","PI-148669","SRMF0026V1","Motor_Pearl White_1400mm_Efficio+(without trim)_GV2","0.00","2500","0.00","21/03/2026"
"ELECTROLYTE SOLUTIONS","ELECTROLYTE SOLUTIONS","Site","PI-148670","SRMF0027V1","Motor_Sand Grey_1400mm_Efficio+(without trim)_GV2","0.00","2500","0.00","21/03/2026"
"ELECTROLYTE SOLUTIONS","ELECTROLYTE SOLUTIONS","Site","PI-148671","B1X0029","MG1.0 Liquidizer lid cup","0.00","80","0.00","21/03/2026"
"ELECTROLYTE SOLUTIONS","ELECTROLYTE SOLUTIONS","Site","PI-148672","SRSA0052","Body_Aluminium_Pearl Ivory_Efficio+_(without trim) GV2","0.00","220","0.00","21/03/2026"
"ELECTROLYTE SOLUTIONS","ELECTROLYTE SOLUTIONS","Site","PI-148673","SRA1M0264","Motor_White_0900mm_Renesa_GV3","0.00","2500","0.00","21/03/2026"
"ELECTROLYTE SOLUTIONS","ELECTROLYTE SOLUTIONS","Site","PI-148674","A2X0032","Mains Cord Snow white_TPW","0.00","80","0.00","21/03/2026"
"ELECTROLYTE SOLUTIONS","ELECTROLYTE SOLUTIONS","Site","PI-148675","A2X0017","Compression Spring_Renesa Pedestal/Wall/Table/Stelios Pro Pedestal_TPW","0.00","80","0.00","21/03/2026"
"ELECTROLYTE SOLUTIONS","ELECTROLYTE SOLUTIONS","Site","PI-148676","A3X0005","Hook Plate_TPW","3.00","80","0.00","21/03/2026"
"ELECTROLYTE SOLUTIONS","ELECTROLYTE SOLUTIONS","Site","PI-148677","Z0H0041","wall Bracket (Screws)Pozidrive 4x12 mm_TPW","0.00","80","0.00","21/03/2026"
"ELECTROLYTE SOLUTIONS","ELECTROLYTE SOLUTIONS","Site","PI-148678","A3X0006","Mounting PlateTPW","5.00","80","0.00","21/03/2026"
"ELECTROLYTE SOLUTIONS","ELECTROLYTE SOLUTIONS","Site","PI-148679","A3H0001","5 Pin Wire Harness_Renesa Pedestal/Wall/Table/_TPW","0.00","80","0.00","21/03/2026"
"ELECTROLYTE SOLUTIONS","ELECTROLYTE SOLUTIONS","Site","PI-148680","A2H0006","Lever  screws ST 3.9 X 19.5 C_Renesa Wall Mount (Walrus)_TPW","0.00","80","0.00","21/03/2026"
"ELECTROLYTE SOLUTIONS","ELECTROLYTE SOLUTIONS","Site","PI-148681","A2H0005","Lever  screws ST 3.9 X 14 C_Renesa Wall Mount (Walrus)_TPW","0.00","80","0.00","21/03/2026"
"ELECTROLYTE SOLUTIONS","ELECTROLYTE SOLUTIONS","Site","PI-148682","A2H0016","Base Screw ST 3.5 X 6.35F_Renesa Wall Mount (Walrus)_TPW","0.00","80","0.00","21/03/2026"
"ELECTROLYTE SOLUTIONS","ELECTROLYTE SOLUTIONS","Site","PI-148683","A3X0002","Back Plate_Renesa Wall Mount (Walrus)_TPW","1.00","80","0.00","21/03/2026"
"ELECTROLYTE SOLUTIONS","ELECTROLYTE SOLUTIONS","Site","PI-148684","A3X0003","Mounting bracket Snow whiteTPW","0.00","80","0.00","21/03/2026"
"ELECTROLYTE SOLUTIONS","ELECTROLYTE SOLUTIONS","Site","PI-148685","A3X0019","Diffuser Walrus_TPW","0.00","80","0.00","21/03/2026"
"ELECTROLYTE SOLUTIONS","ELECTROLYTE SOLUTIONS","Site","PI-148686","A3X0027","Mounting bracket Midnight blackTPW","0.00","80","0.00","21/03/2026"
"ELECTROLYTE SOLUTIONS","ELECTROLYTE SOLUTIONS","Site","PI-148687","A3X0029","Face Plate Midnight Black_TPW","0.00","80","0.00","21/03/2026"
"ELECTROLYTE SOLUTIONS","ELECTROLYTE SOLUTIONS","Site","PI-148688","A1X1226","Blade Screw_GV4_CF","0.00","80","0.00","21/03/2026"
"ELECTROLYTE SOLUTIONS","ELECTROLYTE SOLUTIONS","Site","PI-148689","A1X0808","Studio+ Reboot__White Blade trim_CF","0.00","600","0.00","21/03/2026"
"ELECTROLYTE SOLUTIONS","ELECTROLYTE SOLUTIONS","Site","PI-148690","A1X0146","Bottom Body_Plastic_Silver Assembly_Studio+Reboot_GV5","6.00","220","0.00","21/03/2026"
"ELECTROLYTE SOLUTIONS","ELECTROLYTE SOLUTIONS","Site","PI-148691","A1X1260","Motor Housing_Marble White_Studio+Reboot_GV5","5.00","220","0.00","21/03/2026"
"ELECTROLYTE SOLUTIONS","ELECTROLYTE SOLUTIONS","Site","PI-148692","A1X0050","Studio+ Reboot_wooden_Blade trim_CF","0.00","600","0.00","21/03/2026"
"ELECTROLYTE SOLUTIONS","ELECTROLYTE SOLUTIONS","Site","PI-148693","A060401","Bottom Body_Plastic_Wooden Diffuser_Studio+Reboot_GV5","0.00","220","0.00","21/03/2026"
"ELECTROLYTE SOLUTIONS","ELECTROLYTE SOLUTIONS","Site","PI-148694","A1X1216","Motor Housing_Earth Brown_Studio+Reboot_GV5","2.00","220","0.00","21/03/2026"
"ELECTROLYTE SOLUTIONS","ELECTROLYTE SOLUTIONS","Site","PI-148695","A1X0048","STUDIO+ Reboot BLADE TRIM Sand Grey_CF","0.00","600","0.00","21/03/2026"
"ELECTROLYTE SOLUTIONS","ELECTROLYTE SOLUTIONS","Site","PI-148696","A1X0049","STUDIO+ Reboot BLADE TRIM Aegean Blue_CF","0.00","600","0.00","21/03/2026"
"ELECTROLYTE SOLUTIONS","ELECTROLYTE SOLUTIONS","Site","PI-148697","A1X0043","Bottom Body_Plastic_Aegean Blue_Studio+Reboot_GV5","2.00","220","2.00","21/03/2026"
"ELECTROLYTE SOLUTIONS","ELECTROLYTE SOLUTIONS","Site","PI-148698","A1X1283","Motor Housing_Aegean Blue_Studio+Reboot_GV5","2.00","220","0.00","21/03/2026"
"ELECTROLYTE SOLUTIONS","ELECTROLYTE SOLUTIONS","Site","PI-148699","SRA1X1285","Motor_Aegean Blue_1200mm_Studio+Reboot_GV5","0.00","2500","0.00","21/03/2026"
"ELECTROLYTE SOLUTIONS","ELECTROLYTE SOLUTIONS","Site","PI-148700","SRA1X1269","Motor_Aegean Blue_1200mm_Renesa+_GV3","0.00","2500","0.00","21/03/2026"
"ELECTROLYTE SOLUTIONS","ELECTROLYTE SOLUTIONS","Site","PI-148701","A1X1092","Canopy_Aegean blue_Renesa/Renesa+_GV3","0.00","150","0.00","21/03/2026"
"ELECTROLYTE SOLUTIONS","ELECTROLYTE SOLUTIONS","Site","PI-148702","SRMF0133","Motor_Sand Grey_900mm_Renesa+_GV3","0.00","2500","0.00","21/03/2026"
"ELECTROLYTE SOLUTIONS","ELECTROLYTE SOLUTIONS","Site","PI-148703","SRMF0134","Motor_Metallic Gold_900mm_Renesa+_GV3","0.00","2500","0.00","21/03/2026"
"ELECTROLYTE SOLUTIONS","ELECTROLYTE SOLUTIONS","Site","PI-148704","RA1420","Blade_Aluminium_Metallic Gold_900mm_Renesa+/Renesa Smart_GV3","0.00","600","0.00","21/03/2026"
"ELECTROLYTE SOLUTIONS","ELECTROLYTE SOLUTIONS","Site","PI-148705","SRA012402","Motor_Pearl White_0600mm_Renesa+_GV3","0.00","2500","0.00","21/03/2026"
"ELECTROLYTE SOLUTIONS","ELECTROLYTE SOLUTIONS","Site","PI-148706","SRA001101","Motor_Midnight Black_900mm_Efficio_GV2","0.00","2500","0.00","21/03/2026"
"ELECTROLYTE SOLUTIONS","ELECTROLYTE SOLUTIONS","Site","PI-148707","A1X0199","Blade_Aluminium_Midnight Black_900mm_Efficio/Efficio+/Studio_GV2","0.00","600","0.00","21/03/2026"
"ELECTROLYTE SOLUTIONS","ELECTROLYTE SOLUTIONS","Site","PI-148708","SRMF0113","Motor_Midnight Black_1200mm_Efficio_GV2","0.00","2500","0.00","21/03/2026"
"ELECTROLYTE SOLUTIONS","ELECTROLYTE SOLUTIONS","Site","PI-148709","AA01801","GV5 Plastic Bottom Cover Black_CF","0.00","220","0.00","21/03/2026"
"ELECTROLYTE SOLUTIONS","ELECTROLYTE SOLUTIONS","Site","PI-148710","A1C0023","GV5.0.2 Reboot STM8+HVLED-70Micron","0.00","500","0.00","21/03/2026"
"ELECTROLYTE SOLUTIONS","ELECTROLYTE SOLUTIONS","Site","PI-148711","A022802","Motor Housing_Ivory_CF_Renesa_GV5","0.00","220","0.00","21/03/2026"
"ELECTROLYTE SOLUTIONS","ELECTROLYTE SOLUTIONS","Site","PI-148712","A022809","Motor Housing_Aegean Blue Renesa/Renesa+/Renesa Smart_GV5","0.00","220","0.00","21/03/2026"
"ELECTROLYTE SOLUTIONS","ELECTROLYTE SOLUTIONS","Site","PI-148713","A021005","Top Cover Assembly_CF_Erica_GV5","0.00","220","0.00","21/03/2026"
"ELECTROLYTE SOLUTIONS","ELECTROLYTE SOLUTIONS","Site","PI-148714","A1X1037","Bottom Cover Assembly_Erica_Aegean Blue_CF","0.00","220","0.00","21/03/2026"
"ELECTROLYTE SOLUTIONS","ELECTROLYTE SOLUTIONS","Site","PI-148715","A1X1099","Canopy_Aegean Blue_Erica_GV5","0.00","150","0.00","21/03/2026"
"ELECTROLYTE SOLUTIONS","ELECTROLYTE SOLUTIONS","Site","PI-148716","A1X1057","Blade_Aluminium_Aegean Blue_1200mm_Erica_GV5","1.00","600","0.00","21/03/2026"
"ELECTROLYTE SOLUTIONS","ELECTROLYTE SOLUTIONS","Site","PI-148717","A1P0160","Polybag for motor Erica_CF","0.00","4720","0.00","21/03/2026"
"ELECTROLYTE SOLUTIONS","ELECTROLYTE SOLUTIONS","Site","PI-148718","A033007","Canopy_Ivory_Renesa+_GV5","3.00","150","3.00","21/03/2026"
"ELECTROLYTE SOLUTIONS","ELECTROLYTE SOLUTIONS","Site","PI-148719","SRA023214","Motor_Pearl White_900mm_Renesa+Reboot_Ceiling Fan_GV5","0.00","2500","0.00","21/03/2026"
"ELECTROLYTE SOLUTIONS","ELECTROLYTE SOLUTIONS","Site","PI-148720","SRA023218","Motor_Pearl White_600mm_Renesa+ Reboot_GV5","0.00","2500","0.00","21/03/2026"
"ELECTROLYTE SOLUTIONS","ELECTROLYTE SOLUTIONS","Site","PI-148721","A033004","Canopy_Metalic Golden_Renesa+_GV5","0.00","150","0.00","21/03/2026"
"ELECTROLYTE SOLUTIONS","ELECTROLYTE SOLUTIONS","Site","PI-148722","SRA023219","Motor_Earth Brown_600mm_Renesa+Reboot_GV5","0.00","2500","0.00","21/03/2026"
"ELECTROLYTE SOLUTIONS","ELECTROLYTE SOLUTIONS","Site","PI-148723","SRA023220","Motor_Black_600mm_Renesa+Reboot_GV5","0.00","2500","0.00","21/03/2026"
"ELECTROLYTE SOLUTIONS","ELECTROLYTE SOLUTIONS","Site","PI-148724","SRA023221","Motor_ Earth Brown_1400MM_Renesa+_GV5","0.00","2500","0.00","21/03/2026"
"ELECTROLYTE SOLUTIONS","ELECTROLYTE SOLUTIONS","Site","PI-148725","A023223","Motor_Renesa+ Reboot_CF_1400MM 35 watt - Midnight Black_GV5","0.00","80","0.00","21/03/2026"
"ELECTROLYTE SOLUTIONS","ELECTROLYTE SOLUTIONS","Site","PI-148726","SRA022915","Motor_Midnight Black_1400mm_Renesa+Reboot_GV5","0.00","2500","0.00","21/03/2026"
"ELECTROLYTE SOLUTIONS","ELECTROLYTE SOLUTIONS","Site","PI-148727","SRA022914","Motor_Matt Brown_600mm_Renesa Reboot_GV5","0.00","2500","0.00","21/03/2026"
"ELECTROLYTE SOLUTIONS","ELECTROLYTE SOLUTIONS","Site","PI-148728","SRA048202","Motor_Gloss Black_1200mm_Ameza 28W_GV5","0.00","2500","0.00","21/03/2026"
"ELECTROLYTE SOLUTIONS","ELECTROLYTE SOLUTIONS","Site","PI-148729","Z0H0007","Screw_Blade Assembly_CF_Aris_GV5","0.00","600","0.00","21/03/2026"
"ELECTROLYTE SOLUTIONS","ELECTROLYTE SOLUTIONS","Site","PI-148730","A051301","Downrod_Metal_260mm Midnight Black with cap assembly_CF","0.00","60","0.00","21/03/2026"
"ELECTROLYTE SOLUTIONS","ELECTROLYTE SOLUTIONS","Site","PI-148731","SRA003501","Motor_Dark Teakwood_Startlight_CF_1200mm_Aris_IOT_GV5","0.00","2500","0.00","21/03/2026"
"ELECTROLYTE SOLUTIONS","ELECTROLYTE SOLUTIONS","Site","PI-148732","B1H0154","Aris_Spare_1200_PCB assembly screw_CF","0.00","80","0.00","21/03/2026"
"ELECTROLYTE SOLUTIONS","ELECTROLYTE SOLUTIONS","Site","PI-148733","A006501","Diffuser/Bottom Cover_Midnight Black_CF_Aris_IOT_GV5","0.00","80","0.00","21/03/2026"
"ELECTROLYTE SOLUTIONS","ELECTROLYTE SOLUTIONS","Site","PI-148734","Z0H0053","Diffuser Assembly Screw_CF_Aris_GV5","0.00","80","0.00","21/03/2026"
"ELECTROLYTE SOLUTIONS","ELECTROLYTE SOLUTIONS","Site","PI-148735","Z0H0052","Screw_Stator_False Cover Assembly_CF_Aris_GV5","0.00","500","0.00","21/03/2026"
"ELECTROLYTE SOLUTIONS","ELECTROLYTE SOLUTIONS","Site","PI-148736","A006502","Diffuser_Marble White_CF_Aris_IOT_GV5","0.00","80","0.00","21/03/2026"
"ELECTROLYTE SOLUTIONS","ELECTROLYTE SOLUTIONS","Site","PI-148737","SRA1X1030","Motor_Snow White_1200mm_Erica_GV5","0.00","2500","0.00","21/03/2026"
"ELECTROLYTE SOLUTIONS","ELECTROLYTE SOLUTIONS","Site","PI-148738","RA0742","Erica Smart Spare_1200_TPW M4x8 Pan combi Headed screw with washer_CF","0.00","80","0.00","21/03/2026"
"ELECTROLYTE SOLUTIONS","ELECTROLYTE SOLUTIONS","Site","PI-148739","A1X1100","Canopy_Umber Brown_Erica_GV5","0.00","150","0.00","21/03/2026"
"ELECTROLYTE SOLUTIONS","ELECTROLYTE SOLUTIONS","Site","PI-148740","SRA036101","Motor_Earth Brown_1200mm_Studio+Smart_GV5","0.00","2500","0.00","21/03/2026"
"ELECTROLYTE SOLUTIONS","ELECTROLYTE SOLUTIONS","Site","PI-148741","A055702","(Old canopy) Screw Pouch_Split Canopy_CF_Studio+Smart_GV5","1.00","80","0.00","21/03/2026"
"ELECTROLYTE SOLUTIONS","ELECTROLYTE SOLUTIONS","Site","PI-148742","SRA036102","Motor_Marble White_1200mm_Studio+Smart_GV5","0.00","2500","0.00","21/03/2026"
"ELECTROLYTE SOLUTIONS","ELECTROLYTE SOLUTIONS","Site","PI-148743","A053101","Front Panel - Black_Smart Lock 1","0.00","80","0.00","21/03/2026"
"ELECTROLYTE SOLUTIONS","ELECTROLYTE SOLUTIONS","Site","PI-148744","A053201","Back Panel - Black_Smart Lock 1","0.00","80","0.00","21/03/2026"
"ELECTROLYTE SOLUTIONS","ELECTROLYTE SOLUTIONS","Site","PI-148745","A053301","Door Opening Card_Smart Lock 1","0.00","80","0.00","21/03/2026"
"ELECTROLYTE SOLUTIONS","ELECTROLYTE SOLUTIONS","Site","PI-148746","A053401","Lock & Key Set_Smart Lock 1","0.00","80","0.00","21/03/2026"
"ELECTROLYTE SOLUTIONS","ELECTROLYTE SOLUTIONS","Site","PI-148747","A053701","Mortise_Smart Lock 1","0.00","80","0.00","21/03/2026"
"ELECTROLYTE SOLUTIONS","ELECTROLYTE SOLUTIONS","Site","PI-148748","A053801","Dust Protector_Smart Lock 1","0.00","80","0.00","21/03/2026"
"ELECTROLYTE SOLUTIONS","ELECTROLYTE SOLUTIONS","Site","PI-148749","A053901","Strike Plate_Smart Lock 1","0.00","80","0.00","21/03/2026"
"ELECTROLYTE SOLUTIONS","ELECTROLYTE SOLUTIONS","Site","PI-148750","A054101","Spindle_Smart Lock 1","0.00","80","0.00","21/03/2026"
"ELECTROLYTE SOLUTIONS","ELECTROLYTE SOLUTIONS","Site","PI-148751","A054401","Battery Set_Smart Lock 1","0.00","80","0.00","21/03/2026"
"ELECTROLYTE SOLUTIONS","ELECTROLYTE SOLUTIONS","Site","PI-148752","A054501","Drill Indicator_Smart Lock 1","0.00","80","0.00","21/03/2026"
"ELECTROLYTE SOLUTIONS","ELECTROLYTE SOLUTIONS","Site","PI-148753","A053102","Front Panel - Gold_Smart Lock 1","0.00","80","0.00","21/03/2026"
"ELECTROLYTE SOLUTIONS","ELECTROLYTE SOLUTIONS","Site","PI-148754","A053202","Back Panel - Gold_Smart Lock 1","0.00","80","0.00","21/03/2026"
"ELECTROLYTE SOLUTIONS","ELECTROLYTE SOLUTIONS","Site","PI-148755","A1X0190","Downrod_Umber Brown_Erica_GV5","0.00","60","0.00","21/03/2026"
"ELECTROLYTE SOLUTIONS","ELECTROLYTE SOLUTIONS","Site","PI-148756","RA0361","GV3 Plastic Spacer (5mm Height)_CF","0.00","80","0.00","21/03/2026"
"ELECTROLYTE SOLUTIONS","ELECTROLYTE SOLUTIONS","Site","PI-148757","A060001","Canopy Top_Midnight Black_Studio+Smart_GV5","0.00","150","0.00","21/03/2026"
"ELECTROLYTE SOLUTIONS","ELECTROLYTE SOLUTIONS","Site","PI-148758","SRA036106","Motor_Midnight Black_1200mm_Studio+Reboot_GV5","0.00","2500","0.00","21/03/2026"
"ELECTROLYTE SOLUTIONS","ELECTROLYTE SOLUTIONS","Site","PI-148759","A059401","Body Top_Midnight Black_1200mm_Studio+Smart_GV5","0.00","220","0.00","21/03/2026"
"ELECTROLYTE SOLUTIONS","ELECTROLYTE SOLUTIONS","Site","PI-148760","A060502","Body Bottom_Midnight Black_1200mm_Studio+Smart_GV5","0.00","220","0.00","21/03/2026"
"ELECTROLYTE SOLUTIONS","ELECTROLYTE SOLUTIONS","Site","PI-148761","A040005","Blade_Aluminium_STUDIO+_1200mm - MARBLE WHITE TEAKWOOD_GV5","4.00","600","0.00","21/03/2026"
"ELECTROLYTE SOLUTIONS","ELECTROLYTE SOLUTIONS","Site","PI-148762","A1X0316","Blade_Aluminium_Alpha-Remote_1200mm Gloss White_GV4","0.00","600","0.00","21/03/2026"
"ELECTROLYTE SOLUTIONS","ELECTROLYTE SOLUTIONS","Site","PI-148763","A1X0320","Blade_Aluminium_Alpha_1200mm Gloss Black_GV4","0.00","600","0.00","21/03/2026"
"ELECTROLYTE SOLUTIONS","ELECTROLYTE SOLUTIONS","Site","PI-148764","A1X0324","Blade_Aluminium_Alpha_1200mm Gloss Brown_GV4","0.00","600","0.00","21/03/2026"
"ELECTROLYTE SOLUTIONS","ELECTROLYTE SOLUTIONS","Site","PI-148765","A1X0330","Blade_Aluminium_Alpha_1200mm Gloss Ivory_GV4","0.00","600","0.00","21/03/2026"
"ELECTROLYTE SOLUTIONS","ELECTROLYTE SOLUTIONS","Site","PI-148766","A047001","Blade_Aluminium_Ikano_900mm - GLOSS WHITE_GV5","4.00","600","0.00","21/03/2026"
"ELECTROLYTE SOLUTIONS","ELECTROLYTE SOLUTIONS","Site","PI-148767","A047003","Blade_Aluminium_Ikano_900mm - GLOSS BROWN_GV5","0.00","600","0.00","21/03/2026"
"ELECTROLYTE SOLUTIONS","ELECTROLYTE SOLUTIONS","Site","PI-148768","A047004","Blade_Aluminium_Ikano_900mm - GLOSS IVORY_GV5","0.00","600","0.00","21/03/2026"
"ELECTROLYTE SOLUTIONS","ELECTROLYTE SOLUTIONS","Site","PI-148769","A047101","Blade_Aluminium_Ikano_1400mm - GLOSS WHITE_GV5","0.00","600","0.00","21/03/2026"
"ELECTROLYTE SOLUTIONS","ELECTROLYTE SOLUTIONS","Site","PI-148770","A047102","Blade_Aluminium_Ikano_1400mm - GLOSS BLACK_GV5","0.00","600","0.00","21/03/2026"
"ELECTROLYTE SOLUTIONS","ELECTROLYTE SOLUTIONS","Site","PI-148771","A047103","Blade_Aluminium_Ikano_1400mm - GLOSS BROWN_GV5","0.00","600","0.00","21/03/2026"
"ELECTROLYTE SOLUTIONS","ELECTROLYTE SOLUTIONS","Site","PI-148772","A055101","Blade_Aluminium_0900mm Ivory_GV5","0.00","600","0.00","21/03/2026"
"ELECTROLYTE SOLUTIONS","ELECTROLYTE SOLUTIONS","Site","PI-148773","A052303","Blade_Aluminium_Renesa+_1400mm - Umber Brown_GV5","0.00","600","0.00","21/03/2026"
"ELECTROLYTE SOLUTIONS","ELECTROLYTE SOLUTIONS","Site","PI-148774","A052503","Blade_Aluminium_Renesa+_0900mm - Umber Brown_GV5","0.00","600","0.00","21/03/2026"
"ELECTROLYTE SOLUTIONS","ELECTROLYTE SOLUTIONS","Site","PI-148775","A052104","Blade_Aluminium_Renesa+_600mm - Umber Brown_GV5","0.00","600","0.00","21/03/2026"
"ELECTROLYTE SOLUTIONS","ELECTROLYTE SOLUTIONS","Site","PI-148776","A063801","Blade_Aluminium_Efficio Alpha/Enerio Blade_1200mm_Gloss White_GV5","2.00","600","0.00","21/03/2026"
"ELECTROLYTE SOLUTIONS","ELECTROLYTE SOLUTIONS","Site","PI-148777","A064104","Blade_Aluminium_ Alpha 1200MM - Gloss Ivory_GV5","0.00","600","0.00","21/03/2026"
"ELECTROLYTE SOLUTIONS","ELECTROLYTE SOLUTIONS","Site","PI-148778","SRA036105","Motor_Studio+ Reboot Ceiling Fan 1200MM - Marble White Gloss_GV5","0.00","2500","0.00","21/03/2026"
"ELECTROLYTE SOLUTIONS","ELECTROLYTE SOLUTIONS","Site","PI-148779","SRMF0119","Motor_Studio+_Ceiling Fan 1200mm - Pearl White_GV4","0.00","2500","0.00","21/03/2026"
"ELECTROLYTE SOLUTIONS","ELECTROLYTE SOLUTIONS","Site","PI-148780","SRMF0132","Motor_ Renesa Ceiling Fan 1200MM - Ivory (35W Step Regulator)_GV3","0.00","2500","0.00","21/03/2026"
"ELECTROLYTE SOLUTIONS","ELECTROLYTE SOLUTIONS","Site","PI-148781","SRMF0124","Motor_ Efficio+ Ceiling Fan 0900MM - Pearl White (28W Step Regulator)_GV2","0.00","2500","0.00","21/03/2026"
"ELECTROLYTE SOLUTIONS","ELECTROLYTE SOLUTIONS","Site","PI-148782","SRMF0129","Motor_ Efficio+ Ceiling Fan 1200MM - Earth Brown (28W Step Regulator)_GV2","0.00","2500","0.00","21/03/2026"
"ELECTROLYTE SOLUTIONS","ELECTROLYTE SOLUTIONS","Site","PI-148783","SRA1X0302","Motor_ Alpha-Remote Ceiling Fan 1200mm - Gloss White_GV4","0.00","2500","0.00","21/03/2026"
"ELECTROLYTE SOLUTIONS","ELECTROLYTE SOLUTIONS","Site","PI-148784","SRA1X0317","Motor_ Alpha-Remote Ceiling Fan 1200mm - Gloss Black_GV4","0.00","2500","0.00","21/03/2026"
"ELECTROLYTE SOLUTIONS","ELECTROLYTE SOLUTIONS","Site","PI-148785","SRA1X0325","Motor_ Alpha-Remote Ceiling Fan 1200mm - Gloss Brown_GV4","0.00","2500","0.00","21/03/2026"
"ELECTROLYTE SOLUTIONS","ELECTROLYTE SOLUTIONS","Site","PI-148786","SRA1X0326","Motor_ Alpha-Remote Ceiling Fan 1200mm - Gloss Ivory_GV4","0.00","2500","0.00","21/03/2026"
"ELECTROLYTE SOLUTIONS","ELECTROLYTE SOLUTIONS","Site","PI-148787","SRMF0294","Motor_ Efficio+ Ceiling Fan 1200MM - Sand Grey (28W Step Regulator)_GV2","0.00","2500","0.00","21/03/2026"
"ELECTROLYTE SOLUTIONS","ELECTROLYTE SOLUTIONS","Site","PI-148788","SRA046401","Motor_ Ikano Ceiling Fan 900mm - Gloss White_GV5","0.00","2500","0.00","21/03/2026"
"ELECTROLYTE SOLUTIONS","ELECTROLYTE SOLUTIONS","Site","PI-148789","SRA046402","Motor_ Ikano Ceiling Fan 900mm - Gloss Black_GV5","0.00","2500","0.00","21/03/2026"
"ELECTROLYTE SOLUTIONS","ELECTROLYTE SOLUTIONS","Site","PI-148790","SRA046403","Motor_ Ikano Ceiling Fan 900mm - Gloss Brown_GV5","0.00","2500","0.00","21/03/2026"
"ELECTROLYTE SOLUTIONS","ELECTROLYTE SOLUTIONS","Site","PI-148791","SRA046404","Motor_ Ikano Ceiling Fan 900mm - Gloss Ivory_GV5","0.00","2500","0.00","21/03/2026"
"ELECTROLYTE SOLUTIONS","ELECTROLYTE SOLUTIONS","Site","PI-148792","SRA045601","Motor_ Ikano Ceiling Fan 1400mm - Gloss White_GV5","0.00","2500","0.00","21/03/2026"
"ELECTROLYTE SOLUTIONS","ELECTROLYTE SOLUTIONS","Site","PI-148793","SRA045602","Motor_ Ikano Ceiling Fan 1400mm - Gloss Black_GV5","0.00","2500","0.00","21/03/2026"
"ELECTROLYTE SOLUTIONS","ELECTROLYTE SOLUTIONS","Site","PI-148794","SRA045603","Motor_ Ikano Ceiling Fan 1400mm - Gloss Brown_GV5","0.00","2500","0.00","21/03/2026"
"ELECTROLYTE SOLUTIONS","ELECTROLYTE SOLUTIONS","Site","PI-148795","SRA045604","Motor_ Ikano Ceiling Fan 1400mm - Gloss Ivory_GV5","0.00","2500","0.00","21/03/2026"
"ELECTROLYTE SOLUTIONS","ELECTROLYTE SOLUTIONS","Site","PI-148796","SRA022907","Motor_ Renesa Reboot  Ceiling Fan 900MM 35 watt - Matt Brown_GV5","0.00","2500","0.00","21/03/2026"
"ELECTROLYTE SOLUTIONS","ELECTROLYTE SOLUTIONS","Site","PI-148797","SRA022905","Motor_ Renesa Reboot  Ceiling Fan 900MM 35 watt - White_GV5","0.00","2500","0.00","21/03/2026"
"ELECTROLYTE SOLUTIONS","ELECTROLYTE SOLUTIONS","Site","PI-148798","SRA023217","Motor_ Renesa+ Reboot  Ceiling Fan 900MM 35 watt - Golden_GV5","0.00","2500","0.00","21/03/2026"
"ELECTROLYTE SOLUTIONS","ELECTROLYTE SOLUTIONS","Site","PI-148799","SRA023231","Motor_ Renesa+ Reboot Ceiling Fan 1400MM 35 watt - Umber Brown_GV5","0.00","2500","0.00","21/03/2026"
"ELECTROLYTE SOLUTIONS","ELECTROLYTE SOLUTIONS","Site","PI-148800","SRA023229","Motor_ Renesa+ Reboot  Ceiling Fan 900MM 35 watt - Umber Brown_GV5","0.00","2500","0.00","21/03/2026"
"ELECTROLYTE SOLUTIONS","ELECTROLYTE SOLUTIONS","Site","PI-148801","SRA023230","Motor_ Renesa+ Reboot  Ceiling Fan 600MM 35 watt - Umber Brown_GV5","0.00","2500","0.00","21/03/2026"
"ELECTROLYTE SOLUTIONS","ELECTROLYTE SOLUTIONS","Site","PI-148802","SRA046101","Motor_ Prime Remote Ceiling Fan 1200mm - Gloss Black_GV5","0.00","2500","0.00","21/03/2026"
"ELECTROLYTE SOLUTIONS","ELECTROLYTE SOLUTIONS","Site","PI-148803","SRA090302","Motor_Gloss Black_Efficio Alpha_GV5","0.00","2500","0.00","21/03/2026"
"ELECTROLYTE SOLUTIONS","ELECTROLYTE SOLUTIONS","Site","PI-148804","SRA090303","Motor_Gloss Brown_Efficio Alpha_GV5","0.00","2500","0.00","21/03/2026"
"ELECTROLYTE SOLUTIONS","ELECTROLYTE SOLUTIONS","Site","PI-148805","SRA090304","Motor_Gloss Ivory_Efficio Alpha_GV5","0.00","2500","0.00","21/03/2026"
"ELECTROLYTE SOLUTIONS","ELECTROLYTE SOLUTIONS","Site","PI-148806","SRA046102","Motor_ Prime Regulator Ceiling Fan 1200mm - Gloss White_GV5","0.00","2500","0.00","21/03/2026"
"ELECTROLYTE SOLUTIONS","ELECTROLYTE SOLUTIONS","Site","PI-148807","SRA046103","Motor_ Prime Remote Ceiling Fan 1200mm - Gloss Brown_GV5","0.00","2500","0.00","21/03/2026"
"ELECTROLYTE SOLUTIONS","ELECTROLYTE SOLUTIONS","Site","PI-148808","SRA046104","Motor_ Renesa Alpha Ceiling Fan 1200mm - Gloss Ivory_GV5","0.00","2500","0.00","21/03/2026"
"ELECTROLYTE SOLUTIONS","ELECTROLYTE SOLUTIONS","Site","PI-148809","SRA073904","Motor_ Prime Remote Ceiling Fan 1200mm - Gloss Ivory_GV3","0.00","2500","0.00","21/03/2026"
"ELECTROLYTE SOLUTIONS","ELECTROLYTE SOLUTIONS","Site","PI-148810","SRA012401","Motor_Renesa+ Ceiling Fan 0600MM - Earth Brown_GV3","0.00","2500","0.00","21/03/2026"
"ELECTROLYTE SOLUTIONS","ELECTROLYTE SOLUTIONS","Site","PI-148811","SRA023228","Motor_CF_Renesa+ Reboot_1200MM 35 watt - Umber Brown","0.00","2500","0.00","21/03/2026"
"ELECTROLYTE SOLUTIONS","ELECTROLYTE SOLUTIONS","Site","PI-148812","SRA048203","Motor_ Assembly_Ameza_1200mm - Gloss Brown_GV5","0.00","2500","0.00","21/03/2026"
"ELECTROLYTE SOLUTIONS","ELECTROLYTE SOLUTIONS","Site","PI-148813","SRA048204","Motor_ Assembly_Ameza_1200mm - Gloss Ivory_GV5","0.00","2500","0.00","21/03/2026"
"ELECTROLYTE SOLUTIONS","ELECTROLYTE SOLUTIONS","Site","PI-148814","SRMF0124V1","Motor_Step Regulator_white_900mm_28W_(W/oDeco/Ring)","0.00","2500","0.00","21/03/2026"
"ELECTROLYTE SOLUTIONS","ELECTROLYTE SOLUTIONS","Site","PI-148815","SRMF0126","Motor_ Assembly 900mm - Gloss White (GV5)","0.00","2500","0.00","21/03/2026"
"ELECTROLYTE SOLUTIONS","ELECTROLYTE SOLUTIONS","Site","PI-148816","SRMF0126V1","Motor_Pearl White_1200mm_Efficio+28W Step Regulator_GV2","0.00","2500","0.00","21/03/2026"
"ELECTROLYTE SOLUTIONS","ELECTROLYTE SOLUTIONS","Site","PI-148817","SRMF0129V1","Motor_Step Regulator_Efficio+_1200mm_Brown_28W_(W/o Deco/Ring)","0.00","2500","0.00","21/03/2026"
"ELECTROLYTE SOLUTIONS","ELECTROLYTE SOLUTIONS","Site","PI-148818","A062101","Motor Housing_Midnight black_Erica_GV5","0.00","220","0.00","21/03/2026"
"ELECTROLYTE SOLUTIONS","ELECTROLYTE SOLUTIONS","Site","PI-148819","A062301","Body_Erica_1200_Bottom cover Assembly - Black_GV5","0.00","220","0.00","21/03/2026"
"ELECTROLYTE SOLUTIONS","ELECTROLYTE SOLUTIONS","Site","PI-148820","A070901","Blade_Aluminium_Studio+_1200mm_1200mm - MIDNIGHT BLACK MATT_GV4","0.00","600","0.00","21/03/2026"
"ELECTROLYTE SOLUTIONS","ELECTROLYTE SOLUTIONS","Site","PI-148821","A033002","Canopy_Plastic_Sand Grey_GV3/GV5","2.00","150","0.00","21/03/2026"
"ELECTROLYTE SOLUTIONS","ELECTROLYTE SOLUTIONS","Site","PI-148822","A059901","(Old canopy) Canopy_Top_Plastic_Studio+_1200mm_ Midnight Black Matt_GV4","0.00","150","0.00","21/03/2026"
"ELECTROLYTE SOLUTIONS","ELECTROLYTE SOLUTIONS","Site","PI-148823","A061101","Canopy_Plastic_Erica_1200_Midnight Black Matt_GV5","0.00","150","0.00","21/03/2026"
"ELECTROLYTE SOLUTIONS","ELECTROLYTE SOLUTIONS","Site","PI-148824","A075301","Blade Assembly_Stainless Steel_Chutney Jar_MG_1.0","0.00","120","0.00","21/03/2026"
"ELECTROLYTE SOLUTIONS","ELECTROLYTE SOLUTIONS","Site","PI-148825","A075501","Blade Assembly_Stainless Steel_Wet & Dry Jar_MG_1.0","0.00","120","0.00","21/03/2026"
"ELECTROLYTE SOLUTIONS","ELECTROLYTE SOLUTIONS","Site","PI-148826","A075601","Blade Assembly_Stainless Steel_Liquidiser Jar_MG_1.0","0.00","120","0.00","21/03/2026"
"ELECTROLYTE SOLUTIONS","ELECTROLYTE SOLUTIONS","Site","PI-148827","A075701","Blade Assembly_StainlessSteel_Chopper Jar_MG_1.0","0.00","120","0.00","21/03/2026"
"ELECTROLYTE SOLUTIONS","ELECTROLYTE SOLUTIONS","Site","PI-148828","A064401","Screw_Renesa+_1200mm_2.9X9MM ST PHILLIPS HEAD_GV3","0.00","10","0.00","21/03/2026"
"ELECTROLYTE SOLUTIONS","ELECTROLYTE SOLUTIONS","Site","PI-148829","RA0245","Screw_M3x16_","0.00","10","0.00","21/03/2026"
"ELECTROLYTE SOLUTIONS","ELECTROLYTE SOLUTIONS","Site","PI-148830","Z0H0040","Screw_Erica_1200_3x10 HiLo_GV5","0.00","10","0.00","21/03/2026"
"ELECTROLYTE SOLUTIONS","ELECTROLYTE SOLUTIONS","Site","PI-148831","A075801","Handle_Plastic_Chutney Jar_MG_1.0","0.00","100","0.00","21/03/2026"
"ELECTROLYTE SOLUTIONS","ELECTROLYTE SOLUTIONS","Site","PI-148832","A2X0008","Renesa Nut & Bolt (Base /Elbow) M4X8_TPW","0.00","30","0.00","21/03/2026"
"ELECTROLYTE SOLUTIONS","ELECTROLYTE SOLUTIONS","Site","PI-148833","A2X0054","Interface Button_Renesa/Stelios Pro/Izar Pedestal_TPW","0.00","30","0.00","21/03/2026"
"ELECTROLYTE SOLUTIONS","ELECTROLYTE SOLUTIONS","Site","PI-148834","A2X0065","Display Interface_Renesa Pedestal/Table/Stelios Pro/Izar Pedestal_TPW","0.00","20","0.00","21/03/2026"
"ELECTROLYTE SOLUTIONS","ELECTROLYTE SOLUTIONS","Site","PI-148835","A128101","Renesa Plastic collar (for Neck ass.)White_TPW","0.00","20","0.00","21/03/2026"
"ELECTROLYTE SOLUTIONS","ELECTROLYTE SOLUTIONS","Site","PI-148836","A128102","Renesa Plastic collar (for Neck ass.)Black_TPW","0.00","20","0.00","21/03/2026"
"ELECTROLYTE SOLUTIONS","ELECTROLYTE SOLUTIONS","Site","PI-148837","B1X0086","MG01 Wet-Dry Jar Bracket","0.00","50","0.00","21/03/2026"
"ELECTROLYTE SOLUTIONS","ELECTROLYTE SOLUTIONS","Site","PI-148838","RA1177","Rope Switch_White_Wall mount_Renesa_TPW","0.00","20","0.00","21/03/2026"
"ELECTROLYTE SOLUTIONS","ELECTROLYTE SOLUTIONS","Site","PI-148839","A060402","Body_Bottom_Studio+_1200mm_Midnight Black_GV4","0.00","350","0.00","21/03/2026"
"ELECTROLYTE SOLUTIONS","ELECTROLYTE SOLUTIONS","Site","PI-148840","A034301","Light Guide_Plastic_Renesa+_1200mm_GV3","1.00","20","0.00","21/03/2026"
"ELECTROLYTE SOLUTIONS","ELECTROLYTE SOLUTIONS","Site","PI-148841","A2H0102","Main Cord_Snow White_TPW","0.00","0","0.00","21/03/2026"
"ELECTROLYTE SOLUTIONS","ELECTROLYTE SOLUTIONS","Site","PI-148842","A2H0101","Main Power Cord_Renesa Pedestal/Wall/Table/Stelios Pro Pedestal_TPW","1.00","0","0.00","21/03/2026"
"ELECTROLYTE SOLUTIONS","ELECTROLYTE SOLUTIONS","Site","PI-148843","A3H0002","3 Pin Wire Harness_TPW","0.00","0","0.00","21/03/2026"
"ELECTROLYTE SOLUTIONS","ELECTROLYTE SOLUTIONS","Site","PI-148844","A070201","Motor_Gloss White_1200mm_Enerio Regulator_GV5","0.00","2500","0.00","21/03/2026"
"ELECTROLYTE SOLUTIONS","ELECTROLYTE SOLUTIONS","Site","PI-148845","EA09501","PCB_Enerio Regulator_28W_GV5","0.00","400","0.00","21/03/2026"
"ELECTROLYTE SOLUTIONS","ELECTROLYTE SOLUTIONS","Site","PI-148846","A077203","Motor_Pebble Grey_1200mm_Ikano_GV5","0.00","0","0.00","21/03/2026"
"ELECTROLYTE SOLUTIONS","ELECTROLYTE SOLUTIONS","Site","PI-148847","A077303","Motor Housing_Pebble Grey_Ikano_GV5","0.00","0","0.00","21/03/2026"
"ELECTROLYTE SOLUTIONS","ELECTROLYTE SOLUTIONS","Site","PI-148848","A091908","Plastic bottom Cover_Pebble Grey_Ikano_GV5","0.00","0","0.00","21/03/2026"
"ELECTROLYTE SOLUTIONS","ELECTROLYTE SOLUTIONS","Site","PI-148849","A112501","Canopy_Pebble Grey_Ikano_GV5","0.00","0","0.00","21/03/2026"
"ELECTROLYTE SOLUTIONS","ELECTROLYTE SOLUTIONS","Site","PI-148850","A2X0004","Base Cover_Snow White_Renesa/Stelios Pro/Izar Pedestal_TPW","0.00","0","0.00","21/03/2026"
"ELECTROLYTE SOLUTIONS","ELECTROLYTE SOLUTIONS","Site","PI-148851","A2X0152","Base Cover_Black_Renesa/Stelios/Stelios Pro/Izar Pedestal_TPW","0.00","0","0.00","21/03/2026"
"ELECTROLYTE SOLUTIONS","ELECTROLYTE SOLUTIONS","Site","PI-148852","A094505","Motor_Renesa Zen_1200mm_Gloss White_GV5","0.00","2500","0.00","21/03/2026"
"ELECTROLYTE SOLUTIONS","ELECTROLYTE SOLUTIONS","Site","PI-148853","A077101","GV5 PCB Mounting Plate_Rensa Zen/Enzel_GV5","0.00","80","0.00","21/03/2026"
"ELECTROLYTE SOLUTIONS","ELECTROLYTE SOLUTIONS","Site","PI-148854","A1X0318","Bottom Cover_White_Alpha/Renesa Zen_GV5","0.00","220","0.00","21/03/2026"
"ELECTROLYTE SOLUTIONS","ELECTROLYTE SOLUTIONS","Site","PI-148855","A094506","Motor_Renesa Zen_1200mm_Gloss Black_GV5","0.00","2500","0.00","21/03/2026"
"ELECTROLYTE SOLUTIONS","ELECTROLYTE SOLUTIONS","Site","PI-148856","A072301","Bottom Diffuser Cover_Renesa Prime/Enzel_GV5","0.00","80","0.00","21/03/2026"
"ELECTROLYTE SOLUTIONS","ELECTROLYTE SOLUTIONS","Site","PI-148857","A094507","Motor_Renesa Zen_1200mm_Gloss Brown_GV5","0.00","2500","0.00","21/03/2026"
"ELECTROLYTE SOLUTIONS","ELECTROLYTE SOLUTIONS","Site","PI-148858","A094501","Motor_Gloss White_1200mm_Renesa Enzel_GV5","0.00","2500","0.00","21/03/2026"
"ELECTROLYTE SOLUTIONS","ELECTROLYTE SOLUTIONS","Site","PI-148859","A094502","Motor_Gloss Black_1200mm_Renesa Enzel_GV5","0.00","2500","0.00","21/03/2026"
"ELECTROLYTE SOLUTIONS","ELECTROLYTE SOLUTIONS","Site","PI-148860","A094503","Motor_Gloss Brown_1200mm_Renesa Enzel_GV5","0.00","2500","0.00","21/03/2026"
"ELECTROLYTE SOLUTIONS","ELECTROLYTE SOLUTIONS","Site","PI-148861","A095001","Canopy_Sea Sand Ivory_Renesa Prime/Enzel/Zen_GV5","7.00","150","0.00","21/03/2026"
"ELECTROLYTE SOLUTIONS","ELECTROLYTE SOLUTIONS","Site","PI-148862","A094801","Downrod_Gloss Sea Sand Ivory_CF","0.00","60","0.00","21/03/2026"
"ELECTROLYTE SOLUTIONS","ELECTROLYTE SOLUTIONS","Site","PI-148863","A094504","Motor_Gloss Sea Sand Ivory_1200mm_Renesa Enzel_GV5","0.00","2500","0.00","21/03/2026"
"ELECTROLYTE SOLUTIONS","ELECTROLYTE SOLUTIONS","Site","PI-148864","A094601","Plastic Body_Sea Sand Ivory_Renesa Enzel/Zen_GV5","0.00","220","0.00","21/03/2026"
"ELECTROLYTE SOLUTIONS","ELECTROLYTE SOLUTIONS","Site","PI-148865","RA0925","Bottom Cover_Gloss Black_Prime_GV5","0.00","200","0.00","21/03/2026"
"ELECTROLYTE SOLUTIONS","ELECTROLYTE SOLUTIONS","Site","PI-148866","RA0920","Bottom Cover_Gloss Brown_Prime_GV5","5.00","200","0.00","21/03/2026"
"ELECTROLYTE SOLUTIONS","ELECTROLYTE SOLUTIONS","Site","PI-148867","SRA094508","Motor_Gloss Sea Sand Ivory_1200mm_Renesa Zen_GV5","0.00","2500","0.00","21/03/2026"
"ELECTROLYTE SOLUTIONS","ELECTROLYTE SOLUTIONS","Site","PI-148868","A1X0329","Plastic Bottom Cover (Diffuser)_Sea Sand Ivory_Renesa Zen_GV5","0.00","390","0.00","21/03/2026"
"ELECTROLYTE SOLUTIONS","ELECTROLYTE SOLUTIONS","Site","PI-148869","A1X0839","(Old canopy) Canopy LH_Pearl White_CF_Studio+_GV4","0.00","60","0.00","21/03/2026"
"ELECTROLYTE SOLUTIONS","ELECTROLYTE SOLUTIONS","Site","PI-148870","A1X0840","(Old canopy) Canopy RH_Pearl White_CF_Studio+_GV4","0.00","60","0.00","21/03/2026"
"ELECTROLYTE SOLUTIONS","ELECTROLYTE SOLUTIONS","Site","PI-148871","A073901","Motor_Gloss White_1200mm_Renesa Prime Remote_GV5","0.00","2500","0.00","21/03/2026"
"ELECTROLYTE SOLUTIONS","ELECTROLYTE SOLUTIONS","Site","PI-148872","A064111","Blade_Aluminium_Gloss Black_Renesa Prime_GV5","9.00","600","0.00","21/03/2026"
"ELECTROLYTE SOLUTIONS","ELECTROLYTE SOLUTIONS","Site","PI-148873","A073903","Motor_Gloss Black_1200mm_Renesa Prime Remote_GV5","0.00","2500","0.00","21/03/2026"
"ELECTROLYTE SOLUTIONS","ELECTROLYTE SOLUTIONS","Site","PI-148874","A070205","Motor_Gloss White_1200mm_Enerio Remote 28W_GV5","0.00","2500","0.00","21/03/2026"
"ELECTROLYTE SOLUTIONS","ELECTROLYTE SOLUTIONS","Site","PI-148875","A022915","Motor_Midnight Black_Renesa 1400mm_GV5","0.00","2500","0.00","21/03/2026"
"ELECTROLYTE SOLUTIONS","ELECTROLYTE SOLUTIONS","Site","PI-148876","A022912","Motor_White_Renesa 1400mm_GV5","0.00","2500","0.00","21/03/2026"
"ELECTROLYTE SOLUTIONS","ELECTROLYTE SOLUTIONS","Site","PI-148877","A023210","Motor_Black_1200mm_Renesa Smart+_GV5","0.00","2500","0.00","21/03/2026"
"ELECTROLYTE SOLUTIONS","ELECTROLYTE SOLUTIONS","Site","PI-148878","A096504","Blade_Aluminium_Matt Brown_1200mm_Renesa Roobot Smart_GV5","0.00","600","0.00","21/03/2026"
"ELECTROLYTE SOLUTIONS","ELECTROLYTE SOLUTIONS","Site","PI-148879","A096505","Blade_Aluminium_Gloss White_1200mm_Renesa Roobot Smart_GV5","0.00","600","0.00","21/03/2026"
"ELECTROLYTE SOLUTIONS","ELECTROLYTE SOLUTIONS","Site","PI-148880","A023236","Motor_Pebble Grey_1200mm_Renes+ Smart_GV5","0.00","2500","0.00","21/03/2026"
"ELECTROLYTE SOLUTIONS","ELECTROLYTE SOLUTIONS","Site","PI-148881","A033011","Canopy_Pebble Grey Gloss_Renesa Smart_GV5","0.00","150","0.00","21/03/2026"
"ELECTROLYTE SOLUTIONS","ELECTROLYTE SOLUTIONS","Site","PI-148882","A094802","Downrod_Pebble Grey_CF","0.00","60","0.00","21/03/2026"
"ELECTROLYTE SOLUTIONS","ELECTROLYTE SOLUTIONS","Site","PI-148883","A022811","Motor Housing_Pebble Grey_1200mm_ Renesa Smart_GV5","0.00","4720","0.00","21/03/2026"
"ELECTROLYTE SOLUTIONS","ELECTROLYTE SOLUTIONS","Site","PI-148884","SRA022913","Motor_white_600mm_Renesa Reboot_GV5","0.00","2500","0.00","21/03/2026"
"ELECTROLYTE SOLUTIONS","ELECTROLYTE SOLUTIONS","Site","PI-148885","SRA048201","Motor_White_1200mm_Ameza 28W_GV5","0.00","2500","0.00","21/03/2026"
"ELECTROLYTE SOLUTIONS","ELECTROLYTE SOLUTIONS","Site","PI-148886","A136401","Blade Assembly_Chopper Jar_MG1/Zenova/Yulia_MG","5.00","0","0.00","21/03/2026"
"ELECTROLYTE SOLUTIONS","ELECTROLYTE SOLUTIONS","Site","PI-148887","A009003","Knob Assembly_Plastic_Zenova_(MG1.1)","0.00","0","0.00","21/03/2026"
"ELECTROLYTE SOLUTIONS","ELECTROLYTE SOLUTIONS","Site","PI-148888","SRA159301","MG Base Unit_Gloss Black_Zenova_(MG1.1)","0.00","0","0.00","21/03/2026"
"ELECTROLYTE SOLUTIONS","ELECTROLYTE SOLUTIONS","Site","PI-148889","SRA159101","MG Base Unit_Red Wine_Zenova_(MG1.1)","2.00","0","0.00","21/03/2026"
"ELECTROLYTE SOLUTIONS","ELECTROLYTE SOLUTIONS","Site","PI-148890","A066101","Rainbow Cable_Zenova_(MG1.1)","6.00","0","0.00","21/03/2026"
"ELECTROLYTE SOLUTIONS","ELECTROLYTE SOLUTIONS","Site","PI-148891","A059001","Rubber Feet_Rubber_Zenova/Yulia/Xiana_MG","6.00","0","0.00","21/03/2026"
"ELECTROLYTE SOLUTIONS","ELECTROLYTE SOLUTIONS","Site","PI-148892","A136001","Jar Handle_Chutney Jar_Zenova/Yulia_MG","4.00","0","0.00","21/03/2026"
"ELECTROLYTE SOLUTIONS","ELECTROLYTE SOLUTIONS","Site","PI-148893","A135901","Jar Handle_Medium & Large Jar_Zenova/Yulia_MG","6.00","0","0.00","21/03/2026"
"ELECTROLYTE SOLUTIONS","ELECTROLYTE SOLUTIONS","Site","PI-148894","A019402","Knob assembly with interface PCB_Zenova_(MG1.1)","5.00","0","0.00","21/03/2026"
"ELECTROLYTE SOLUTIONS","ELECTROLYTE SOLUTIONS","Site","PI-148895","B1X0195","Lid Cup_Plastic_Zenova_(MG1.1)","4.00","0","0.00","21/03/2026"
"ELECTROLYTE SOLUTIONS","ELECTROLYTE SOLUTIONS","Site","PI-148896","A158901","Liquidizer Jar Lid Gasket_Rubber_Zenova_(MG1.1)","4.00","0","0.00","21/03/2026"
"ELECTROLYTE SOLUTIONS","ELECTROLYTE SOLUTIONS","Site","PI-148897","A019301","Power Cord_Zenova_(MG1.1)","3.00","0","3.00","21/03/2026"
"ELECTROLYTE SOLUTIONS","ELECTROLYTE SOLUTIONS","Site","PI-148898","A136301","Blade Assembly_Liquidising Jar_Zenova/Yulia_MG","4.00","0","0.00","21/03/2026"
"ELECTROLYTE SOLUTIONS","ELECTROLYTE SOLUTIONS","Site","PI-148899","A074901","Jar Assembly _SS_Metal_Multipurpose Jar_Zenova_(MG1.1)","5.00","0","0.00","21/03/2026"
"ELECTROLYTE SOLUTIONS","ELECTROLYTE SOLUTIONS","Site","PI-148900","A023222","Motor_Pearl White_1400mm_Renesa+_GV5","0.00","2500","0.00","21/03/2026"
"ELECTROLYTE SOLUTIONS","ELECTROLYTE SOLUTIONS","Site","PI-148901","A022911","Motor_Matt Brown_1400mm_Renesa_GV5","0.00","2500","0.00","21/03/2026"
"ELECTROLYTE SOLUTIONS","ELECTROLYTE SOLUTIONS","Site","PI-148902","A070207","Motor_Gloss Brown_1200mm_Enerio Remote_28W_GV5","0.00","0","0.00","21/03/2026"
"ELECTROLYTE SOLUTIONS","ELECTROLYTE SOLUTIONS","Site","PI-148903","A023221","Motor_Earth Brown_1400mm_Renesa+_GV5","0.00","0","0.00","21/03/2026"
"ELECTROLYTE SOLUTIONS","ELECTROLYTE SOLUTIONS","Site","PI-148904","A064112","Blade_Gloss Brown_1200mm_Renesa Prime_GV5","6.00","0","0.00","21/03/2026"
"ELECTROLYTE SOLUTIONS","ELECTROLYTE SOLUTIONS","Site","PI-148905","A073902","Motor_Gloss Brown_1200mm_Renesa Prime_GV5","0.00","0","0.00","21/03/2026"
"ELECTROLYTE SOLUTIONS","ELECTROLYTE SOLUTIONS","Site","PI-148906","A070206","Motor_Gloss Black_1200mm_Enerio Remote - 28W_GV5","0.00","0","0.00","21/03/2026"
"ELECTROLYTE SOLUTIONS","ELECTROLYTE SOLUTIONS","Site","PI-148907","A070208","Motor_Gloss Ivory_1200mm_Enerio Remote - 28W_GV5","0.00","0","0.00","21/03/2026"
"ELECTROLYTE SOLUTIONS","ELECTROLYTE SOLUTIONS","Site","PI-148908","A064113","Blade_Aluminium_SS Ivory_Renesa Prime _GV5","18.00","0","0.00","21/03/2026"
"ELECTROLYTE SOLUTIONS","ELECTROLYTE SOLUTIONS","Site","PI-148909","A073905","Motor_SS Ivory_1200mm_Renesa Prime Remote_GV5","0.00","0","0.00","21/03/2026"
"ELECTROLYTE SOLUTIONS","ELECTROLYTE SOLUTIONS","Site","PI-148910","A077204","Motor_Classic Ruby_1200mm_Ikano_GV5","0.00","0","0.00","21/03/2026"
"ELECTROLYTE SOLUTIONS","ELECTROLYTE SOLUTIONS","Site","PI-148911","A077304","Motor Housing_Classic Ruby_Ikano_GV5","0.00","0","0.00","21/03/2026"
"ELECTROLYTE SOLUTIONS","ELECTROLYTE SOLUTIONS","Site","PI-148912","A073417","Downrod_Classic Ruby_CF","0.00","0","0.00","21/03/2026"
"ELECTROLYTE SOLUTIONS","ELECTROLYTE SOLUTIONS","Site","PI-148913","A112502","Canopy_Classic Ruby_CF","0.00","0","0.00","21/03/2026"
"ELECTROLYTE SOLUTIONS","ELECTROLYTE SOLUTIONS","Site","PI-148914","A110602","Blade_Aluminium_Classic Ruby_Ikano_GV5","0.00","0","0.00","21/03/2026"
"ELECTROLYTE SOLUTIONS","ELECTROLYTE SOLUTIONS","Site","PI-148915","A091909","Plastic Bottom Body_Classic Ruby_Ikano_GV5","0.00","0","0.00","21/03/2026"
"ELECTROLYTE SOLUTIONS","ELECTROLYTE SOLUTIONS","Site","PI-148916","A112701","Motor_Gloss White_1200mm_Efficio 2_GV5","0.00","0","0.00","21/03/2026"
"ELECTROLYTE SOLUTIONS","ELECTROLYTE SOLUTIONS","Site","PI-148917","A125101","Motor Housing_Gloss White_Efficio 2_GV5","0.00","0","0.00","21/03/2026"
"ELECTROLYTE SOLUTIONS","ELECTROLYTE SOLUTIONS","Site","PI-148918","A097602","Metal Bottom Body_Gloss White_Efficio 2_GV5","0.00","0","0.00","21/03/2026"
"ELECTROLYTE SOLUTIONS","ELECTROLYTE SOLUTIONS","Site","PI-148919","A073405","Downrod_White_CF","0.00","0","0.00","21/03/2026"
"ELECTROLYTE SOLUTIONS","ELECTROLYTE SOLUTIONS","Site","PI-148920","A100301","Canopy bottom_Gloss White_Efficio 2_GV5","0.00","0","0.00","21/03/2026"
"ELECTROLYTE SOLUTIONS","ELECTROLYTE SOLUTIONS","Site","PI-148921","A100201","Canopy Top_Gloss White_Efficio 2_GV5","0.00","0","0.00","21/03/2026"
"ELECTROLYTE SOLUTIONS","ELECTROLYTE SOLUTIONS","Site","PI-148922","A125401","Blade_Aluminium_Gloss White_Efficio 2_GV5","0.00","0","0.00","21/03/2026"
"ELECTROLYTE SOLUTIONS","ELECTROLYTE SOLUTIONS","Site","PI-148923","A036107","Motor_Pearl White+Teakwood_Studio+_GV5","0.00","0","0.00","21/03/2026"
"ELECTROLYTE SOLUTIONS","ELECTROLYTE SOLUTIONS","Site","PI-148924","A130801","Motor Housing_Pearl White_Studio+_GV5","0.00","0","0.00","21/03/2026"
"ELECTROLYTE SOLUTIONS","ELECTROLYTE SOLUTIONS","Site","PI-148925","A130901","(Old canopy) Canopy Plate_Snow White_Studio+_GV5","0.00","0","0.00","21/03/2026"
"ELECTROLYTE SOLUTIONS","ELECTROLYTE SOLUTIONS","Site","PI-148926","A130902","(Old canopy) Canopy Left Part_Snow White_Studio+_GV5","0.00","0","0.00","21/03/2026"
"ELECTROLYTE SOLUTIONS","ELECTROLYTE SOLUTIONS","Site","PI-148927","A130903","(Old canopy) Canopy Right Part_Snow White_Studio+_GV5","0.00","0","0.00","21/03/2026"
"ELECTROLYTE SOLUTIONS","ELECTROLYTE SOLUTIONS","Site","PI-148928","A130904","(Old canopy) Canopy Top_Snow White_Studio+_GV5","0.00","0","0.00","21/03/2026"
"ELECTROLYTE SOLUTIONS","ELECTROLYTE SOLUTIONS","Site","PI-148929","EA09001","Interface PCB_Stelios Pedestal_iTPW","0.00","0","0.00","21/03/2026"
"ELECTROLYTE SOLUTIONS","ELECTROLYTE SOLUTIONS","Site","PI-148930","A027301","Front Grill_Snow White_Stelios Pro/Izar Pedestal_TPW","1.00","0","0.00","21/03/2026"
"ELECTROLYTE SOLUTIONS","ELECTROLYTE SOLUTIONS","Site","PI-148931","A027401","Rear Grill_Snow White_Stelios Pro Pedestal/Izar Pedestal_TPW","2.00","0","0.00","21/03/2026"
"ELECTROLYTE SOLUTIONS","ELECTROLYTE SOLUTIONS","Site","PI-148932","A135201","Grill Belt_Stelios/Stelios Pro Pedestal_Snow White_iTPW","0.00","0","0.00","21/03/2026"
"ELECTROLYTE SOLUTIONS","ELECTROLYTE SOLUTIONS","Site","PI-148933","A090401","Rear Cover_Snow White_Stelios Pro/Izar Pedestal_TPW","0.00","0","0.00","21/03/2026"
"ELECTROLYTE SOLUTIONS","ELECTROLYTE SOLUTIONS","Site","PI-148934","A085701","Face Plate_Snow White_Stelios Pro/Izar Pedestal_TPW","0.00","0","0.00","21/03/2026"
"ELECTROLYTE SOLUTIONS","ELECTROLYTE SOLUTIONS","Site","PI-148935","A088801","Neck Base_Snow White_Stelios Pro/Izar Pedestal_TPW","0.00","0","0.00","21/03/2026"
"ELECTROLYTE SOLUTIONS","ELECTROLYTE SOLUTIONS","Site","PI-148936","A106001","5 Pin Wire Harness_Stelios/Stelios Pro Pedestal/Izar Pedestal_TPW","0.00","0","0.00","21/03/2026"
"ELECTROLYTE SOLUTIONS","ELECTROLYTE SOLUTIONS","Site","PI-148937","A107701","3 Pin Wire Harness_Stelios/Stelios Pro Pedestal/Izar Pedestal_TPW","0.00","0","0.00","21/03/2026"
"ELECTROLYTE SOLUTIONS","ELECTROLYTE SOLUTIONS","Site","PI-148938","EA08901","Power PCB_Stelios Pro Pedestal/Izar Pedestal_TPW","2.00","0","2.00","21/03/2026"
"ELECTROLYTE SOLUTIONS","ELECTROLYTE SOLUTIONS","Site","PI-148939","A027302","Front Grill_Renesa Pedestal/Wall/Table_Midnight Black_iTPW","4.00","0","0.00","21/03/2026"
"ELECTROLYTE SOLUTIONS","ELECTROLYTE SOLUTIONS","Site","PI-148940","A027402","Rear Grill_Black_Renesa Pedestal/Wall/Table/Stelios Pro/Izar Pedestal_TPW","4.00","0","0.00","21/03/2026"
"ELECTROLYTE SOLUTIONS","ELECTROLYTE SOLUTIONS","Site","PI-148941","A135202","Grill Belt_Stelios/Stelios Pro Pedestal_Midnight Black_iTPW","6.00","0","0.00","21/03/2026"
"ELECTROLYTE SOLUTIONS","ELECTROLYTE SOLUTIONS","Site","PI-148942","A090402","Rear Cover_Black_Stelios/Stelios Pro Pedestal/Izar Pedestal_TPW","0.00","0","0.00","21/03/2026"
"ELECTROLYTE SOLUTIONS","ELECTROLYTE SOLUTIONS","Site","PI-148943","A085702","Face Plate_Black_Stelios/Stelios Pro Pedestal/Izar Pedestal_TPW","4.00","0","0.00","21/03/2026"
"ELECTROLYTE SOLUTIONS","ELECTROLYTE SOLUTIONS","Site","PI-148944","A088802","Neck Base_Black_Stelios/Stelios Pro Pedestal/Izar Pedestal_TPW","0.00","0","0.00","21/03/2026"
"ELECTROLYTE SOLUTIONS","ELECTROLYTE SOLUTIONS","Site","PI-148945","A2X0170","Bottom Rod(Long)__Black_Renesa/Stelios/Stelios Pro Pedestal/Izar Pedestal_TPW","2.00","0","0.00","21/03/2026"
"ELECTROLYTE SOLUTIONS","ELECTROLYTE SOLUTIONS","Site","PI-148946","EA12001","Field data Logger PCB_1V0","0.00","0","0.00","21/03/2026"
"ELECTROLYTE SOLUTIONS","ELECTROLYTE SOLUTIONS","Site","PI-148947","CS001897","Digital Techometer/RPM Meter - DT2234","0.00","0","0.00","21/03/2026"
"ELECTROLYTE SOLUTIONS","ELECTROLYTE SOLUTIONS","Site","PI-148948","A082101","Motor_Marble White_Aris Contour_GV5","0.00","0","0.00","21/03/2026"
"ELECTROLYTE SOLUTIONS","ELECTROLYTE SOLUTIONS","Site","PI-148949","A068801","Stator Assembly_Aris Contour_GV5","5.00","0","5.00","21/03/2026"
"ELECTROLYTE SOLUTIONS","ELECTROLYTE SOLUTIONS","Site","PI-148950","A082601","Light Guide & Diffuser assly_White_Aris Contour_GV5","0.00","0","0.00","21/03/2026"
"ELECTROLYTE SOLUTIONS","ELECTROLYTE SOLUTIONS","Site","PI-148951","A082602","Light Guide & Diffuser assly_Black_Aris Contour_GV5","0.00","0","0.00","21/03/2026"
"ELECTROLYTE SOLUTIONS","ELECTROLYTE SOLUTIONS","Site","PI-148952","A082201","Motor Housing_Marble White_Aris Contour_GV5","5.00","0","0.00","21/03/2026"
"ELECTROLYTE SOLUTIONS","ELECTROLYTE SOLUTIONS","Site","PI-148953","A082701","Bottom Cover_Marble White_Aris Contour_GV5","0.00","0","0.00","21/03/2026"
"ELECTROLYTE SOLUTIONS","ELECTROLYTE SOLUTIONS","Site","PI-148954","A086801","Plastic Box_Power PCB_Marble White_Aris Contour_GV5","0.00","0","0.00","21/03/2026"
"ELECTROLYTE SOLUTIONS","ELECTROLYTE SOLUTIONS","Site","PI-148955","A090801","Middle Canopy_Marble White_Aris Contour_GV5","3.00","0","0.00","21/03/2026"
"ELECTROLYTE SOLUTIONS","ELECTROLYTE SOLUTIONS","Site","PI-148956","A086301","Top Canopy_Marble White_Aris Contour_GV5","2.00","0","0.00","21/03/2026"
"ELECTROLYTE SOLUTIONS","ELECTROLYTE SOLUTIONS","Site","PI-148957","A086501","Bottom Canopy_Marble White_Aris Contour_GV5","2.00","0","0.00","21/03/2026"
"ELECTROLYTE SOLUTIONS","ELECTROLYTE SOLUTIONS","Site","PI-148958","A098101","Canopy Plate_Marble White_Aris Contour_GV5","12.00","0","0.00","21/03/2026"
"ELECTROLYTE SOLUTIONS","ELECTROLYTE SOLUTIONS","Site","PI-148959","A082102","Motor_Midnight Black_Aris Contour_GV5","0.00","0","0.00","21/03/2026"
"ELECTROLYTE SOLUTIONS","ELECTROLYTE SOLUTIONS","Site","PI-148960","A082202","Motor Housing_Black_Aris Contour_GV5","0.00","0","0.00","21/03/2026"
"ELECTROLYTE SOLUTIONS","ELECTROLYTE SOLUTIONS","Site","PI-148961","A086802","Plastic Box_Power PCB_Black_Aris Contour_GV5","0.00","0","0.00","21/03/2026"
"ELECTROLYTE SOLUTIONS","ELECTROLYTE SOLUTIONS","Site","PI-148962","A082702","Bottom Cover_Black_Aris Contour_GV5","2.00","0","2.00","21/03/2026"
"ELECTROLYTE SOLUTIONS","ELECTROLYTE SOLUTIONS","Site","PI-148963","A090802","Middle Canopy_Black_Aris Contour_GV5","6.00","0","0.00","21/03/2026"
"ELECTROLYTE SOLUTIONS","ELECTROLYTE SOLUTIONS","Site","PI-148964","A086302","Top Canopy_Black_Aris Contour_GV5","6.00","0","0.00","21/03/2026"
"ELECTROLYTE SOLUTIONS","ELECTROLYTE SOLUTIONS","Site","PI-148965","A086502","Bottom Canopy_Black_Aris Contour_GV5","5.00","0","0.00","21/03/2026"
"ELECTROLYTE SOLUTIONS","ELECTROLYTE SOLUTIONS","Site","PI-148966","A086902","Plastic Blade_Black_Aris Contour_GV5","12.00","0","0.00","21/03/2026"
"ELECTROLYTE SOLUTIONS","ELECTROLYTE SOLUTIONS","Site","PI-148967","A1X1094","Motor Housing_Aegent Blue_Erica_GV5","0.00","0","0.00","21/03/2026"
"ELECTROLYTE SOLUTIONS","ELECTROLYTE SOLUTIONS","Site","PI-148968","A017501","GV5 PCB Inverted Mounting Plate_CF","0.00","0","0.00","21/03/2026"
"ELECTROLYTE SOLUTIONS","ELECTROLYTE SOLUTIONS","Site","PI-148969","A094701","Diffuser (Bottom Cover)_Renesa Zen_GV5","0.00","0","0.00","21/03/2026"
"ELECTROLYTE SOLUTIONS","ELECTROLYTE SOLUTIONS","Site","PI-148970","A059301","Motor Housing_Black_1200mm_Studio+_GV5","0.00","0","0.00","21/03/2026"
"ELECTROLYTE SOLUTIONS","ELECTROLYTE SOLUTIONS","Site","PI-148971","A1X1090","Canopy Plate_White_Studio+_GV5_Deactivated (Duplicate)","0.00","0","0.00","21/03/2026"
"ELECTROLYTE SOLUTIONS","ELECTROLYTE SOLUTIONS","Site","PI-148972","A1X1089","(Old canopy) Canopy Plate_Brown_Studio+_GV5","0.00","0","0.00","21/03/2026"
"ELECTROLYTE SOLUTIONS","ELECTROLYTE SOLUTIONS","Site","PI-148973","A1X1090","Canopy Plate_White_Studio+_GV5","0.00","0","0.00","21/03/2026"
"ELECTROLYTE SOLUTIONS","ELECTROLYTE SOLUTIONS","Site","PI-148974","A1X1090","(Old canopy) Canopy Plate_White_Studio+_GV5","0.00","0","0.00","21/03/2026"
"ELECTROLYTE SOLUTIONS","ELECTROLYTE SOLUTIONS","Site","PI-148975","A022704","Motor Housing_900mm_Renesa_GV5","0.00","0","0.00","21/03/2026"
"ELECTROLYTE SOLUTIONS","ELECTROLYTE SOLUTIONS","Site","PI-148976","EA11901","Only Regulator SPD Module Assembly_ CF","0.00","0","0.00","21/03/2026"
"ELECTROLYTE SOLUTIONS","ELECTROLYTE SOLUTIONS","Site","PI-148977","SA0012","PCB_Digital_DC_GV2","0.00","0","0.00","21/03/2026"
"ELECTROLYTE SOLUTIONS","ELECTROLYTE SOLUTIONS","Site","PI-148978","A045202","Blade_Stelios Pedestal_Snow White_iTPW","0.00","0","0.00","21/03/2026"
"ELECTROLYTE SOLUTIONS","ELECTROLYTE SOLUTIONS","Site","PI-148979","A090101","Induction Motor Assembly_Stelios Pedestal_iTPW","0.00","0","0.00","21/03/2026"
"ELECTROLYTE SOLUTIONS","ELECTROLYTE SOLUTIONS","Site","PI-148980","A082801","Motor Assembly with Top Rod_Stelios Pedestal_Snow White_iTPW","0.00","0","0.00","21/03/2026"
"ELECTROLYTE SOLUTIONS","ELECTROLYTE SOLUTIONS","Site","PI-148981","A035101","Blade_Stelios Pro Pedestal_Snow White/Izar Pedestal_TPW","0.00","0","0.00","21/03/2026"
"ELECTROLYTE SOLUTIONS","ELECTROLYTE SOLUTIONS","Site","PI-148982","A083201","Motor Assembly with Top Rod_Stelios Pro Pedestal_Snow White_iTPW","0.00","0","0.00","21/03/2026"
"ELECTROLYTE SOLUTIONS","ELECTROLYTE SOLUTIONS","Site","PI-148983","A045204","Blade_Stelios Pedestal_Midnight Black_iTPW","0.00","0","0.00","21/03/2026"
"ELECTROLYTE SOLUTIONS","ELECTROLYTE SOLUTIONS","Site","PI-148984","A082802","Motor Assembly with Top Rod_Stelios Pedestal_Midnight Black_iTPW","0.00","0","0.00","21/03/2026"
"ELECTROLYTE SOLUTIONS","ELECTROLYTE SOLUTIONS","Site","PI-148985","A035102","Blade_Black_Stelios Pro/Izar Pedestal_TPW","0.00","0","0.00","21/03/2026"
"ELECTROLYTE SOLUTIONS","ELECTROLYTE SOLUTIONS","Site","PI-148986","A083202","Motor Assembly with Top Rod_Stelios Pro Pedestal_Midnight Black_iTPW","0.00","0","0.00","21/03/2026"
"ELECTROLYTE SOLUTIONS","ELECTROLYTE SOLUTIONS","Site","PI-148987","A090803","Middle Canopy_Regrant Grey_Aris Contour_GV5","5.00","0","0.00","21/03/2026"
"ELECTROLYTE SOLUTIONS","ELECTROLYTE SOLUTIONS","Site","PI-148988","A086303","Top Canopy_Regent Grey_Aris Contour_GV5","3.00","0","0.00","21/03/2026"
"ELECTROLYTE SOLUTIONS","ELECTROLYTE SOLUTIONS","Site","PI-148989","A086503","Bottom Canopy_Regent Grey_Aris Contour_GV5","3.00","0","0.00","21/03/2026"
"ELECTROLYTE SOLUTIONS","ELECTROLYTE SOLUTIONS","Site","PI-148990","A098103","Canopy Plate_Regent Grey_Aris Contour_GV5","3.00","0","0.00","21/03/2026"
"ELECTROLYTE SOLUTIONS","ELECTROLYTE SOLUTIONS","Site","PI-148991","A086903","Plastic Blade_Grey_Aris Contour_GV5","3.00","0","0.00","21/03/2026"
"ELECTROLYTE SOLUTIONS","ELECTROLYTE SOLUTIONS","Site","PI-148992","A125102","Motor Housing_Black_1200mm_Efficio prime/Ameza+/Azor_GV5","0.00","0","0.00","21/03/2026"
"ELECTROLYTE SOLUTIONS","ELECTROLYTE SOLUTIONS","Site","PI-148993","A073403","Downrod_Midnight Black_GV5","1.00","0","0.00","21/03/2026"
"ELECTROLYTE SOLUTIONS","ELECTROLYTE SOLUTIONS","Site","PI-148994","A100303","Canopy bottom_Midnight Black_GV5","0.00","0","0.00","21/03/2026"
"ELECTROLYTE SOLUTIONS","ELECTROLYTE SOLUTIONS","Site","PI-148995","A100203","Canopy Top_Black_Effico Prime/Ameza+/Azor_GV5","0.00","0","0.00","21/03/2026"
"ELECTROLYTE SOLUTIONS","ELECTROLYTE SOLUTIONS","Site","PI-148996","A125402","Blade_Aluminium_Effcio Prime_1200mm_Black_GV5","0.00","0","0.00","21/03/2026"
"ELECTROLYTE SOLUTIONS","ELECTROLYTE SOLUTIONS","Site","PI-148997","A125410","Blade_Aluminium_Gloss Ivory_1200mm_Ameza+/Effico Azor_GV5","0.00","0","0.00","21/03/2026"
"ELECTROLYTE SOLUTIONS","ELECTROLYTE SOLUTIONS","Site","PI-148998","A073418","Downrod_Sea Sand Ivory_GV5","0.00","0","0.00","21/03/2026"
"ELECTROLYTE SOLUTIONS","ELECTROLYTE SOLUTIONS","Site","PI-148999","A100202","Canopy Top_Ivory_Effico Azor/Ameza+_GV5","0.00","0","0.00","21/03/2026"
"ELECTROLYTE SOLUTIONS","ELECTROLYTE SOLUTIONS","Site","PI-149000","A100302","Canopy bottom_Ivory_GV5","1.00","0","0.00","21/03/2026"
"ELECTROLYTE SOLUTIONS","ELECTROLYTE SOLUTIONS","Site","PI-149001","A125103","Motor Housing_Ivory_1200mm_Efficio Azor/Ameza+_GV5","0.00","0","0.00","21/03/2026"
"ELECTROLYTE SOLUTIONS","ELECTROLYTE SOLUTIONS","Site","PI-149002","A125411","Blade_Aluminium_Midnight Black_1200mm_Efficio Azor/Ameza+_GV5","0.00","0","0.00","21/03/2026"
"ELECTROLYTE SOLUTIONS","ELECTROLYTE SOLUTIONS","Site","PI-149003","A097601","Metal Bottom Cover_Midnight Black_Efficio Prime/Ameza+/Azor_GV5","0.00","0","0.00","21/03/2026"
"ELECTROLYTE SOLUTIONS","ELECTROLYTE SOLUTIONS","Site","PI-149004","A097603","Metal Bottom Cover_Ivory_Efficio Azor/Ameza+_GV5","0.00","0","0.00","21/03/2026"
"ELECTROLYTE SOLUTIONS","ELECTROLYTE SOLUTIONS","Site","PI-149005","KIT001","Tool Kit_RPM Meter/Voltage tester/Diffuser opener/Screwdriver set/Hammer","0.00","0","0.00","21/03/2026"
"ELECTROLYTE SOLUTIONS","ELECTROLYTE SOLUTIONS","Site","PI-149006","A073402","Downrod_Matt Brown_CF","0.00","0","0.00","21/03/2026"
"ELECTROLYTE SOLUTIONS","ELECTROLYTE SOLUTIONS","Site","PI-149007","RA1076","(Old canopy) Support plate_Canopy_Studio+_GV5","0.00","0","0.00","21/03/2026"
"ELECTROLYTE SOLUTIONS","ELECTROLYTE SOLUTIONS","Site","PI-149008","RA0833","Mounting plate_GV4","2.00","0","0.00","21/03/2026"
"ELECTROLYTE SOLUTIONS","ELECTROLYTE SOLUTIONS","Site","PI-149009","RA0906","Canopy Set_Neveo_Brown_GV5","0.00","0","0.00","21/03/2026"
"ELECTROLYTE SOLUTIONS","ELECTROLYTE SOLUTIONS","Site","PI-149010","RA0410","Capacitor 6uf_CF","0.00","0","0.00","21/03/2026"
"ELECTROLYTE SOLUTIONS","ELECTROLYTE SOLUTIONS","Site","PI-149011","A073410","Downrod_Gloss Brown_CF","0.00","0","0.00","21/03/2026"
"ELECTROLYTE SOLUTIONS","ELECTROLYTE SOLUTIONS","Site","PI-149012","A102001","Middle upper canopy_White_Aris_GV5","2.00","0","0.00","21/03/2026"
"ELECTROLYTE SOLUTIONS","ELECTROLYTE SOLUTIONS","Site","PI-149013","A102201","Middle Lower canopy_White_Aris_GV5","7.00","0","0.00","21/03/2026"
"ELECTROLYTE SOLUTIONS","ELECTROLYTE SOLUTIONS","Site","PI-149014","A073411","Downrod_Gloss Black_CF","0.00","0","0.00","21/03/2026"
"ELECTROLYTE SOLUTIONS","ELECTROLYTE SOLUTIONS","Site","PI-149015","EA03901","PCB_Renesa+_6LED_GV5","0.00","0","0.00","21/03/2026"
"ELECTROLYTE SOLUTIONS","ELECTROLYTE SOLUTIONS","Site","PI-149016","A073414","Downrod_Matt Umber Brown_CF","0.00","0","0.00","21/03/2026"
"ELECTROLYTE SOLUTIONS","ELECTROLYTE SOLUTIONS","Site","PI-149017","A100804","Motor Housing_Black_600mm_Ferrite_Renesa_GV5","0.00","0","0.00","21/03/2026"
"ELECTROLYTE SOLUTIONS","ELECTROLYTE SOLUTIONS","Site","PI-149018","A022813","Motor Housing_Matt Brown_600mm_Ferrite_Renesa_GV5","0.00","0","0.00","21/03/2026"
"ELECTROLYTE SOLUTIONS","ELECTROLYTE SOLUTIONS","Site","PI-149019","A036602","Stator_600mm_Renesa Reboot_GV5","8.00","0","3.00","21/03/2026"
"ELECTROLYTE SOLUTIONS","ELECTROLYTE SOLUTIONS","Site","PI-149020","A125417","Blade_Aluminium_Blaze Brown_Ameza+_1200mm_GV5","0.00","0","0.00","21/03/2026"
"ELECTROLYTE SOLUTIONS","ELECTROLYTE SOLUTIONS","Site","PI-149021","A073419","Downrod_Blaze Brown_GV5","0.00","0","0.00","21/03/2026"
"ELECTROLYTE SOLUTIONS","ELECTROLYTE SOLUTIONS","Site","PI-149022","A100204","Canopy Top_Blaze Brown_Ameza+_GV5","0.00","0","0.00","21/03/2026"
"ELECTROLYTE SOLUTIONS","ELECTROLYTE SOLUTIONS","Site","PI-149023","A100304","Canopy bottom_Blaze Brown_GV5","0.00","0","0.00","21/03/2026"
"ELECTROLYTE SOLUTIONS","ELECTROLYTE SOLUTIONS","Site","PI-149024","A097605","Metal Bottom Cover_Blaze Brown_Ameza+_GV5","0.00","0","0.00","21/03/2026"
"ELECTROLYTE SOLUTIONS","ELECTROLYTE SOLUTIONS","Site","PI-149025","A125104","Motor Housing_Blaze brown_1200mm_Ameza+_GV5","0.00","0","0.00","21/03/2026"
"ELECTROLYTE SOLUTIONS","ELECTROLYTE SOLUTIONS","Site","PI-149026","SRA159302","MG Base Unit_Pearl White_Zenova_(MG1.1)","0.00","0","0.00","21/03/2026"
"ELECTROLYTE SOLUTIONS","ELECTROLYTE SOLUTIONS","Site","PI-149027","SRA159303","MG Base Unit_Sand Gray_Zenova_(MG1.1)","0.00","0","0.00","21/03/2026"
"ELECTROLYTE SOLUTIONS","ELECTROLYTE SOLUTIONS","Site","PI-149028","A100801","Motor Housing_white_600mm_Ferrite_Renesa_GV5","0.00","0","0.00","21/03/2026"
"ELECTROLYTE SOLUTIONS","ELECTROLYTE SOLUTIONS","Site","PI-149029","RA0859","Bottom Cover_dark oakwood_Studio+_GV4","0.00","0","0.00","21/03/2026"
"ELECTROLYTE SOLUTIONS","ELECTROLYTE SOLUTIONS","Site","PI-149030","A181206","(Telescopic Canopy)Middle Canopy upper + Lower assly_earth brn_Studio+_GV5","1.00","0","0.00","21/03/2026"
"ELECTROLYTE SOLUTIONS","ELECTROLYTE SOLUTIONS","Site","PI-149031","A181306","(Telescopic Canopy)Top+Bottom Canopy assly_earth brn_Studio+_GV5","1.00","0","0.00","21/03/2026"
"ELECTROLYTE SOLUTIONS","ELECTROLYTE SOLUTIONS","Site","PI-149032","A160206","(Telescopic Canopy)Top Plate Canopy_earth brn_Studio+_GV5","1.00","0","0.00","21/03/2026"
"ELECTROLYTE SOLUTIONS","ELECTROLYTE SOLUTIONS","Site","PI-149033","A181205","(Telescopic Canopy)Middle Canopy upper + Lower assly_Marble WHT_Studio+_GV5","0.00","0","0.00","21/03/2026"
"ELECTROLYTE SOLUTIONS","ELECTROLYTE SOLUTIONS","Site","PI-149034","A181305","(Telescopic Canopy)Top+Bottom Canopy assly_Marble WHT_Studio+_GV5","0.00","0","0.00","21/03/2026"
"ELECTROLYTE SOLUTIONS","ELECTROLYTE SOLUTIONS","Site","PI-149035","A160205","(Telescopic Canopy)Top Plate Canopy_Marble WHT_Studio+_GV5","0.00","0","0.00","21/03/2026"
"ELECTROLYTE SOLUTIONS","ELECTROLYTE SOLUTIONS","Site","PI-149036","A181203","(Telescopic Canopy)Middle Canopy upper + Lower assly_Agean Blue_Studio+_GV5","0.00","0","0.00","21/03/2026"
"ELECTROLYTE SOLUTIONS","ELECTROLYTE SOLUTIONS","Site","PI-149037","A181303","(Telescopic Canopy)Top+Bottom Canopy assly_Agean Blue_Studio+_GV5","0.00","0","0.00","21/03/2026"
"ELECTROLYTE SOLUTIONS","ELECTROLYTE SOLUTIONS","Site","PI-149038","A160203","(Telescopic Canopy)Top Plate Canopy_Agean Blue_Studio+_GV5","0.00","0","0.00","21/03/2026"
"ELECTROLYTE SOLUTIONS","ELECTROLYTE SOLUTIONS","Site","PI-149039","A181202","(Telescopic Canopy)Middle Canopy upper + Lower assly_Black_Studio+_GV5","3.00","0","0.00","21/03/2026"
"ELECTROLYTE SOLUTIONS","ELECTROLYTE SOLUTIONS","Site","PI-149040","A181302","(Telescopic Canopy)Top+Bottom Canopy assly_Black_Studio+_GV5","3.00","0","0.00","21/03/2026"
"ELECTROLYTE SOLUTIONS","ELECTROLYTE SOLUTIONS","Site","PI-149041","A160202","(Telescopic Canopy)Top Plate Canopy_Black_Studio+_GV5","3.00","0","0.00","21/03/2026"
"ELECTROLYTE SOLUTIONS","ELECTROLYTE SOLUTIONS","Site","PI-149042","A181201","(Telescopic Canopy)Middle Canopy upper + Lower assly_Pearl white_Studio+_GV5","0.00","0","0.00","21/03/2026"
"ELECTROLYTE SOLUTIONS","ELECTROLYTE SOLUTIONS","Site","PI-149043","A181301","(Telescopic Canopy)Top+Bottom Canopy assly_Pearl white_Studio+_GV5","0.00","0","0.00","21/03/2026"
"ELECTROLYTE SOLUTIONS","ELECTROLYTE SOLUTIONS","Site","PI-149044","A160201","(Telescopic Canopy)Top Plate Canopy_Pearl white_Studio+_GV5","0.00","0","0.00","21/03/2026"
"ELECTROLYTE SOLUTIONS","ELECTROLYTE SOLUTIONS","Site","PI-149045","A097401","Diffuser Coyote Tinted Translucent Black_GV5","0.00","0","0.00","21/03/2026"
"ELECTROLYTE SOLUTIONS","ELECTROLYTE SOLUTIONS","Site","PI-149046","A125403","Blade Efficio Prime 1.2M Sea Sand Ivory_GV5","0.00","0","0.00","21/03/2026"
"ELECTROLYTE SOLUTIONS","ELECTROLYTE SOLUTIONS","Site","PI-149047","A178802","4 Revit Blade_Aluminium_White_1400mm_Efficio/Efficio+/Studio_GV2","0.00","0","0.00","21/03/2026"
"ELECTROLYTE SOLUTIONS","ELECTROLYTE SOLUTIONS","Site","PI-149048","A125416","Blade_Aluminium_Blaze Brown_Efficio Prime_1200mm_GV5","0.00","0","0.00","21/03/2026"
"ELECTROLYTE SOLUTIONS","ELECTROLYTE SOLUTIONS","Site","PI-149049","A071201","BLDC Motor Assembly_New Efficio Exhaust 150MM","0.00","991","0.00","21/03/2026"
"ELECTROLYTE SOLUTIONS","ELECTROLYTE SOLUTIONS","Site","PI-149050","A080501","BLDC Motor Assembly_New Efficio Exhaust 200MM","3.00","991","0.00","21/03/2026"
"ELECTROLYTE SOLUTIONS","ELECTROLYTE SOLUTIONS","Site","PI-795629","TestProduct","Test PCB","0.00","0","0.00","21/03/2026"
"ELECTROLYTE SOLUTIONS","ELECTROLYTE SOLUTIONS","Site","PI-822130","EA18601","Updated STM32_PCB_White LED_Efficio Alpha/Enzel/Azor _GV5","11.00","0","6.00","21/03/2026"
"ELECTROLYTE SOLUTIONS","ELECTROLYTE SOLUTIONS","Site","PI-824643","EA20801","Updated STM32_PCB_Enerio 28W_GV5","0.00","0","0.00","21/03/2026"
"ELECTROLYTE SOLUTIONS","ELECTROLYTE SOLUTIONS","Site","PI-858408","A3H0017","5 Pin Wire harness_Renesa Walrus/Pedestal_Black_TPW","0.00","0","0.00","21/03/2026"
"ELECTROLYTE SOLUTIONS","ELECTROLYTE SOLUTIONS","Site","PI-863275","A064116","Blade_Aluminium_Enzel/Renesa Zen_1200mm_Dark Walnut_GV5","3.00","0","0.00","21/03/2026"
"ELECTROLYTE SOLUTIONS","ELECTROLYTE SOLUTIONS","Site","PI-865817","A064120","Blade_Aluminium_Enzel/Renesa Zen_1200mm_Maplewood_GV5","3.00","0","0.00","21/03/2026"
"ELECTROLYTE SOLUTIONS","ELECTROLYTE SOLUTIONS","Site","PI-868359","A064118","Blade_Aluminium_Enzel/Renesa Zen_1200mm_Mistly Teal_GV5","0.00","0","0.00","21/03/2026"
"ELECTROLYTE SOLUTIONS","ELECTROLYTE SOLUTIONS","Site","PI-870901","A064119","Blade_Aluminium_Enzel/Renesa Zen_1200mm_Pebble Grey_GV5","6.00","0","0.00","21/03/2026"
"ELECTROLYTE SOLUTIONS","ELECTROLYTE SOLUTIONS","Site","PI-873443","A170501","Updated Motor housing_Renesa Prime_GV5","2.00","0","2.00","21/03/2026"
"ELECTROLYTE SOLUTIONS","ELECTROLYTE SOLUTIONS","Site","PI-888816","SA0105","Updated Plastic body with screw_Pebble Grey_Prime/Enzel/Zen_GV5","2.00","0","2.00","21/03/2026"
"ELECTROLYTE SOLUTIONS","ELECTROLYTE SOLUTIONS","Site","PI-891369","SA0106","Updated Plastic body with screw_Gloss White_Prime/Enzel/Zen_GV5","3.00","0","3.00","21/03/2026"
"ELECTROLYTE SOLUTIONS","ELECTROLYTE SOLUTIONS","Site","PI-893922","SA0107","Updated Plastic body with screw_Gloss Black_Prime/Enzel/Zen_GV5","6.00","0","3.00","21/03/2026"
"ELECTROLYTE SOLUTIONS","ELECTROLYTE SOLUTIONS","Site","PI-896475","SA0108","Updated Plastic body with screw_Gloss Brown_Prime/Enzel/Zen_GV5","13.00","0","4.00","21/03/2026"
"ELECTROLYTE SOLUTIONS","ELECTROLYTE SOLUTIONS","Site","PI-915248","TestSa001","PCB_Regulator_1200mm_Renesa Alpha_GV4Test","0.00","0","0.00","21/03/2026"
"ELECTROLYTE SOLUTIONS","ELECTROLYTE SOLUTIONS","Site","PI-920487","EA07101","Sensor PCB_Zenova_MG","4.00","0","4.00","21/03/2026"
"ELECTROLYTE SOLUTIONS","ELECTROLYTE SOLUTIONS","Site","PI-960200","A029703","Blade_Plastic_Steller Black_1200mm_Aris_IOT_GV5","5.00","0","0.00","21/03/2026"
"ELECTROLYTE SOLUTIONS","ELECTROLYTE SOLUTIONS","Site","PI-962801","A101703","Top Canopy_Steller Black_1200mm_Aris_IOT_GV5","0.00","0","0.00","21/03/2026"
"ELECTROLYTE SOLUTIONS","ELECTROLYTE SOLUTIONS","Site","PI-965402","A101803","Canopy top Plate_steller black_1200mm_Aris_IOT_GV5","0.00","0","0.00","21/03/2026"
"ELECTROLYTE SOLUTIONS","ELECTROLYTE SOLUTIONS","Site","PI-968003","A102003","Middle upper canopy_Steller black_Aris_GV5","0.00","0","0.00","21/03/2026"
"ELECTROLYTE SOLUTIONS","ELECTROLYTE SOLUTIONS","Site","PI-970604","A102203","Middle Lower canopy_Steller black_Aris_GV5","0.00","0","0.00","21/03/2026"
"ELECTROLYTE SOLUTIONS","ELECTROLYTE SOLUTIONS","Site","PI-973205","A102403","Bottom Canopy_Steller Black_1220mm_Aris_IOT_GV5","0.00","0","0.00","21/03/2026"
"ELECTROLYTE SOLUTIONS","ELECTROLYTE SOLUTIONS","Site","PI-975806","A006402","False cover_Aris_GV5","0.00","0","0.00","21/03/2026"
"ELECTROLYTE SOLUTIONS","ELECTROLYTE SOLUTIONS","Site","PI-978407","A006505","Bottom cover_Steller black_Aris_GV5","0.00","0","0.00","21/03/2026"
"ELECTROLYTE SOLUTIONS","ELECTROLYTE SOLUTIONS","Site","PI-981008","A002903","Motor Housing_Steller Black_1200mm_Aris_IOT_GV5","0.00","0","0.00","21/03/2026"
"ELECTROLYTE SOLUTIONS","ELECTROLYTE SOLUTIONS","Site","PI-989052","A158402","Motor & Jar Coupler Set_MG1.0/Zenova/Maple_MG","3.00","0","0.00","21/03/2026"
"ELECTROLYTE SOLUTIONS","ELECTROLYTE SOLUTIONS","Site","PI-991653","SA0110","Grill Belt Assembly_Black_Renesa Pedestal/Wall/Table/Stelios Pro/Izar Pedestal_TPW","2.00","0","0.00","21/03/2026"
"ELECTROLYTE SOLUTIONS","ELECTROLYTE SOLUTIONS","Site","PI-994254","SA0109","Grill belt assembly_White_Renesa/Stelios/Izar Pedestal_TPW","1.00","0","0.00","21/03/2026"
"ELECTROLYTE SOLUTIONS","ELECTROLYTE SOLUTIONS","Site","PI-1000422","RA1348","FG replacement Tags","88.00","0","88.00","21/03/2026"
"ELECTROLYTE SOLUTIONS","ELECTROLYTE SOLUTIONS","Site","PI-1004186","RA1631","Service Cello Tape (Yellow - 3INX65M)","7.00","0","7.00","21/03/2026"
"ELECTROLYTE SOLUTIONS","ELECTROLYTE SOLUTIONS","Site","PI-1006791","RA1632","Defective Spares Tag","1122.00","0","1122.00","21/03/2026"
"ELECTROLYTE SOLUTIONS","ELECTROLYTE SOLUTIONS","Site","PI-1009396","RA1633","Defective FG Replacement seal","205.00","0","205.00","21/03/2026"
"ELECTROLYTE SOLUTIONS","ELECTROLYTE SOLUTIONS","Site","PI-1024856","A073415","Downrod_Aegean Blue_CF","0.00","0","0.00","21/03/2026"
"ELECTROLYTE SOLUTIONS","ELECTROLYTE SOLUTIONS","Site","PI-1049131","A073406","Downrod_Golden_CF","0.00","0","0.00","21/03/2026"
"ELECTROLYTE SOLUTIONS","ELECTROLYTE SOLUTIONS","Site","PI-1052143","A091911","Bottom Cover_Ameza_GV5","2.00","0","0.00","21/03/2026"
"ELECTROLYTE SOLUTIONS","ELECTROLYTE SOLUTIONS","Site","PI-1055155","EA16901","Updated_PCB STM32_1200mm_Erica/Ameza/Renesa Zen_1 LED_GV5","20.00","0","10.00","21/03/2026"
"ELECTROLYTE SOLUTIONS","ELECTROLYTE SOLUTIONS","Site","PI-1058167","A112503","Canopy_Sea Sand Ivory_Ameza_GV5","0.00","0","0.00","21/03/2026"
"ELECTROLYTE SOLUTIONS","ELECTROLYTE SOLUTIONS","Site","PI-1061379","A073401","Downrod_Earth Brown_CF_Studio+_GV4","0.00","60","0.00","21/03/2026"
"ELECTROLYTE SOLUTIONS","ELECTROLYTE SOLUTIONS","Site","PI-1106828","A163010","Middle Canopy Assembly_Pearl White_GV5","0.00","0","0.00","21/03/2026"
"ELECTROLYTE SOLUTIONS","ELECTROLYTE SOLUTIONS","Site","PI-1106830","A163410","Canopy Plate_Pearl White_Renesa Elite_GV5","0.00","0","0.00","21/03/2026"
"ELECTROLYTE SOLUTIONS","ELECTROLYTE SOLUTIONS","Site","PI-1106832","A171301","Top Canopy_Pearl White_Renesa Elite_GV5","0.00","0","0.00","21/03/2026"
"ELECTROLYTE SOLUTIONS","ELECTROLYTE SOLUTIONS","Site","PI-1106834","A174501","Bottom Canopy_Pearl White_Renesa Elite_GV5","0.00","0","0.00","21/03/2026"
"ELECTROLYTE SOLUTIONS","ELECTROLYTE SOLUTIONS","Site","PI-1106836","A159911","Inner Cover (Opaque)_Cham Gold_Renesa Elite_GV5","0.00","0","0.00","21/03/2026"
"ELECTROLYTE SOLUTIONS","ELECTROLYTE SOLUTIONS","Site","PI-1106838","A160701","Outer Transparent body_Renesa Elite_GV5","0.00","0","0.00","21/03/2026"
"ELECTROLYTE SOLUTIONS","ELECTROLYTE SOLUTIONS","Site","PI-1106840","A161001","Aluminium Plate_GV5","0.00","0","0.00","21/03/2026"
"ELECTROLYTE SOLUTIONS","ELECTROLYTE SOLUTIONS","Site","PI-1106842","A170702","Deactivated - Duplicate Code","0.00","0","0.00","21/03/2026"
"ELECTROLYTE SOLUTIONS","ELECTROLYTE SOLUTIONS","Site","PI-1106844","A170901","Bottom cover_White_Renesa Elite_GV5","0.00","0","0.00","21/03/2026"
"ELECTROLYTE SOLUTIONS","ELECTROLYTE SOLUTIONS","Site","PI-1106846","EA19401","Power PCB_Renesa Elite/Studio Nexus_GV5","2.00","0","2.00","21/03/2026"
"ELECTROLYTE SOLUTIONS","ELECTROLYTE SOLUTIONS","Site","PI-1106848","EA20701","Digital Smart PCB_Renesa Elite/Studio Nexus_GV5","0.00","0","0.00","21/03/2026"
"ELECTROLYTE SOLUTIONS","ELECTROLYTE SOLUTIONS","Site","PI-1106850","A171101","Blade Aluminium_1200mm_Pearl White_Renesa Elite_GV5","6.00","0","0.00","21/03/2026"
"ELECTROLYTE SOLUTIONS","ELECTROLYTE SOLUTIONS","Site","PI-1106852","A163003","Middle Canopy Assembly_Snow White_GV5","0.00","0","0.00","21/03/2026"
"ELECTROLYTE SOLUTIONS","ELECTROLYTE SOLUTIONS","Site","PI-1106854","A163403","Canopy Plate_Snow White_Renesa Elite_GV5","0.00","0","0.00","21/03/2026"
"ELECTROLYTE SOLUTIONS","ELECTROLYTE SOLUTIONS","Site","PI-1106856","A171305","Top Canopy_Snow White_Renesa Elite_GV5","0.00","0","0.00","21/03/2026"
"ELECTROLYTE SOLUTIONS","ELECTROLYTE SOLUTIONS","Site","PI-1106858","A174505","Bottom Canopy_Snow White_Renesa Elite_GV5","0.00","0","0.00","21/03/2026"
"ELECTROLYTE SOLUTIONS","ELECTROLYTE SOLUTIONS","Site","PI-1106860","A159910","Inner Cover (Opaque)_Aegean Blue_Renesa Elite_GV5","0.00","0","0.00","21/03/2026"
"ELECTROLYTE SOLUTIONS","ELECTROLYTE SOLUTIONS","Site","PI-1106862","A160701","Deactivated - Duplicate Code","0.00","0","0.00","21/03/2026"
"ELECTROLYTE SOLUTIONS","ELECTROLYTE SOLUTIONS","Site","PI-1106864","A161001","Deactivated - Duplicate Code","0.00","0","0.00","21/03/2026"
"ELECTROLYTE SOLUTIONS","ELECTROLYTE SOLUTIONS","Site","PI-1106866","A170702","Light Guide Plastic_White_GV5","0.00","0","0.00","21/03/2026"
"ELECTROLYTE SOLUTIONS","ELECTROLYTE SOLUTIONS","Site","PI-1106868","A170901","Deactivated - Duplicate Code","0.00","0","0.00","21/03/2026"
"ELECTROLYTE SOLUTIONS","ELECTROLYTE SOLUTIONS","Site","PI-1106870","EA11401","Digital PCB (Non-smart)_Renesa Elite/Studio Nexus_GV5","0.00","0","0.00","21/03/2026"
"ELECTROLYTE SOLUTIONS","ELECTROLYTE SOLUTIONS","Site","PI-1106872","EA19401","Deactivated - Duplicate Code","0.00","0","0.00","21/03/2026"
"ELECTROLYTE SOLUTIONS","ELECTROLYTE SOLUTIONS","Site","PI-1106874","A171102","Blade Aluminium_1200mm_Snow White M_Renesa Elite_GV5","0.00","0","0.00","21/03/2026"
"ELECTROLYTE SOLUTIONS","ELECTROLYTE SOLUTIONS","Site","PI-1106876","A163002","Middle Canopy Assembly_Matt Black_GV5","6.00","0","0.00","21/03/2026"
"ELECTROLYTE SOLUTIONS","ELECTROLYTE SOLUTIONS","Site","PI-1106878","A163402","Canopy Plate_Matt Black_Renesa Elite_GV5","2.00","0","0.00","21/03/2026"
"ELECTROLYTE SOLUTIONS","ELECTROLYTE SOLUTIONS","Site","PI-1106880","A171302","Top Canopy_Matt Black_Renesa Elite_GV5","2.00","0","0.00","21/03/2026"
"ELECTROLYTE SOLUTIONS","ELECTROLYTE SOLUTIONS","Site","PI-1106882","A174502","Bottom Canopy_Matt Black_Renesa Elite_GV5","5.00","0","0.00","21/03/2026"
"ELECTROLYTE SOLUTIONS","ELECTROLYTE SOLUTIONS","Site","PI-1106884","A159901","Inner Cover (Opaque)_Matt Silver_Renesa Elite_GV5","0.00","0","0.00","21/03/2026"
"ELECTROLYTE SOLUTIONS","ELECTROLYTE SOLUTIONS","Site","PI-1106886","A160701","Deactivated - Duplicate Code","0.00","0","0.00","21/03/2026"
"ELECTROLYTE SOLUTIONS","ELECTROLYTE SOLUTIONS","Site","PI-1106888","A161001","Deactivated - Duplicate Code","0.00","0","0.00","21/03/2026"
"ELECTROLYTE SOLUTIONS","ELECTROLYTE SOLUTIONS","Site","PI-1106890","A170701","Light Guide Plastic_Black_GV5","0.00","0","0.00","21/03/2026"
"ELECTROLYTE SOLUTIONS","ELECTROLYTE SOLUTIONS","Site","PI-1106892","A170902","Bottom cover_Black_Renesa Elite_GV5","0.00","0","0.00","21/03/2026"
"ELECTROLYTE SOLUTIONS","ELECTROLYTE SOLUTIONS","Site","PI-1106894","EA11401","Deactivated - Duplicate Code","0.00","0","0.00","21/03/2026"
"ELECTROLYTE SOLUTIONS","ELECTROLYTE SOLUTIONS","Site","PI-1106896","EA19401","Deactivated - Duplicate Code","0.00","0","0.00","21/03/2026"
"ELECTROLYTE SOLUTIONS","ELECTROLYTE SOLUTIONS","Site","PI-1106898","A171103","Blade Aluminium_1200mm_Matt Black_Renesa Elite_GV5","4.00","0","0.00","21/03/2026"
"ELECTROLYTE SOLUTIONS","ELECTROLYTE SOLUTIONS","Site","PI-1106900","A163004","Middle Canopy Assembly_Pebble Grey_GV5","1.00","0","0.00","21/03/2026"
"ELECTROLYTE SOLUTIONS","ELECTROLYTE SOLUTIONS","Site","PI-1106902","A163404","Canopy Plate_Pebble Grey_Renesa Elite_GV5","1.00","0","0.00","21/03/2026"
"ELECTROLYTE SOLUTIONS","ELECTROLYTE SOLUTIONS","Site","PI-1106904","A171303","Top Canopy_Pebble Grey_Renesa Elite_GV5","0.00","0","0.00","21/03/2026"
"ELECTROLYTE SOLUTIONS","ELECTROLYTE SOLUTIONS","Site","PI-1106906","A174503","Bottom Canopy_Pebble Grey_Renesa Elite_GV5","0.00","0","0.00","21/03/2026"
"ELECTROLYTE SOLUTIONS","ELECTROLYTE SOLUTIONS","Site","PI-1106908","A159901@","Deactivated - Duplicate Code","0.00","0","0.00","21/03/2026"
"ELECTROLYTE SOLUTIONS","ELECTROLYTE SOLUTIONS","Site","PI-1106910","A160701","Deactivated - Duplicate Code","0.00","0","0.00","21/03/2026"
"ELECTROLYTE SOLUTIONS","ELECTROLYTE SOLUTIONS","Site","PI-1106912","A161001","Deactivated - Duplicate Code","0.00","0","0.00","21/03/2026"
"ELECTROLYTE SOLUTIONS","ELECTROLYTE SOLUTIONS","Site","PI-1106914","A170701","Deactivated - Duplicate Code","0.00","0","0.00","21/03/2026"
"ELECTROLYTE SOLUTIONS","ELECTROLYTE SOLUTIONS","Site","PI-1106916","A170902","Deactivated - Duplicate Code","0.00","0","0.00","21/03/2026"
"ELECTROLYTE SOLUTIONS","ELECTROLYTE SOLUTIONS","Site","PI-1106918","EA11401","Deactivated - Duplicate Code","0.00","0","0.00","21/03/2026"
"ELECTROLYTE SOLUTIONS","ELECTROLYTE SOLUTIONS","Site","PI-1106920","EA19401","Deactivated - Duplicate Code","0.00","0","0.00","21/03/2026"
"ELECTROLYTE SOLUTIONS","ELECTROLYTE SOLUTIONS","Site","PI-1106922","A171104","Blade Aluminium_1200mm_Pebble Grey_Renesa Elite_GV5","0.00","0","0.00","21/03/2026"
"ELECTROLYTE SOLUTIONS","ELECTROLYTE SOLUTIONS","Site","PI-1106924","A163005","Middle Canopy Assembly_Blaze Brown_GV5","3.00","0","0.00","21/03/2026"
"ELECTROLYTE SOLUTIONS","ELECTROLYTE SOLUTIONS","Site","PI-1106926","A163405","Canopy Plate_Blaze Brown_Renesa Elite_GV5","0.00","0","0.00","21/03/2026"
"ELECTROLYTE SOLUTIONS","ELECTROLYTE SOLUTIONS","Site","PI-1106928","A171304","Top Canopy_Blaze Brown_Renesa Elite_GV5","0.00","0","0.00","21/03/2026"
"ELECTROLYTE SOLUTIONS","ELECTROLYTE SOLUTIONS","Site","PI-1106930","A174504","Bottom Canopy_Blaze Brown_Renesa Elite_GV5","0.00","0","0.00","21/03/2026"
"ELECTROLYTE SOLUTIONS","ELECTROLYTE SOLUTIONS","Site","PI-1106932","A159911","Deactivated - Duplicate Code","0.00","0","0.00","21/03/2026"
"ELECTROLYTE SOLUTIONS","ELECTROLYTE SOLUTIONS","Site","PI-1106934","A160701","Deactivated - Duplicate Code","0.00","0","0.00","21/03/2026"
"ELECTROLYTE SOLUTIONS","ELECTROLYTE SOLUTIONS","Site","PI-1106936","A161001","Deactivated - Duplicate Code","0.00","0","0.00","21/03/2026"
"ELECTROLYTE SOLUTIONS","ELECTROLYTE SOLUTIONS","Site","PI-1106938","A170701","Deactivated - Duplicate Code","0.00","0","0.00","21/03/2026"
"ELECTROLYTE SOLUTIONS","ELECTROLYTE SOLUTIONS","Site","PI-1106940","A170902","Deactivated - Duplicate Code","0.00","0","0.00","21/03/2026"
"ELECTROLYTE SOLUTIONS","ELECTROLYTE SOLUTIONS","Site","PI-1106942","EA11401","Deactivated - Duplicate Code","0.00","0","0.00","21/03/2026"
"ELECTROLYTE SOLUTIONS","ELECTROLYTE SOLUTIONS","Site","PI-1106944","EA19401","Deactivated - Duplicate Code","0.00","0","0.00","21/03/2026"
"ELECTROLYTE SOLUTIONS","ELECTROLYTE SOLUTIONS","Site","PI-1106946","A171105","Blade Aluminium_1200mm_Blaze Brown_Renesa Elite_GV5","0.00","0","0.00","21/03/2026"
"ELECTROLYTE SOLUTIONS","ELECTROLYTE SOLUTIONS","Site","PI-1106948","A163006","Middle Canopy Assembly_Earth Brown_GV5","0.00","0","0.00","21/03/2026"
"ELECTROLYTE SOLUTIONS","ELECTROLYTE SOLUTIONS","Site","PI-1106950","A163406","Canopy Plate_Earth Brown_Renesa Elite_GV5","0.00","0","0.00","21/03/2026"
"ELECTROLYTE SOLUTIONS","ELECTROLYTE SOLUTIONS","Site","PI-1106952","A171306","Top Canopy_Earth Brown_Renesa Elite_GV5","4.00","0","0.00","21/03/2026"
"ELECTROLYTE SOLUTIONS","ELECTROLYTE SOLUTIONS","Site","PI-1106954","A174506","Bottom Canopy_Earth Brown_Renesa Elite_GV5","7.00","0","0.00","21/03/2026"
"ELECTROLYTE SOLUTIONS","ELECTROLYTE SOLUTIONS","Site","PI-1106956","A159911","Deactivated - Duplicate Code","0.00","0","0.00","21/03/2026"
"ELECTROLYTE SOLUTIONS","ELECTROLYTE SOLUTIONS","Site","PI-1106958","A160701","Deactivated - Duplicate Code","0.00","0","0.00","21/03/2026"
"ELECTROLYTE SOLUTIONS","ELECTROLYTE SOLUTIONS","Site","PI-1106960","A161001","Deactivated - Duplicate Code","0.00","0","0.00","21/03/2026"
"ELECTROLYTE SOLUTIONS","ELECTROLYTE SOLUTIONS","Site","PI-1106962","A170701","Deactivated - Duplicate Code","0.00","0","0.00","21/03/2026"
"ELECTROLYTE SOLUTIONS","ELECTROLYTE SOLUTIONS","Site","PI-1106964","A170902","Deactivated - Duplicate Code","0.00","0","0.00","21/03/2026"
"ELECTROLYTE SOLUTIONS","ELECTROLYTE SOLUTIONS","Site","PI-1106966","EA19401","Deactivated - Duplicate Code","0.00","0","0.00","21/03/2026"
"ELECTROLYTE SOLUTIONS","ELECTROLYTE SOLUTIONS","Site","PI-1106968","EA20701","Deactivated - Duplicate Code","0.00","0","0.00","21/03/2026"
"ELECTROLYTE SOLUTIONS","ELECTROLYTE SOLUTIONS","Site","PI-1106970","A171106","Blade Aluminium_1200mm_Earth Brown_Renesa Elite_GV5","1.00","0","0.00","21/03/2026"
"ELECTROLYTE SOLUTIONS","ELECTROLYTE SOLUTIONS","Site","PI-1106972","A163008","Middle Canopy Assembly_Ritz Blue_GV5","0.00","0","0.00","21/03/2026"
"ELECTROLYTE SOLUTIONS","ELECTROLYTE SOLUTIONS","Site","PI-1106974","A163408","Canopy Plate_Ritz Blue_Renesa Elite_GV5","0.00","0","0.00","21/03/2026"
"ELECTROLYTE SOLUTIONS","ELECTROLYTE SOLUTIONS","Site","PI-1106976","A171308","Top Canopy_Ritz Blue_Renesa Elite_GV5","1.00","0","0.00","21/03/2026"
"ELECTROLYTE SOLUTIONS","ELECTROLYTE SOLUTIONS","Site","PI-1106978","A174508","Bottom Canopy_Ritz Blue_Renesa Elite_GV5","0.00","0","0.00","21/03/2026"
"ELECTROLYTE SOLUTIONS","ELECTROLYTE SOLUTIONS","Site","PI-1106980","A159909","Inner Cover (Opaque)_Rose Gold_Renesa Elite_GV5","0.00","0","0.00","21/03/2026"
"ELECTROLYTE SOLUTIONS","ELECTROLYTE SOLUTIONS","Site","PI-1106982","A160701","Deactivated - Duplicate Code","0.00","0","0.00","21/03/2026"
"ELECTROLYTE SOLUTIONS","ELECTROLYTE SOLUTIONS","Site","PI-1106984","A161001","Deactivated - Duplicate Code","0.00","0","0.00","21/03/2026"
"ELECTROLYTE SOLUTIONS","ELECTROLYTE SOLUTIONS","Site","PI-1106986","A170701","Deactivated - Duplicate Code","0.00","0","0.00","21/03/2026"
"ELECTROLYTE SOLUTIONS","ELECTROLYTE SOLUTIONS","Site","PI-1106988","A170902","Deactivated - Duplicate Code","0.00","0","0.00","21/03/2026"
"ELECTROLYTE SOLUTIONS","ELECTROLYTE SOLUTIONS","Site","PI-1106990","EA19401","Deactivated - Duplicate Code","0.00","0","0.00","21/03/2026"
"ELECTROLYTE SOLUTIONS","ELECTROLYTE SOLUTIONS","Site","PI-1106992","EA20701","Deactivated - Duplicate Code","0.00","0","0.00","21/03/2026"
"ELECTROLYTE SOLUTIONS","ELECTROLYTE SOLUTIONS","Site","PI-1106994","A171107","Blade Aluminium_1200mm_Ritz Blue_Renesa Elite_GV5","0.00","0","0.00","21/03/2026"
"ELECTROLYTE SOLUTIONS","ELECTROLYTE SOLUTIONS","Site","PI-1106996","A163007","Middle Canopy Assembly_Sand Grey_GV5","0.00","0","0.00","21/03/2026"
"ELECTROLYTE SOLUTIONS","ELECTROLYTE SOLUTIONS","Site","PI-1106998","A163407","Canopy Plate_Sand Grey_Renesa Elite_GV5","0.00","0","0.00","21/03/2026"
"ELECTROLYTE SOLUTIONS","ELECTROLYTE SOLUTIONS","Site","PI-1107000","A171307","Top Canopy_Sand Grey_Renesa Elite_GV5","0.00","0","0.00","21/03/2026"
"ELECTROLYTE SOLUTIONS","ELECTROLYTE SOLUTIONS","Site","PI-1107002","A174507","Bottom Canopy_Sand Grey_Renesa Elite_GV5","0.00","0","0.00","21/03/2026"
"ELECTROLYTE SOLUTIONS","ELECTROLYTE SOLUTIONS","Site","PI-1107004","A159913","Inner Cover (Opaque)_Black Metal_Renesa Elite_GV5","0.00","0","0.00","21/03/2026"
"ELECTROLYTE SOLUTIONS","ELECTROLYTE SOLUTIONS","Site","PI-1107006","A160702","Outer Transparent body Tint_Renesa Elite_GV5","0.00","0","0.00","21/03/2026"
"ELECTROLYTE SOLUTIONS","ELECTROLYTE SOLUTIONS","Site","PI-1107008","A161001","Deactivated - Duplicate Code","0.00","0","0.00","21/03/2026"
"ELECTROLYTE SOLUTIONS","ELECTROLYTE SOLUTIONS","Site","PI-1107010","A170701","Deactivated - Duplicate Code","0.00","0","0.00","21/03/2026"
"ELECTROLYTE SOLUTIONS","ELECTROLYTE SOLUTIONS","Site","PI-1107012","A170903","Bottom cover_Black Tented_Renesa Elite_GV5","0.00","0","0.00","21/03/2026"
"ELECTROLYTE SOLUTIONS","ELECTROLYTE SOLUTIONS","Site","PI-1107014","EA19401","Deactivated - Duplicate Code","0.00","0","0.00","21/03/2026"
"ELECTROLYTE SOLUTIONS","ELECTROLYTE SOLUTIONS","Site","PI-1107016","EA20701","Deactivated - Duplicate Code","0.00","0","0.00","21/03/2026"
"ELECTROLYTE SOLUTIONS","ELECTROLYTE SOLUTIONS","Site","PI-1107018","A171108","Blade Aluminium_1200mm_Sand Grey_Renesa Elite_GV5","0.00","0","0.00","21/03/2026"
"ELECTROLYTE SOLUTIONS","ELECTROLYTE SOLUTIONS","Site","PI-1107020","A163002","Deactivated - Duplicate Code","0.00","0","0.00","21/03/2026"
"ELECTROLYTE SOLUTIONS","ELECTROLYTE SOLUTIONS","Site","PI-1107022","A163402","Deactivated - Duplicate Code","0.00","0","0.00","21/03/2026"
"ELECTROLYTE SOLUTIONS","ELECTROLYTE SOLUTIONS","Site","PI-1107024","A171302","Deactivated - Duplicate Code","0.00","0","0.00","21/03/2026"
"ELECTROLYTE SOLUTIONS","ELECTROLYTE SOLUTIONS","Site","PI-1107026","A174502","Deactivated - Duplicate Code","0.00","0","0.00","21/03/2026"
"ELECTROLYTE SOLUTIONS","ELECTROLYTE SOLUTIONS","Site","PI-1107028","A159913","Deactivated - Duplicate Code","0.00","0","0.00","21/03/2026"
"ELECTROLYTE SOLUTIONS","ELECTROLYTE SOLUTIONS","Site","PI-1107030","A160702","Deactivated - Duplicate Code","0.00","0","0.00","21/03/2026"
"ELECTROLYTE SOLUTIONS","ELECTROLYTE SOLUTIONS","Site","PI-1107032","A161001","Deactivated - Duplicate Code","0.00","0","0.00","21/03/2026"
"ELECTROLYTE SOLUTIONS","ELECTROLYTE SOLUTIONS","Site","PI-1107034","A170701","Deactivated - Duplicate Code","0.00","0","0.00","21/03/2026"
"ELECTROLYTE SOLUTIONS","ELECTROLYTE SOLUTIONS","Site","PI-1107036","A170903","Deactivated - Duplicate Code","0.00","0","0.00","21/03/2026"
"ELECTROLYTE SOLUTIONS","ELECTROLYTE SOLUTIONS","Site","PI-1107038","EA19401","Deactivated - Duplicate Code","0.00","0","0.00","21/03/2026"
"ELECTROLYTE SOLUTIONS","ELECTROLYTE SOLUTIONS","Site","PI-1107040","EA20701","Deactivated - Duplicate Code","0.00","0","0.00","21/03/2026"
"ELECTROLYTE SOLUTIONS","ELECTROLYTE SOLUTIONS","Site","PI-1107042","A171109","Blade Aluminium_1200mm_Gold Oak_Renesa Elite_GV5","6.00","0","0.00","21/03/2026"
"ELECTROLYTE SOLUTIONS","ELECTROLYTE SOLUTIONS","Site","PI-1107044","A163002","Deactivated - Duplicate Code","0.00","0","0.00","21/03/2026"
"ELECTROLYTE SOLUTIONS","ELECTROLYTE SOLUTIONS","Site","PI-1107046","A163402","Deactivated - Duplicate Code","0.00","0","0.00","21/03/2026"
"ELECTROLYTE SOLUTIONS","ELECTROLYTE SOLUTIONS","Site","PI-1107048","A171302","Deactivated - Duplicate Code","0.00","0","0.00","21/03/2026"
"ELECTROLYTE SOLUTIONS","ELECTROLYTE SOLUTIONS","Site","PI-1107050","A174502","Deactivated - Duplicate Code","0.00","0","0.00","21/03/2026"
"ELECTROLYTE SOLUTIONS","ELECTROLYTE SOLUTIONS","Site","PI-1107052","A159913","Deactivated - Duplicate Code","0.00","0","0.00","21/03/2026"
"ELECTROLYTE SOLUTIONS","ELECTROLYTE SOLUTIONS","Site","PI-1107054","A160702","Deactivated - Duplicate Code","0.00","0","0.00","21/03/2026"
"ELECTROLYTE SOLUTIONS","ELECTROLYTE SOLUTIONS","Site","PI-1107056","A161001","Deactivated - Duplicate Code","0.00","0","0.00","21/03/2026"
"ELECTROLYTE SOLUTIONS","ELECTROLYTE SOLUTIONS","Site","PI-1107058","A170701","Deactivated - Duplicate Code","0.00","0","0.00","21/03/2026"
"ELECTROLYTE SOLUTIONS","ELECTROLYTE SOLUTIONS","Site","PI-1107060","A170903","Deactivated - Duplicate Code","0.00","0","0.00","21/03/2026"
"ELECTROLYTE SOLUTIONS","ELECTROLYTE SOLUTIONS","Site","PI-1107062","EA19401","Deactivated - Duplicate Code","0.00","0","0.00","21/03/2026"
"ELECTROLYTE SOLUTIONS","ELECTROLYTE SOLUTIONS","Site","PI-1107064","EA20701","Deactivated - Duplicate Code","0.00","0","0.00","21/03/2026"
"ELECTROLYTE SOLUTIONS","ELECTROLYTE SOLUTIONS","Site","PI-1107066","A171110","Blade Aluminium_1200mm_Dark Walnut_Renesa Elite_GV5","0.00","0","0.00","21/03/2026"
"ELECTROLYTE SOLUTIONS","ELECTROLYTE SOLUTIONS","Site","PI-1107068","A195601","Blade Aluminium_1200mm_Snow White_Erica Nuvo_GV5","3.00","0","0.00","21/03/2026"
"ELECTROLYTE SOLUTIONS","ELECTROLYTE SOLUTIONS","Site","PI-1107070","A155501","Blade Trim_Snow white & Matt Gold_Erica Nuvo_GV5","0.00","0","0.00","21/03/2026"
"ELECTROLYTE SOLUTIONS","ELECTROLYTE SOLUTIONS","Site","PI-1107072","A073412","Downrod_Matt Snow White_GV5","1.00","0","0.00","21/03/2026"
"ELECTROLYTE SOLUTIONS","ELECTROLYTE SOLUTIONS","Site","PI-1107074","A196001","Bottom cover_Snow White_Erica Nuvo_GV5","5.00","0","5.00","21/03/2026"
"ELECTROLYTE SOLUTIONS","ELECTROLYTE SOLUTIONS","Site","PI-1107076","A195602","Blade Aluminium_1200mm_Lotus Pink_Erica Nuvo_GV5","0.00","0","0.00","21/03/2026"
"ELECTROLYTE SOLUTIONS","ELECTROLYTE SOLUTIONS","Site","PI-1107078","A155502","Blade Trim_lotus Pink & Matt Gold_Erica Nuvo_GV5","0.00","0","0.00","21/03/2026"
"ELECTROLYTE SOLUTIONS","ELECTROLYTE SOLUTIONS","Site","PI-1107080","A073413","Downrod_Matt Pink_GV5","0.00","0","0.00","21/03/2026"
"ELECTROLYTE SOLUTIONS","ELECTROLYTE SOLUTIONS","Site","PI-1107082","A196002","Bottom cover_Lotus Pink_Erica Nuvo_GV5","3.00","0","0.00","21/03/2026"
"ELECTROLYTE SOLUTIONS","ELECTROLYTE SOLUTIONS","Site","PI-1107084","A195603","Blade Aluminium_1200mm_Matt Black_Erica Nuvo_GV5","3.00","0","0.00","21/03/2026"
"ELECTROLYTE SOLUTIONS","ELECTROLYTE SOLUTIONS","Site","PI-1107086","A155503","Blade Trim_Matt Black & Matt Gold_Erica Nuvo_GV5","0.00","0","0.00","21/03/2026"
"ELECTROLYTE SOLUTIONS","ELECTROLYTE SOLUTIONS","Site","PI-1107088","A196003","Bottom cover_Midnight Black_Erica Nuvo_GV5","7.00","0","0.00","21/03/2026"
"ELECTROLYTE SOLUTIONS","ELECTROLYTE SOLUTIONS","Site","PI-1107090","A195604","Blade Aluminium_1200mm_Umber Brown_Erica Nuvo_GV5","7.00","0","0.00","21/03/2026"
"ELECTROLYTE SOLUTIONS","ELECTROLYTE SOLUTIONS","Site","PI-1107092","A1X1051","Trim_Snow White_Erica Nuvo_GV5","0.00","0","0.00","21/03/2026"
"ELECTROLYTE SOLUTIONS","ELECTROLYTE SOLUTIONS","Site","PI-1107094","A196004","Bottom cover_Umber Brown_Erica Nuvo_GV5","6.00","0","4.00","21/03/2026"
"ELECTROLYTE SOLUTIONS","ELECTROLYTE SOLUTIONS","Site","PI-1107096","A195605","Blade Aluminium_1200mm_Aegean Blue_Erica Nuvo_GV5","1.00","0","0.00","21/03/2026"
"ELECTROLYTE SOLUTIONS","ELECTROLYTE SOLUTIONS","Site","PI-1107098","A1X1050","Trim_Aegean Blue_Erica Nuvo_GV5","0.00","0","0.00","21/03/2026"
"ELECTROLYTE SOLUTIONS","ELECTROLYTE SOLUTIONS","Site","PI-1107100","A196005","Bottom cover_Aegean Blue_Erica Nuvo_GV5","0.00","0","0.00","21/03/2026"
"ELECTROLYTE SOLUTIONS","ELECTROLYTE SOLUTIONS","Site","PI-1288682","A102401","Bottom Canopy_White_1220mm_Aris_IOT_GV5","4.00","0","0.00","21/03/2026"
"ELECTROLYTE SOLUTIONS","ELECTROLYTE SOLUTIONS","Site","PI-1317337","A142203","4 Revit Blade Aluminium_1200mm_Ivory_GV2","0.00","0","0.00","21/03/2026"
"ELECTROLYTE SOLUTIONS","ELECTROLYTE SOLUTIONS","Site","PI-1317340","A142204","4 Revit Blade Aluminium_1200mm_Matt Black_GV2","0.00","0","0.00","21/03/2026"
"ELECTROLYTE SOLUTIONS","ELECTROLYTE SOLUTIONS","Site","PI-1317343","A163201","Top Canopy_Snow White_Rhino_GV5","0.00","0","0.00","21/03/2026"
"ELECTROLYTE SOLUTIONS","ELECTROLYTE SOLUTIONS","Site","PI-1317346","A177001","Bottom Canopy_Snow White_Rhino_GV5","0.00","0","0.00","21/03/2026"
"ELECTROLYTE SOLUTIONS","ELECTROLYTE SOLUTIONS","Site","PI-1317349","A160801","Power Box_Saber_GV5","0.00","0","0.00","21/03/2026"
"ELECTROLYTE SOLUTIONS","ELECTROLYTE SOLUTIONS","Site","PI-1317352","A173901","Diffuser_White_Rhino_GV5","0.00","0","0.00","21/03/2026"
"ELECTROLYTE SOLUTIONS","ELECTROLYTE SOLUTIONS","Site","PI-1317355","A176001","Motor Housing_Pearl White_Studio Nexus_GV5","0.00","0","0.00","21/03/2026"
"ELECTROLYTE SOLUTIONS","ELECTROLYTE SOLUTIONS","Site","PI-1317358","SA0111","Stator_1200mm_Renesa Elite/Studio Nexux_GV5","0.00","0","0.00","21/03/2026"
"ELECTROLYTE SOLUTIONS","ELECTROLYTE SOLUTIONS","Site","PI-1317361","A177501","Bottom cover Deco_Pearl White_Studio Nexus_GV5","0.00","0","0.00","21/03/2026"
"ELECTROLYTE SOLUTIONS","ELECTROLYTE SOLUTIONS","Site","PI-1317364","A194501","Blade_1200mm_Pearl White_Studio Nexux_GV5","0.00","0","0.00","21/03/2026"
"ELECTROLYTE SOLUTIONS","ELECTROLYTE SOLUTIONS","Site","PI-1317367","A163202","Top Canopy_Matt Black_Rhino_GV5","0.00","0","0.00","21/03/2026"
"ELECTROLYTE SOLUTIONS","ELECTROLYTE SOLUTIONS","Site","PI-1317370","A177002","Bottom Canopy_Matt Black_Rhino_GV5","0.00","0","0.00","21/03/2026"
"ELECTROLYTE SOLUTIONS","ELECTROLYTE SOLUTIONS","Site","PI-1317373","A173902","Diffuser_Black_Rhino_GV5","0.00","0","0.00","21/03/2026"
"ELECTROLYTE SOLUTIONS","ELECTROLYTE SOLUTIONS","Site","PI-1317376","A176002","Motor Housing_Matt Black_Studio Nexus_GV5","0.00","0","0.00","21/03/2026"
"ELECTROLYTE SOLUTIONS","ELECTROLYTE SOLUTIONS","Site","PI-1317379","A177502","Bottom cover Deco_Matt Black_Studio Nexus_GV5","0.00","0","0.00","21/03/2026"
"ELECTROLYTE SOLUTIONS","ELECTROLYTE SOLUTIONS","Site","PI-1317382","A194505","Blade_1200mm_Matt Black_Studio Nexux_GV5","0.00","0","0.00","21/03/2026"
"ELECTROLYTE SOLUTIONS","ELECTROLYTE SOLUTIONS","Site","PI-1317385","A194506","Blade_1200mm_Blaze Brown_Studio Nexux_GV5","0.00","0","0.00","21/03/2026"
"ELECTROLYTE SOLUTIONS","ELECTROLYTE SOLUTIONS","Site","PI-1317388","A163203","Top Canopy_Blaze Brown_Rhino_GV5","0.00","0","0.00","21/03/2026"
"ELECTROLYTE SOLUTIONS","ELECTROLYTE SOLUTIONS","Site","PI-1317391","A177003","Bottom Canopy_Blaze Brown_Rhino_GV5","0.00","0","0.00","21/03/2026"
"ELECTROLYTE SOLUTIONS","ELECTROLYTE SOLUTIONS","Site","PI-1317394","A176003","Motor Housing_Blaze Brown_Studio Nexus_GV5","0.00","0","0.00","21/03/2026"
"ELECTROLYTE SOLUTIONS","ELECTROLYTE SOLUTIONS","Site","PI-1317397","A177503","Bottom cover Deco_Blaze Brown_Studio Nexus_GV5","0.00","0","0.00","21/03/2026"
"ELECTROLYTE SOLUTIONS","ELECTROLYTE SOLUTIONS","Site","PI-1317400","A194507","Blade_1200mm_Pebble Grey_Studio Nexux_GV5","0.00","0","0.00","21/03/2026"
"ELECTROLYTE SOLUTIONS","ELECTROLYTE SOLUTIONS","Site","PI-1317403","A176004","Motor Housing_Pebble Grey_Studio Nexus_GV5","0.00","0","0.00","21/03/2026"
"ELECTROLYTE SOLUTIONS","ELECTROLYTE SOLUTIONS","Site","PI-1317406","A177004","Bottom Canopy_Pebble Grey_Rhino_GV5","1.00","0","0.00","21/03/2026"
"ELECTROLYTE SOLUTIONS","ELECTROLYTE SOLUTIONS","Site","PI-1317409","A163204","Top Canopy_Pebble Grey_Rhino_GV5","1.00","0","0.00","21/03/2026"
"ELECTROLYTE SOLUTIONS","ELECTROLYTE SOLUTIONS","Site","PI-1317412","A177504","Bottom cover Deco_Pebble Grey_Studio Nexus_GV5","0.00","0","0.00","21/03/2026"
"ELECTROLYTE SOLUTIONS","ELECTROLYTE SOLUTIONS","Site","PI-1317415","A194502","Blade_1200mm_Ritz Blue_Studio Nexux_GV5","0.00","0","0.00","21/03/2026"
"ELECTROLYTE SOLUTIONS","ELECTROLYTE SOLUTIONS","Site","PI-1317418","A176005","Motor Housing_Ritz Blue_Studio Nexus_GV5","0.00","0","0.00","21/03/2026"
"ELECTROLYTE SOLUTIONS","ELECTROLYTE SOLUTIONS","Site","PI-1317421","A177005","Bottom Canopy_Ritz Blue_Rhino_GV5","0.00","0","0.00","21/03/2026"
"ELECTROLYTE SOLUTIONS","ELECTROLYTE SOLUTIONS","Site","PI-1317424","A163205","Top Canopy_Ritz Blue_Rhino_GV5","0.00","0","0.00","21/03/2026"
"ELECTROLYTE SOLUTIONS","ELECTROLYTE SOLUTIONS","Site","PI-1317427","A177505","Bottom cover Deco_Ritz Blue_Studio Nexus_GV5","0.00","0","0.00","21/03/2026"
"ELECTROLYTE SOLUTIONS","ELECTROLYTE SOLUTIONS","Site","PI-1317430","A194503","Blade_1200mm_Rose Gold_Studio Nexux_GV5","0.00","0","0.00","21/03/2026"
"ELECTROLYTE SOLUTIONS","ELECTROLYTE SOLUTIONS","Site","PI-1317433","A176006","Motor Housing_Rose Gold_Studio Nexus_GV5","0.00","0","0.00","21/03/2026"
"ELECTROLYTE SOLUTIONS","ELECTROLYTE SOLUTIONS","Site","PI-1317436","A177006","Bottom Canopy_Rose Gold_Rhino_GV5","5.00","0","0.00","21/03/2026"
"ELECTROLYTE SOLUTIONS","ELECTROLYTE SOLUTIONS","Site","PI-1317439","A163409","Canopy Plate_Rose Gold_Rhino_GV5","1.00","0","0.00","21/03/2026"
"ELECTROLYTE SOLUTIONS","ELECTROLYTE SOLUTIONS","Site","PI-1317442","A163206","Top Canopy_Rose Gold_Rhino_GV5","1.00","0","0.00","21/03/2026"
"ELECTROLYTE SOLUTIONS","ELECTROLYTE SOLUTIONS","Site","PI-1317445","A163009","Canopy Middle_Rose Gold_Rhino_GV5","1.00","0","0.00","21/03/2026"
"ELECTROLYTE SOLUTIONS","ELECTROLYTE SOLUTIONS","Site","PI-1317448","A177506","Bottom cover Deco_Rose Gold_Studio Nexus_GV5","0.00","0","0.00","21/03/2026"
"ELECTROLYTE SOLUTIONS","ELECTROLYTE SOLUTIONS","Site","PI-1317451","A194504","Blade_1200mm_Dark Walnut_Studio Nexux_GV5","0.00","0","0.00","21/03/2026"
"ELECTROLYTE SOLUTIONS","ELECTROLYTE SOLUTIONS","Site","PI-1317454","A177507","Bottom cover Deco_Dark Walnut_Studio Nexus_GV5","0.00","0","0.00","21/03/2026"
"ELECTROLYTE SOLUTIONS","ELECTROLYTE SOLUTIONS","Site","PI-1317457","A234401","Blade_1200mm_Matt Black_Renesa Halo_GV5","1.00","0","0.00","21/03/2026"
"ELECTROLYTE SOLUTIONS","ELECTROLYTE SOLUTIONS","Site","PI-1317460","A181101","Canopy Plate_Black_GV5","0.00","0","0.00","21/03/2026"
"ELECTROLYTE SOLUTIONS","ELECTROLYTE SOLUTIONS","Site","PI-1317463","A180801","Bottom Diffuser_Black_Renesa Halo_GV5","0.00","0","0.00","21/03/2026"
"ELECTROLYTE SOLUTIONS","ELECTROLYTE SOLUTIONS","Site","PI-1317466","A180901","Deco ring_Champagne Gold_Renesa Halo_GV5","0.00","0","0.00","21/03/2026"
"ELECTROLYTE SOLUTIONS","ELECTROLYTE SOLUTIONS","Site","PI-1317469","A234404","Blade_1200mm_Matt Brown_Renesa Halo_GV5","2.00","0","0.00","21/03/2026"
"ELECTROLYTE SOLUTIONS","ELECTROLYTE SOLUTIONS","Site","PI-1317472","A234403","Blade_1200mm_Misty Teal_Renesa Halo_GV5","4.00","0","0.00","21/03/2026"
"ELECTROLYTE SOLUTIONS","ELECTROLYTE SOLUTIONS","Site","PI-1317475","A180902","Deco ring_Silver Chrome_Renesa Halo_GV5","0.00","0","0.00","21/03/2026"
"ELECTROLYTE SOLUTIONS","ELECTROLYTE SOLUTIONS","Site","PI-1317478","A234405","Blade_1200mm_Pebble Grey_Renesa Halo_GV5","0.00","0","0.00","21/03/2026"
"ELECTROLYTE SOLUTIONS","ELECTROLYTE SOLUTIONS","Site","PI-1317481","A181102","Canopy Plate_Pebble Grey_GV5","0.00","0","0.00","21/03/2026"
"ELECTROLYTE SOLUTIONS","ELECTROLYTE SOLUTIONS","Site","PI-1317484","A180802","Bottom Diffuser_Pebble Grey_Renesa Halo_GV5","0.00","0","0.00","21/03/2026"
"ELECTROLYTE SOLUTIONS","ELECTROLYTE SOLUTIONS","Site","PI-1317487","A234402","Blade_1200mm_Gloss White_Renesa Halo_GV5","4.00","0","0.00","21/03/2026"
"ELECTROLYTE SOLUTIONS","ELECTROLYTE SOLUTIONS","Site","PI-1317490","A234406","Blade_1200mm_Sea Sand Ivory_Renesa Halo_GV5","4.00","0","0.00","21/03/2026"
"ELECTROLYTE SOLUTIONS","ELECTROLYTE SOLUTIONS","Site","PI-1317493","A033013","Canopy_Sea Sand Ivory Set Pack_GV5","12.00","0","0.00","21/03/2026"
"ELECTROLYTE SOLUTIONS","ELECTROLYTE SOLUTIONS","Site","PI-1317496","A181104","Canopy Plate_Sea Sand Ivory_GV5","0.00","0","0.00","21/03/2026"
"ELECTROLYTE SOLUTIONS","ELECTROLYTE SOLUTIONS","Site","PI-1317499","A022816","Motor Housing_Sea Sand Ivory_Renesa Halo_GV5","0.00","0","0.00","21/03/2026"
"ELECTROLYTE SOLUTIONS","ELECTROLYTE SOLUTIONS","Site","PI-1317502","A180803","Bottom Diffuser_Sea Sand Grey_Renesa Halo_GV5","0.00","0","0.00","21/03/2026"
"ELECTROLYTE SOLUTIONS","ELECTROLYTE SOLUTIONS","Site","PI-1317505","A180903","Deco ring_Copper_Renesa Halo_GV5","0.00","0","0.00","21/03/2026"
"ELECTROLYTE SOLUTIONS","ELECTROLYTE SOLUTIONS","Site","PI-1317508","A180904","Deco ring_Rose Gold_Renesa Halo_GV5","0.00","0","0.00","21/03/2026"
"ELECTROLYTE SOLUTIONS","ELECTROLYTE SOLUTIONS","Site","PI-1317511","A181105","Canopy Plate_Gloss White_GV5","0.00","0","0.00","21/03/2026"
"ELECTROLYTE SOLUTIONS","ELECTROLYTE SOLUTIONS","Site","PI-1317514","A180804","Bottom Diffuser_Gloss White_Renesa Halo_GV5","0.00","0","0.00","21/03/2026"
"ELECTROLYTE SOLUTIONS","ELECTROLYTE SOLUTIONS","Site","PI-1317517","A234407","Blade_1200mm_Blaze Brown_Renesa Halo_GV5","0.00","0","0.00","21/03/2026"
"ELECTROLYTE SOLUTIONS","ELECTROLYTE SOLUTIONS","Site","PI-1317520","A033014","Canopy_Blaze Brown Set Pack_GV5","5.00","0","0.00","21/03/2026"
"ELECTROLYTE SOLUTIONS","ELECTROLYTE SOLUTIONS","Site","PI-1317523","A181103","Canopy Plate_Blaze Brown_GV5","0.00","0","0.00","21/03/2026"
"ELECTROLYTE SOLUTIONS","ELECTROLYTE SOLUTIONS","Site","PI-1317526","A022817","Motor Housing_Blaze Brown_Renesa Halo_GV5","0.00","0","0.00","21/03/2026"
"ELECTROLYTE SOLUTIONS","ELECTROLYTE SOLUTIONS","Site","PI-1317529","A180905","Deco ring_Aegean Blue_Renesa Halo_GV5","0.00","0","0.00","21/03/2026"
"ELECTROLYTE SOLUTIONS","ELECTROLYTE SOLUTIONS","Site","PI-1317532","RA0109","Downrod_White_Efficio_CF","0.00","0","0.00","21/03/2026"
"ELECTROLYTE SOLUTIONS","ELECTROLYTE SOLUTIONS","Site","PI-1317535","A107102","Bottom Cover_Gloss White_Efficio_GV5","0.00","0","0.00","21/03/2026"
"ELECTROLYTE SOLUTIONS","ELECTROLYTE SOLUTIONS","Site","PI-1317538","A175001","Updated Blade_1200mm_Gloss White_Efficio RM_GV5","0.00","0","0.00","21/03/2026"
"ELECTROLYTE SOLUTIONS","ELECTROLYTE SOLUTIONS","Site","PI-1317541","A107103","Bottom Cover_Gloss Black_Efficio_GV5","0.00","0","0.00","21/03/2026"
"ELECTROLYTE SOLUTIONS","ELECTROLYTE SOLUTIONS","Site","PI-1317544","A175002","Blade_1200mm_Gloss Black_Efficio RM_GV5","0.00","0","0.00","21/03/2026"
"ELECTROLYTE SOLUTIONS","ELECTROLYTE SOLUTIONS","Site","PI-1317547","A107104","Bottom Cover_Gloss Brown_Efficio_GV5","0.00","0","0.00","21/03/2026"
"ELECTROLYTE SOLUTIONS","ELECTROLYTE SOLUTIONS","Site","PI-1317550","A123202","Downrod_300mm_Gloss Brown_CF","0.00","0","0.00","21/03/2026"
"ELECTROLYTE SOLUTIONS","ELECTROLYTE SOLUTIONS","Site","PI-1317553","A175003","Blade_1200mm_Gloss Brown_Efficio RM_GV5","0.00","0","0.00","21/03/2026"
"ELECTROLYTE SOLUTIONS","ELECTROLYTE SOLUTIONS","Site","PI-1317556","A107106","Bottom Cover_Sea Sand Ivory_Efficio_GV5","0.00","0","0.00","21/03/2026"
"ELECTROLYTE SOLUTIONS","ELECTROLYTE SOLUTIONS","Site","PI-1317559","A175004","Blade_1200mm_Sea Sand Ivory_Efficio RM_GV5","0.00","0","0.00","21/03/2026"
"ELECTROLYTE SOLUTIONS","ELECTROLYTE SOLUTIONS","Site","PI-1317562","A073416","Downrod_Pebble Grey_ Renesa Halo_CF","0.00","0","0.00","21/03/2026"
"ELECTROLYTE SOLUTIONS","ELECTROLYTE SOLUTIONS","Site","PI-1384664","SRA159305","Base Unit_Snow White_Yulia Mixer Grinder_MG","0.00","5590","0.00","21/03/2026"
"ELECTROLYTE SOLUTIONS","ELECTROLYTE SOLUTIONS","Site","PI-1384669","A122601","Base Cover_Yulia/Xiana Mixer Grinder_MG","0.00","192","0.00","21/03/2026"
"ELECTROLYTE SOLUTIONS","ELECTROLYTE SOLUTIONS","Site","PI-1384674","A157702","Chutney Jar Assembly_Yulia Mixer Grinder_MG","5.00","1180","0.00","21/03/2026"
"ELECTROLYTE SOLUTIONS","ELECTROLYTE SOLUTIONS","Site","PI-1384679","A108001","Jar Coupler_Zenova/Yulia/Xiana Mixer Grinder_MG","4.00","384","0.00","21/03/2026"
"ELECTROLYTE SOLUTIONS","ELECTROLYTE SOLUTIONS","Site","PI-1384684","EA12201","Jar Sensor_Yulia_MG","0.00","413","0.00","21/03/2026"
"ELECTROLYTE SOLUTIONS","ELECTROLYTE SOLUTIONS","Site","PI-1384689","A124901","Knob Assembly_Yulia Mixer Grinder_MG","0.00","162","0.00","21/03/2026"
"ELECTROLYTE SOLUTIONS","ELECTROLYTE SOLUTIONS","Site","PI-1384694","A119904","Universal Motor_Yulia Mixer Grinder_MG","0.00","1682","0.00","21/03/2026"
"ELECTROLYTE SOLUTIONS","ELECTROLYTE SOLUTIONS","Site","PI-1384699","A104101","Motor Coupler_Zenova/Yulia/Xiana Mixer Grinder_MG","4.00","310","0.00","21/03/2026"
"ELECTROLYTE SOLUTIONS","ELECTROLYTE SOLUTIONS","Site","PI-1384704","EA11101","Driver PCB_Yulia Mixer Grinder_MG","4.00","1372","3.00","21/03/2026"
"ELECTROLYTE SOLUTIONS","ELECTROLYTE SOLUTIONS","Site","PI-1384709","A019302","Main Power Cord_Yulia/Xiana Mixer Grinder_MG","0.00","310","0.00","21/03/2026"
"ELECTROLYTE SOLUTIONS","ELECTROLYTE SOLUTIONS","Site","PI-1384714","A119908","Speed Sensor Assembly_Yulia/Xiana Mixer Grinder_MG","4.00","221","0.00","21/03/2026"
"ELECTROLYTE SOLUTIONS","ELECTROLYTE SOLUTIONS","Site","PI-1384719","A130702","Lid Cup_Liquidising Jar_Yulia Mixer Grinder_MG","0.00","177","0.00","21/03/2026"
"ELECTROLYTE SOLUTIONS","ELECTROLYTE SOLUTIONS","Site","PI-1384724","A128301","Lid Gasket_Liquidising Jar_Yulia_MG","0.00","177","0.00","21/03/2026"
"ELECTROLYTE SOLUTIONS","ELECTROLYTE SOLUTIONS","Site","PI-1384729","A128201","Lid Gasket_Chutney & Wet/Dry Jar_Yulia_MG","0.00","177","0.00","21/03/2026"
"ELECTROLYTE SOLUTIONS","ELECTROLYTE SOLUTIONS","Site","PI-1384734","A158202","Lid Assembly_Liquidising  Jar_Yulia_MG","2.00","280","0.00","21/03/2026"
"ELECTROLYTE SOLUTIONS","ELECTROLYTE SOLUTIONS","Site","PI-1384739","A122301","Lid Assembly_Chutney & Wet/Dry Jar_Yulia_MG","3.00","280","0.00","21/03/2026"
"ELECTROLYTE SOLUTIONS","ELECTROLYTE SOLUTIONS","Site","PI-1384744","A119302","Motor Stand(Universal Motor)_Yulia/Xiana_MG","0.00","207","0.00","21/03/2026"
"ELECTROLYTE SOLUTIONS","ELECTROLYTE SOLUTIONS","Site","PI-1384749","SRA159304","Base Unit_Gloss Black_Yulia Mixer Grinder_MG","0.00","5590","0.00","21/03/2026"
"ELECTROLYTE SOLUTIONS","ELECTROLYTE SOLUTIONS","Site","PI-1384754","SRA159306","Base Unit_Ritz Blue_Yulia Mixer Grinder_MG","0.00","5590","0.00","21/03/2026"
"ELECTROLYTE SOLUTIONS","ELECTROLYTE SOLUTIONS","Site","PI-1384759","SRA159102","Base Unit_Pabble Gray_Yulia Mixer Grinder_MG","0.00","5590","0.00","21/03/2026"
"ELECTROLYTE SOLUTIONS","ELECTROLYTE SOLUTIONS","Site","PI-1384764","SRA159310","Base Unit_Frosty Mint_Yulia Mixer Grinder_MG","0.00","5590","0.00","21/03/2026"
"ELECTROLYTE SOLUTIONS","ELECTROLYTE SOLUTIONS","Site","PI-1384769","A157802","Wet/Dry Jar Assembly_Yulia Mixer Grinder_MG","4.00","1180","0.00","21/03/2026"
"ELECTROLYTE SOLUTIONS","ELECTROLYTE SOLUTIONS","Site","PI-1384774","A157902","Liquidising Jar Assembly_Yulia Mixer Grinder_MG","4.00","1180","0.00","21/03/2026"
"ELECTROLYTE SOLUTIONS","ELECTROLYTE SOLUTIONS","Site","PI-1430448","A178801","4 Revit Blade Aluminium_1200mm_Matt Brown_GV2","0.00","0","0.00","21/03/2026"
"ELECTROLYTE SOLUTIONS","ELECTROLYTE SOLUTIONS","Site","PI-1441800","A125418","Blade_1200mm_Sea Sand Ivory_Ikano_GV5","2.00","0","0.00","21/03/2026"
"ELECTROLYTE SOLUTIONS","ELECTROLYTE SOLUTIONS","Site","PI-1441805","A091910","Bottom Cover_Sea Sand Ivory_Ameza_GV5","6.00","0","0.00","21/03/2026"
"ELECTROLYTE SOLUTIONS","ELECTROLYTE SOLUTIONS","Site","PI-1441810","A064123","Blade_Aluminium_Dark Walnut_1200mm_Renesa Enzel_GV5","0.00","0","0.00","21/03/2026"
"ELECTROLYTE SOLUTIONS","ELECTROLYTE SOLUTIONS","Site","PI-1441815","A064124","Blade_Aluminium_Maplewood_1200mm_Renesa Enzel_GV5","0.00","0","0.00","21/03/2026"
"ELECTROLYTE SOLUTIONS","ELECTROLYTE SOLUTIONS","Site","PI-1441820","A064122","Blade_Aluminium_Misty Teal_1200mm_Renesa Enzel_GV5","0.00","0","0.00","21/03/2026"
"ELECTROLYTE SOLUTIONS","ELECTROLYTE SOLUTIONS","Site","PI-1441825","A064121","Blade_Aluminium_Pebble Grey_1200mm_Renesa Enzel_GV5","0.00","0","0.00","21/03/2026"
"ELECTROLYTE SOLUTIONS","ELECTROLYTE SOLUTIONS","Site","PI-1441830","A095103","Canopy_Pebble Grey_Renesa Enzel_GV5","0.00","0","0.00","21/03/2026"
"ELECTROLYTE SOLUTIONS","ELECTROLYTE SOLUTIONS","Site","PI-1441835","A063806","Blade_Aluminium_Ameza-i_1200mm - Gloss Black_GV5","2.00","0","0.00","21/03/2026"
"ELECTROLYTE SOLUTIONS","ELECTROLYTE SOLUTIONS","Site","PI-1441840","A063807","Blade_Aluminium_Ameza-i_1200mm - Gloss Brown_GV5","0.00","0","0.00","21/03/2026"
"ELECTROLYTE SOLUTIONS","ELECTROLYTE SOLUTIONS","Site","PI-1441845","A102402","Bottom Canopy_Black_1220mm_Aris_IOT_GV5","1.00","0","0.00","21/03/2026"
"ELECTROLYTE SOLUTIONS","ELECTROLYTE SOLUTIONS","Site","PI-1464405","KIT002","Water Purifier KIT","0.00","0","0.00","21/03/2026"
"ELECTROLYTE SOLUTIONS","ELECTROLYTE SOLUTIONS","Site","PI-1513007","EA12701","Smart PCB_Flamingo_6LED_1200mm_Renesa/Renesa+/Halo/Studio+_GV5","20.00","0","20.00","21/03/2026"
"ELECTROLYTE SOLUTIONS","ELECTROLYTE SOLUTIONS","Site","PI-1513012","EA17701","PCB 41W_Aris non-starlight_GV5","3.00","0","3.00","21/03/2026"
"ELECTROLYTE SOLUTIONS","ELECTROLYTE SOLUTIONS","Site","PI-1513017","A189601","Blade_Plastic_White_900mm_Aris_IOT_GV5","2.00","0","0.00","21/03/2026"
"ELECTROLYTE SOLUTIONS","ELECTROLYTE SOLUTIONS","Site","PI-1513022","EA23301","PCB With LED Strip__900mm_GV5","0.00","0","0.00","21/03/2026"
"ELECTROLYTE SOLUTIONS","ELECTROLYTE SOLUTIONS","Site","PI-1513027","A006403","Bottom Cover_White_Aris_IOT_GV5","0.00","0","0.00","21/03/2026"
"ELECTROLYTE SOLUTIONS","ELECTROLYTE SOLUTIONS","Site","PI-1513032","A243301","Blade_Aluminium_Erica Meta_1230mm_Gloss White_GV5","0.00","0","0.00","21/03/2026"
"ELECTROLYTE SOLUTIONS","ELECTROLYTE SOLUTIONS","Site","PI-1513037","EA24201","Updated STM32 PCB C0_1230mm_ Erica Meta_GV5","0.00","0","0.00","21/03/2026"
"ELECTROLYTE SOLUTIONS","ELECTROLYTE SOLUTIONS","Site","PI-1513042","A034302","Light Guide_White_Erica Meta_GV5","0.00","0","0.00","21/03/2026"
"ELECTROLYTE SOLUTIONS","ELECTROLYTE SOLUTIONS","Site","PI-1513047","A086904","Plastic Blade_Ritz Blue_Aris Contour_GV5","0.00","0","0.00","21/03/2026"
"ELECTROLYTE SOLUTIONS","ELECTROLYTE SOLUTIONS","Site","PI-1513052","A086905","Plastic Blade_Umber Brown Matt_Aris Contour_GV5","0.00","0","0.00","21/03/2026"
"ELECTROLYTE SOLUTIONS","ELECTROLYTE SOLUTIONS","Site","PI-1513057","A029704","Plastic Blade_Tuscan Gold_Aris_GV5","0.00","0","0.00","21/03/2026"
"ELECTROLYTE SOLUTIONS","ELECTROLYTE SOLUTIONS","Site","PI-1513062","A006507","Diffuser Assembly_Tuscan Gold_Aris_GV5","0.00","0","0.00","21/03/2026"
"ELECTROLYTE SOLUTIONS","ELECTROLYTE SOLUTIONS","Site","PI-1513067","A101704","Canopy Top_Tuscan Gold_Aris_GV5","0.00","0","0.00","21/03/2026"
"ELECTROLYTE SOLUTIONS","ELECTROLYTE SOLUTIONS","Site","PI-1513072","A101804","Canopy Top Plate_Tuscan Gold_Aris_GV5","0.00","0","0.00","21/03/2026"
"ELECTROLYTE SOLUTIONS","ELECTROLYTE SOLUTIONS","Site","PI-1513077","A102004","Canopy Middle Upper Assy_Tuscan Gold_Aris_GV5","0.00","0","0.00","21/03/2026"
"ELECTROLYTE SOLUTIONS","ELECTROLYTE SOLUTIONS","Site","PI-1513082","A102204","Canopy Middle Lower Assy_Tuscan Gold_Aris_GV5","0.00","0","0.00","21/03/2026"
"ELECTROLYTE SOLUTIONS","ELECTROLYTE SOLUTIONS","Site","PI-1513087","A102404","Canopy Bottom_Tuscan Gold_Aris_GV5","0.00","0","0.00","21/03/2026"
"ELECTROLYTE SOLUTIONS","ELECTROLYTE SOLUTIONS","Site","PI-1513092","A029705","Blade_Umber Browm_1200mm_Aris_GV5","0.00","0","0.00","21/03/2026"
"ELECTROLYTE SOLUTIONS","ELECTROLYTE SOLUTIONS","Site","PI-1513097","A006508","Bottom Cover_Umber Brown_Aris_GV5","0.00","0","0.00","21/03/2026"
"ELECTROLYTE SOLUTIONS","ELECTROLYTE SOLUTIONS","Site","PI-1513102","A101705","Canopy Top_Umber Brown_Aris_GV5","0.00","0","0.00","21/03/2026"
"ELECTROLYTE SOLUTIONS","ELECTROLYTE SOLUTIONS","Site","PI-1513107","A101805","Canopy Top Plate_Umber Brown_Aris_GV5","0.00","0","0.00","21/03/2026"
"ELECTROLYTE SOLUTIONS","ELECTROLYTE SOLUTIONS","Site","PI-1513112","A102005","Canopy Middle Upper Assy_Umber Brown_Aris_GV5","0.00","0","0.00","21/03/2026"
"ELECTROLYTE SOLUTIONS","ELECTROLYTE SOLUTIONS","Site","PI-1513117","A102205","Canopy Middle Lower Assy_Umber Brown_Aris_GV5","0.00","0","0.00","21/03/2026"
"ELECTROLYTE SOLUTIONS","ELECTROLYTE SOLUTIONS","Site","PI-1513122","A102405","Canopy Bottom_Umber Brown_Aris_GV5","0.00","0","0.00","21/03/2026"
"ELECTROLYTE SOLUTIONS","ELECTROLYTE SOLUTIONS","Site","PI-1513127","A243302","Blade_Matt Black_1230mm_Erica Meta_GV5","0.00","0","0.00","21/03/2026"
"ELECTROLYTE SOLUTIONS","ELECTROLYTE SOLUTIONS","Site","PI-1513132","A243303","Blade_1230mm_Blaze Brown_Erica Meta_GV5","0.00","0","0.00","21/03/2026"
"ELECTROLYTE SOLUTIONS","ELECTROLYTE SOLUTIONS","Site","PI-1513137","A243304","Blade_1230mm_Sea Sand Ivory_Erica Meta_GV5","0.00","0","0.00","21/03/2026"
"ELECTROLYTE SOLUTIONS","ELECTROLYTE SOLUTIONS","Site","PI-1513142","A238202","Blade_900mm_Matt Black_Renesa Halo_GV5","0.00","0","0.00","21/03/2026"
"ELECTROLYTE SOLUTIONS","ELECTROLYTE SOLUTIONS","Site","PI-1513147","EA24801","Smart Phoenix PCB_900mm_Renesa Halo_GV5","25.00","0","25.00","21/03/2026"
"ELECTROLYTE SOLUTIONS","ELECTROLYTE SOLUTIONS","Site","PI-1513152","A238204","Blade_900mm_Misty Teal_Renesa Halo_GV5","0.00","0","0.00","21/03/2026"
"ELECTROLYTE SOLUTIONS","ELECTROLYTE SOLUTIONS","Site","PI-1513157","A238201","Blade_900mm_Gloss White_Renesa Halo_GV5","4.00","0","0.00","21/03/2026"
"ELECTROLYTE SOLUTIONS","ELECTROLYTE SOLUTIONS","Site","PI-1513162","A163011","Canopy Middle_Gloss White_Studio Nexus_GV5","0.00","0","0.00","21/03/2026"
"ELECTROLYTE SOLUTIONS","ELECTROLYTE SOLUTIONS","Site","PI-1513167","A163207","Canopy Top_Gloss White_Studio Nexus_GV5","2.00","0","0.00","21/03/2026"
"ELECTROLYTE SOLUTIONS","ELECTROLYTE SOLUTIONS","Site","PI-1513172","A163411","Canopy Plate_Gloss White_Studio Nexus_GV5","2.00","0","0.00","21/03/2026"
"ELECTROLYTE SOLUTIONS","ELECTROLYTE SOLUTIONS","Site","PI-1513177","A177007","Canopy Bottom_Gloss White_Studio Nexus_GV5","2.00","0","0.00","21/03/2026"
"ELECTROLYTE SOLUTIONS","ELECTROLYTE SOLUTIONS","Site","PI-1513182","A176007","Motor Housing_Gloss White_Studio Nexus_GV5","0.00","0","0.00","21/03/2026"
"ELECTROLYTE SOLUTIONS","ELECTROLYTE SOLUTIONS","Site","PI-1513187","A163919","Bottom Cover_Copper Matte_Studio Nexus_GV5","0.00","0","0.00","21/03/2026"
"ELECTROLYTE SOLUTIONS","ELECTROLYTE SOLUTIONS","Site","PI-1513192","A194519","Blade_120mm_Gloss White_Studio_GV5","0.00","0","0.00","21/03/2026"
"ELECTROLYTE SOLUTIONS","ELECTROLYTE SOLUTIONS","Site","PI-1513197","SA0114","Canopy Complete Set Studio Earth Brown (Telescopic Canopy)","0.00","0","0.00","21/03/2026"
"ELECTROLYTE SOLUTIONS","ELECTROLYTE SOLUTIONS","Site","PI-1513202","SA0115","Canopy Complete Set Studio Marble White (Telescopic Canopy)","0.00","0","0.00","21/03/2026"
"ELECTROLYTE SOLUTIONS","ELECTROLYTE SOLUTIONS","Site","PI-1513207","SA0116","Canopy Complete Set Studio Sand Grey (Telescopic Canopy)","0.00","0","0.00","21/03/2026"
"ELECTROLYTE SOLUTIONS","ELECTROLYTE SOLUTIONS","Site","PI-1513212","SA0117","Canopy Complete Set Studio Aegean Blue (Telescopic Canopy)","0.00","0","0.00","21/03/2026"
"ELECTROLYTE SOLUTIONS","ELECTROLYTE SOLUTIONS","Site","PI-1513217","SA0118","Canopy Complete Set Studio M.Night M Blk (Telescopic Canopy)","0.00","0","0.00","21/03/2026"
"ELECTROLYTE SOLUTIONS","ELECTROLYTE SOLUTIONS","Site","PI-1513222","SA0119","Canopy Complete Set Studio Pearl Wht (Telescopic Canopy)","0.00","0","0.00","21/03/2026"
"ELECTROLYTE SOLUTIONS","ELECTROLYTE SOLUTIONS","Site","PI-1513227","A009101","Light Guide_Inner Ring_Aris_GV5","0.00","0","0.00","21/03/2026"
"ELECTROLYTE SOLUTIONS","ELECTROLYTE SOLUTIONS","Site","PI-1513232","EA19501","Updated_Main Power PCB_Aris Contour_GV5","30.00","0","20.00","21/03/2026"
"ELECTROLYTE SOLUTIONS","ELECTROLYTE SOLUTIONS","Site","PI-1575778","A197802","Base Assembly_Black_Renesa Table Fan_TPW","1.00","342","0.00","21/03/2026"
"ELECTROLYTE SOLUTIONS","ELECTROLYTE SOLUTIONS","Site","PI-1575783","A101601","Hex Nut_Renesa Table Fan_TPW","1.00","207","0.00","21/03/2026"
"ELECTROLYTE SOLUTIONS","ELECTROLYTE SOLUTIONS","Site","PI-1575788","A179802","Neck Base(New)_Black_Renesa Table/Renesa Pedestal Fan_TPW","0.00","207","0.00","21/03/2026"
"ELECTROLYTE SOLUTIONS","ELECTROLYTE SOLUTIONS","Site","PI-1575793","A200202","Bottom Rod_Black_Renesa Table Fan_TPW","0.00","207","0.00","21/03/2026"
"ELECTROLYTE SOLUTIONS","ELECTROLYTE SOLUTIONS","Site","PI-1575798","A178601","Power PCB Plate_TPW","0.00","207","0.00","21/03/2026"
"ELECTROLYTE SOLUTIONS","ELECTROLYTE SOLUTIONS","Site","PI-1575803","A176302","Sync Motor(Minzhuo 2.5 RPM)_TPW","18.00","266","8.00","21/03/2026"
"ELECTROLYTE SOLUTIONS","ELECTROLYTE SOLUTIONS","Site","PI-1575808","A178402","Rear Cover(PP)_Black_Renesa Wall/Pedestal/Table_TPW","0.00","266","0.00","21/03/2026"
"ELECTROLYTE SOLUTIONS","ELECTROLYTE SOLUTIONS","Site","PI-1575813","A178302","Face Plate(PP)_Black_Renesa Wall/Pedestal/Table_TPW","0.00","207","0.00","21/03/2026"
"ELECTROLYTE SOLUTIONS","ELECTROLYTE SOLUTIONS","Site","PI-1575818","A178502","Triangular Nut(PP)_Black_Renesa Wall/Pedestal/Table_TPW","0.00","207","0.00","21/03/2026"
"ELECTROLYTE SOLUTIONS","ELECTROLYTE SOLUTIONS","Site","PI-1575823","A428701","BLDC Motor Assembly (New)_Renesa Pedestal/Wall/Table Fan_TPW","9.00","1475","2.00","21/03/2026"
"ELECTROLYTE SOLUTIONS","ELECTROLYTE SOLUTIONS","Site","PI-1589610","A244901","Stator_1230mm_Erica Meta/Artesta/Viso_GV5","0.00","0","0.00","21/03/2026"
"ELECTROLYTE SOLUTIONS","ELECTROLYTE SOLUTIONS","Site","PI-1589615","A224601","Stator_900mm_Aris Starlight_GV5","0.00","0","0.00","21/03/2026"
"ELECTROLYTE SOLUTIONS","ELECTROLYTE SOLUTIONS","Site","PI-1589620","A097608","Bottom Cover_Gloss White_Erica Meta_GV5","0.00","0","0.00","21/03/2026"
"ELECTROLYTE SOLUTIONS","ELECTROLYTE SOLUTIONS","Site","PI-1589625","A097607","Bottom Cover_Mid Black_Erica Meta_GV5","0.00","0","0.00","21/03/2026"
"ELECTROLYTE SOLUTIONS","ELECTROLYTE SOLUTIONS","Site","PI-1589630","A097610","Bottom Cover_Blaze Brown_Erica Meta_GV5","0.00","0","0.00","21/03/2026"
"ELECTROLYTE SOLUTIONS","ELECTROLYTE SOLUTIONS","Site","PI-1589635","A097609","Bottom Cover_SS Ivory_Erica Meta_GV5","0.00","0","0.00","21/03/2026"
"ELECTROLYTE SOLUTIONS","ELECTROLYTE SOLUTIONS","Site","PI-1589640","A097702","Bottom Cover Assly_Gloss White_Efficio Prime/Azor_GV5","0.00","0","0.00","21/03/2026"
"ELECTROLYTE SOLUTIONS","ELECTROLYTE SOLUTIONS","Site","PI-1589645","A097701","Bottom Cover Assly_Mid Black_Efficio Prime/Azor_GV5","0.00","0","0.00","21/03/2026"
"ELECTROLYTE SOLUTIONS","ELECTROLYTE SOLUTIONS","Site","PI-1589650","A097703","Bottom Cover Assly_SS Ivory_Efficio Prime/Azor_GV5","0.00","0","0.00","21/03/2026"
"ELECTROLYTE SOLUTIONS","ELECTROLYTE SOLUTIONS","Site","PI-1589655","A097706","Bottom Cover Assly_Blaze Brown_Efficio Prime/Azor_GV5","0.00","0","0.00","21/03/2026"
"ELECTROLYTE SOLUTIONS","ELECTROLYTE SOLUTIONS","Site","PI-1600736","A228901","Filter_Assembly_Inline_Sediment","0.00","55","0.00","21/03/2026"
"ELECTROLYTE SOLUTIONS","ELECTROLYTE SOLUTIONS","Site","PI-1600739","A229301","Filter_Assembly_PostCarbon","0.00","49","0.00","21/03/2026"
"ELECTROLYTE SOLUTIONS","ELECTROLYTE SOLUTIONS","Site","PI-1600742","A229501","Filter_Assembly_AntiScalant","0.00","54","0.00","21/03/2026"
"ELECTROLYTE SOLUTIONS","ELECTROLYTE SOLUTIONS","Site","PI-1600745","A229001","Filter_Assembly_PreCarbon","0.00","49","0.00","21/03/2026"
"ELECTROLYTE SOLUTIONS","ELECTROLYTE SOLUTIONS","Site","PI-1600748","A218801","Filter_External_Sediment","8.00","35","8.00","21/03/2026"
"ELECTROLYTE SOLUTIONS","ELECTROLYTE SOLUTIONS","Site","PI-1600751","A229401","Filter_Assembly_UltraFiltration","2.00","290","2.00","21/03/2026"
"ELECTROLYTE SOLUTIONS","ELECTROLYTE SOLUTIONS","Site","PI-1600754","A220501","Filter_RO Membrane_100GPD","7.00","358","7.00","21/03/2026"
"ELECTROLYTE SOLUTIONS","ELECTROLYTE SOLUTIONS","Site","PI-1600757","EA22601","Valve_Solenoid_24DC","5.00","79","5.00","21/03/2026"
"ELECTROLYTE SOLUTIONS","ELECTROLYTE SOLUTIONS","Site","PI-1600760","E00000672","Harness_UV_Lamp","0.00","35","0.00","21/03/2026"
"ELECTROLYTE SOLUTIONS","ELECTROLYTE SOLUTIONS","Site","PI-1600763","E00000673","Harness_15Pin_Bus","4.00","95","4.00","21/03/2026"
"ELECTROLYTE SOLUTIONS","ELECTROLYTE SOLUTIONS","Site","PI-1600766","E00000674","Harness_14Pin_Bus","4.00","74","4.00","21/03/2026"
"ELECTROLYTE SOLUTIONS","ELECTROLYTE SOLUTIONS","Site","PI-1600769","E00000675","Harness_15Pin_PCB","4.00","75","4.00","21/03/2026"
"ELECTROLYTE SOLUTIONS","ELECTROLYTE SOLUTIONS","Site","PI-1600772","E00000676","Harness_14Pin_PCB","4.00","75","4.00","21/03/2026"
"ELECTROLYTE SOLUTIONS","ELECTROLYTE SOLUTIONS","Site","PI-1600775","EA19201","PCB_Main","1.00","660","1.00","21/03/2026"
"ELECTROLYTE SOLUTIONS","ELECTROLYTE SOLUTIONS","Site","PI-1600778","EA23201","Power Cord_2Pin","0.00","51","0.00","21/03/2026"
"ELECTROLYTE SOLUTIONS","ELECTROLYTE SOLUTIONS","Site","PI-1600781","EA22301","SMPS_24V_With UV Ballast","0.00","388","0.00","21/03/2026"
"ELECTROLYTE SOLUTIONS","ELECTROLYTE SOLUTIONS","Site","PI-1600784","A209801","Body Cover_Back_Black","0.00","433","0.00","21/03/2026"
"ELECTROLYTE SOLUTIONS","ELECTROLYTE SOLUTIONS","Site","PI-1600787","A221301","Flow_Restrictor_300","0.00","66","0.00","21/03/2026"
"ELECTROLYTE SOLUTIONS","ELECTROLYTE SOLUTIONS","Site","PI-1600790","A209901","Body Cover_Front_Black","0.00","196","0.00","21/03/2026"
"ELECTROLYTE SOLUTIONS","ELECTROLYTE SOLUTIONS","Site","PI-1600793","A210101","PCB Cover_Black","0.00","47","0.00","21/03/2026"
"ELECTROLYTE SOLUTIONS","ELECTROLYTE SOLUTIONS","Site","PI-1600796","A210201","Display Glass_Tinted_Black","0.00","26","0.00","21/03/2026"
"ELECTROLYTE SOLUTIONS","ELECTROLYTE SOLUTIONS","Site","PI-1600799","A210301","Diffuser_White","0.00","8","0.00","21/03/2026"
"ELECTROLYTE SOLUTIONS","ELECTROLYTE SOLUTIONS","Site","PI-1600802","A226501","Label_LED_Indication","0.00","23","0.00","21/03/2026"
"ELECTROLYTE SOLUTIONS","ELECTROLYTE SOLUTIONS","Site","PI-1600805","A210001","Body Cover_Top_Black","1.00","80","0.00","21/03/2026"
"ELECTROLYTE SOLUTIONS","ELECTROLYTE SOLUTIONS","Site","PI-1600808","EA22401","UV Lamp_4W","0.00","142","0.00","21/03/2026"
"ELECTROLYTE SOLUTIONS","ELECTROLYTE SOLUTIONS","Site","PI-1600811","EA22701","Flow_Sensor","0.00","92","0.00","21/03/2026"
"ELECTROLYTE SOLUTIONS","ELECTROLYTE SOLUTIONS","Site","PI-1600814","A228401","RO Pump_Assembly_100GPD_Diaphragm","0.00","764","0.00","21/03/2026"
"ELECTROLYTE SOLUTIONS","ELECTROLYTE SOLUTIONS","Site","PI-1600817","A222401","Body_Connector_ 1/4"" to 1/4""","0.00","5","0.00","21/03/2026"
"ELECTROLYTE SOLUTIONS","ELECTROLYTE SOLUTIONS","Site","PI-1600820","A222501","L Connector_1/4""","3.00","4","3.00","21/03/2026"
"ELECTROLYTE SOLUTIONS","ELECTROLYTE SOLUTIONS","Site","PI-1600823","A221101","Threaded Connector_1/4""","0.00","2","0.00","21/03/2026"
"ELECTROLYTE SOLUTIONS","ELECTROLYTE SOLUTIONS","Site","PI-1600826","A228801","Pre Filter Housing_Assembly_With Sediment","2.00","125","2.00","21/03/2026"
"ELECTROLYTE SOLUTIONS","ELECTROLYTE SOLUTIONS","Site","PI-1600829","A222601","T Connector_1/4""","3.00","5","3.00","21/03/2026"
"ELECTROLYTE SOLUTIONS","ELECTROLYTE SOLUTIONS","Site","PI-1600832","A222801","L Connector_3/8""","0.00","8","0.00","21/03/2026"
"ELECTROLYTE SOLUTIONS","ELECTROLYTE SOLUTIONS","Site","PI-1600835","A222901","L Connector_3/8"" to 1/4""","0.00","8","0.00","21/03/2026"
"ELECTROLYTE SOLUTIONS","ELECTROLYTE SOLUTIONS","Site","PI-1600838","A223701","Valve_Non Return 1/4""","0.00","41","0.00","21/03/2026"
"ELECTROLYTE SOLUTIONS","ELECTROLYTE SOLUTIONS","Site","PI-1600841","EA25801","Sensor_TDS_Without NTC","1.00","72","1.00","21/03/2026"
"ELECTROLYTE SOLUTIONS","ELECTROLYTE SOLUTIONS","Site","PI-1600844","A210901","Body Cover_Back Window_Black","0.00","9","0.00","21/03/2026"
"ELECTROLYTE SOLUTIONS","ELECTROLYTE SOLUTIONS","Site","PI-1600847","A229901","Faucet_Assembly_Tap","2.00","31","2.00","21/03/2026"
"ELECTROLYTE SOLUTIONS","ELECTROLYTE SOLUTIONS","Site","PI-1600850","EA22501","Sensor_TDS_With NTC","0.00","85","0.00","21/03/2026"
"ELECTROLYTE SOLUTIONS","ELECTROLYTE SOLUTIONS","Site","PI-1600853","A222301","Diverter Ball Valve_ 3/8""","0.00","98","0.00","21/03/2026"
"ELECTROLYTE SOLUTIONS","ELECTROLYTE SOLUTIONS","Site","PI-1600856","A273101","Housing Assembly_RO_WithoutMembrane","0.00","86","0.00","21/03/2026"
"ELECTROLYTE SOLUTIONS","ELECTROLYTE SOLUTIONS","Site","PI-1600859","A222701","T Connector_Stem Run_1/4""","0.00","4","0.00","21/03/2026"
"ELECTROLYTE SOLUTIONS","ELECTROLYTE SOLUTIONS","Site","PI-1600862","A210701","Coupling_Tank_Bulkhead","0.00","1","0.00","21/03/2026"
"ELECTROLYTE SOLUTIONS","ELECTROLYTE SOLUTIONS","Site","PI-1600865","A210801","Coupling Nut_Tank_Bulkhead","0.00","1","0.00","21/03/2026"
"ELECTROLYTE SOLUTIONS","ELECTROLYTE SOLUTIONS","Site","PI-1600868","A212201","Gasket_Coupling_Tank_Bulkhead","0.00","4","0.00","21/03/2026"
"ELECTROLYTE SOLUTIONS","ELECTROLYTE SOLUTIONS","Site","PI-1600871","A212401","Silicon Tube_Tank to Tap","0.00","28","0.00","21/03/2026"
"ELECTROLYTE SOLUTIONS","ELECTROLYTE SOLUTIONS","Site","PI-1600874","A221901","Coupling_Tank_TDS","0.00","12","0.00","21/03/2026"
"ELECTROLYTE SOLUTIONS","ELECTROLYTE SOLUTIONS","Site","PI-1600877","A212301","Gasket_Coupling_Tank_TDS","0.00","4","0.00","21/03/2026"
"ELECTROLYTE SOLUTIONS","ELECTROLYTE SOLUTIONS","Site","PI-1600880","A230101","Holder_Assembly_TDS","0.00","21","0.00","21/03/2026"
"ELECTROLYTE SOLUTIONS","ELECTROLYTE SOLUTIONS","Site","PI-1600883","A229701","Assembly_UVChamber_With Lamp_4W","0.00","205","0.00","21/03/2026"
"ELECTROLYTE SOLUTIONS","ELECTROLYTE SOLUTIONS","Site","PI-1600886","A234901","Complete_Accessories_Box With Pre Filter","0.00","319","0.00","21/03/2026"
"ELECTROLYTE SOLUTIONS","ELECTROLYTE SOLUTIONS","Site","PI-1600889","A248901","L Connector_Stem Run_1/4""","0.00","3","0.00","21/03/2026"
"ELECTROLYTE SOLUTIONS","ELECTROLYTE SOLUTIONS","Site","PI-1600892","A225101","Cirlip_3/8""","0.00","1","0.00","21/03/2026"
"ELECTROLYTE SOLUTIONS","ELECTROLYTE SOLUTIONS","Site","PI-1600895","A225201","Cirlip_1/4""","0.00","0","0.00","21/03/2026"
"ELECTROLYTE SOLUTIONS","ELECTROLYTE SOLUTIONS","Site","PI-1600898","A227601","Anchor_Nylon_5X50","0.00","1","0.00","21/03/2026"
"ELECTROLYTE SOLUTIONS","ELECTROLYTE SOLUTIONS","Site","PI-1600901","A227701","Anchor_Nylon_5X25","0.00","1","0.00","21/03/2026"
"ELECTROLYTE SOLUTIONS","ELECTROLYTE SOLUTIONS","Site","PI-1600904","A227801","Screw_WallMounting_ST5X50","0.00","4","0.00","21/03/2026"
"ELECTROLYTE SOLUTIONS","ELECTROLYTE SOLUTIONS","Site","PI-1600907","A227901","Screw_WallMounting_ST5X25","0.00","2","0.00","21/03/2026"
"ELECTROLYTE SOLUTIONS","ELECTROLYTE SOLUTIONS","Site","PI-1600910","A226801","Sticker_Template_WallMounting","0.00","1","0.00","21/03/2026"
"ELECTROLYTE SOLUTIONS","ELECTROLYTE SOLUTIONS","Site","PI-1600913","A273001","Pre Filter Housing_Assembly_Without Sediment","2.00","90","2.00","21/03/2026"
"ELECTROLYTE SOLUTIONS","ELECTROLYTE SOLUTIONS","Site","PI-1600916","A273701","Complete_Filters_Without RO Membrane","0.00","532","0.00","21/03/2026"
"ELECTROLYTE SOLUTIONS","ELECTROLYTE SOLUTIONS","Site","PI-1600919","A273801","Complete_Filters_With RO Membrane","0.00","890","0.00","21/03/2026"
"ELECTROLYTE SOLUTIONS","ELECTROLYTE SOLUTIONS","Site","PI-1657631","SRA159311","Base Unit_Xiana Mixer_Snow White","0.00","5384","0.00","21/03/2026"
"ELECTROLYTE SOLUTIONS","ELECTROLYTE SOLUTIONS","Site","PI-1657636","SRA159312","Base Unit_Xiana Mixer_Gloss Black","0.00","5384","0.00","21/03/2026"
"ELECTROLYTE SOLUTIONS","ELECTROLYTE SOLUTIONS","Site","PI-1657641","SRA159313","Base Unit_Xiana Mixer_Fiery Red","0.00","5384","0.00","21/03/2026"
"ELECTROLYTE SOLUTIONS","ELECTROLYTE SOLUTIONS","Site","PI-1657646","SRA159314","Base Unit_Xiana Mixer_Seasand Ivory","0.00","5384","0.00","21/03/2026"
"ELECTROLYTE SOLUTIONS","ELECTROLYTE SOLUTIONS","Site","PI-1657651","SRA159315","Base Unit_Xiana Mixer_Peach Blossom","0.00","5384","0.00","21/03/2026"
"ELECTROLYTE SOLUTIONS","ELECTROLYTE SOLUTIONS","Site","PI-1657656","A159316","Universal Motor_Xiana_MG","0.00","3348","0.00","21/03/2026"
"ELECTROLYTE SOLUTIONS","ELECTROLYTE SOLUTIONS","Site","PI-1657661","EA19301","Main PCB with Knob_Xiana MG","1.00","708","1.00","21/03/2026"
"ELECTROLYTE SOLUTIONS","ELECTROLYTE SOLUTIONS","Site","PI-1657666","A162701","Knob Assembly_Xiana MG","0.00","207","0.00","21/03/2026"
"ELECTROLYTE SOLUTIONS","ELECTROLYTE SOLUTIONS","Site","PI-1657671","A159319","Blade Assembly_Liquidising Jar_Xiana MG","0.00","1180","0.00","21/03/2026"
"ELECTROLYTE SOLUTIONS","ELECTROLYTE SOLUTIONS","Site","PI-1657676","A159320","Blade Assembly_Wet/Dry Jar_Xiana MG","0.00","1180","0.00","21/03/2026"
"ELECTROLYTE SOLUTIONS","ELECTROLYTE SOLUTIONS","Site","PI-1657681","A159321","Blade Assembly_Chutney Jar_Xiana MG","0.00","1180","0.00","21/03/2026"
"ELECTROLYTE SOLUTIONS","ELECTROLYTE SOLUTIONS","Site","PI-1657686","A159322","Liquidising Jar Assembly_Xiana MG","0.00","1180","0.00","21/03/2026"
"ELECTROLYTE SOLUTIONS","ELECTROLYTE SOLUTIONS","Site","PI-1657691","A159325","Lid Assembly_Liquidising Jar_Xiana MG","0.00","280","0.00","21/03/2026"
"ELECTROLYTE SOLUTIONS","ELECTROLYTE SOLUTIONS","Site","PI-1657696","A159326","Lid Assembly_Wet/Dry Jar_Xiana MG","0.00","280","0.00","21/03/2026"
"ELECTROLYTE SOLUTIONS","ELECTROLYTE SOLUTIONS","Site","PI-1657701","A159327","Lid Assembly_Chutney Jar_Xiana MG","3.00","280","0.00","21/03/2026"
"ELECTROLYTE SOLUTIONS","ELECTROLYTE SOLUTIONS","Site","PI-1657706","A159331","Handle Assembly_Liquidising & Dry Jar_Xiana MG","0.00","413","0.00","21/03/2026"
"ELECTROLYTE SOLUTIONS","ELECTROLYTE SOLUTIONS","Site","PI-1657711","A153302","Lid Gasket_Liquidising Jar_Xiana MG","0.00","280","0.00","21/03/2026"
"ELECTROLYTE SOLUTIONS","ELECTROLYTE SOLUTIONS","Site","PI-1657716","A153202","Lid Gasket_Wet/Dry Jar_Xiana MG","0.00","280","0.00","21/03/2026"
"ELECTROLYTE SOLUTIONS","ELECTROLYTE SOLUTIONS","Site","PI-1657721","A153102","Lid Gasket_Chutney Jar_Xiana_MG","3.00","280","0.00","21/03/2026"
"ELECTROLYTE SOLUTIONS","ELECTROLYTE SOLUTIONS","Site","PI-1700372","A022814","Motor Housing_Earth Brown_600mm_Renesa+_GV5","0.00","0","0.00","21/03/2026"
"ELECTROLYTE SOLUTIONS","ELECTROLYTE SOLUTIONS","Site","PI-1700377","A022815","Motor Housing_Pearl White_600mm_Renesa+_GV5","0.00","0","0.00","21/03/2026"
"ELECTROLYTE SOLUTIONS","ELECTROLYTE SOLUTIONS","Site","PI-1700382","A171129","Blade Aluminium_600mm_Ritz Blue_Renesa Elite_GV5","0.00","0","0.00","21/03/2026"
"ELECTROLYTE SOLUTIONS","ELECTROLYTE SOLUTIONS","Site","PI-1700387","A170502","Motor Housing_Ritz Blue_600mm_Renesa Elite_GV5","0.00","0","0.00","21/03/2026"
"ELECTROLYTE SOLUTIONS","ELECTROLYTE SOLUTIONS","Site","PI-1700392","A194516","Blade Aluminium_1400mm_Ritz Blue_Studio Nexus_GV5","0.00","0","0.00","21/03/2026"
"ELECTROLYTE SOLUTIONS","ELECTROLYTE SOLUTIONS","Site","PI-1700397","A163918","Bottom cover Deco_Black Metallized_Studio Nexus_GV5","0.00","0","0.00","21/03/2026"
"ELECTROLYTE SOLUTIONS","ELECTROLYTE SOLUTIONS","Site","PI-1700402","A194518","Blade Aluminium_1400mm_Dark Walnut_Studio Nexus_GV5","0.00","0","0.00","21/03/2026"
"ELECTROLYTE SOLUTIONS","ELECTROLYTE SOLUTIONS","Site","PI-1700407","A171121","Blade Aluminium_600mm_Earth Brown_Renesa Elite_GV5","0.00","0","0.00","21/03/2026"
"ELECTROLYTE SOLUTIONS","ELECTROLYTE SOLUTIONS","Site","PI-1700412","A238402","Blade Aluminium_600mm_Matt Black_Renesa Halo_GV5","0.00","0","0.00","21/03/2026"
"ELECTROLYTE SOLUTIONS","ELECTROLYTE SOLUTIONS","Site","PI-1700417","A238404","Blade_Aluminium_Misty Teal_600mm_Renesa Smart/Halo_GV5","0.00","0","0.00","21/03/2026"
"ELECTROLYTE SOLUTIONS","ELECTROLYTE SOLUTIONS","Site","PI-1700422","A180906","Deco ring_Silver_Renesa Halo_GV5","0.00","0","0.00","21/03/2026"
"ELECTROLYTE SOLUTIONS","ELECTROLYTE SOLUTIONS","Site","PI-1700427","A238401","Blade_Aluminium_Gloss White_600mm_Renesa Smart/Halo_GV5","3.00","0","0.00","21/03/2026"
"ELECTROLYTE SOLUTIONS","ELECTROLYTE SOLUTIONS","Site","PI-1700432","A238407","Blade_Aluminium_Blaze Brown_600mm_Renesa Smart/Halo_GV5","0.00","0","0.00","21/03/2026"
"ELECTROLYTE SOLUTIONS","ELECTROLYTE SOLUTIONS","Site","PI-1700437","A100812","Motor Housing_Branze Brown_600mm_Renesa Halo_GV5","0.00","0","0.00","21/03/2026"
"ELECTROLYTE SOLUTIONS","ELECTROLYTE SOLUTIONS","Site","PI-1700442","EA24701","Smart PCB Flamingo_ 6 LED Blue PCB_600mm_GV5","23.00","0","23.00","21/03/2026"
"ELECTROLYTE SOLUTIONS","ELECTROLYTE SOLUTIONS","Site","PI-1700447","A243305","Blade_Aluminium_Gloss White_1230mm_Erica Meta_GV5","0.00","0","0.00","21/03/2026"
"ELECTROLYTE SOLUTIONS","ELECTROLYTE SOLUTIONS","Site","PI-1700452","A243306","Blade_Aluminium_Matt Black_1230mm_Erica Meta_GV5","0.00","0","0.00","21/03/2026"
"ELECTROLYTE SOLUTIONS","ELECTROLYTE SOLUTIONS","Site","PI-1700457","A243307","Blade_Aluminium_Blanze Brown_1230mm_Erica Meta_GV5","0.00","0","0.00","21/03/2026"
"ELECTROLYTE SOLUTIONS","ELECTROLYTE SOLUTIONS","Site","PI-1700462","A243308","Blade_Aluminium_SS Ivory_1230mm_Erica Meta_GV5","0.00","0","0.00","21/03/2026"
"ELECTROLYTE SOLUTIONS","ELECTROLYTE SOLUTIONS","Site","PI-1700467","EA18201","Updated STM32_PCB_White LED_Efficio _1400mm_GV5","0.00","0","0.00","21/03/2026"
"ELECTROLYTE SOLUTIONS","ELECTROLYTE SOLUTIONS","Site","PI-1700472","A192501","Updated Blade_Emboss_1400mm_Gloss White_Efficio_GV5","0.00","0","0.00","21/03/2026"
"ELECTROLYTE SOLUTIONS","ELECTROLYTE SOLUTIONS","Site","PI-1700477","A192502","Blade_1400mm_Gloss Black_Efficio_GV5","0.00","0","0.00","21/03/2026"
"ELECTROLYTE SOLUTIONS","ELECTROLYTE SOLUTIONS","Site","PI-1700482","A192503","Blade_1400mm_Gloss Brown_Efficio_GV5","0.00","0","0.00","21/03/2026"
"ELECTROLYTE SOLUTIONS","ELECTROLYTE SOLUTIONS","Site","PI-1700487","A192504","Blade_1400mm_SS Ivory_Efficio_GV5","0.00","0","0.00","21/03/2026"
"ELECTROLYTE SOLUTIONS","ELECTROLYTE SOLUTIONS","Site","PI-1700492","EA20901","Updated STM32_PCB_White LED_Efficio _900mm_GV5","0.00","0","0.00","21/03/2026"
"ELECTROLYTE SOLUTIONS","ELECTROLYTE SOLUTIONS","Site","PI-1700497","A192401","Blade_900mm_Gloss White_Efficio_GV5","0.00","0","0.00","21/03/2026"
"ELECTROLYTE SOLUTIONS","ELECTROLYTE SOLUTIONS","Site","PI-1700502","A192402","Blade_900mm_Gloss Black_Efficio_GV5","0.00","0","0.00","21/03/2026"
"ELECTROLYTE SOLUTIONS","ELECTROLYTE SOLUTIONS","Site","PI-1700507","A192403","Blade_900mm_Gloss Brown_Efficio_GV5","0.00","0","0.00","21/03/2026"
"ELECTROLYTE SOLUTIONS","ELECTROLYTE SOLUTIONS","Site","PI-1700512","A192404","Blade_Aluminium_SS Ivory_900mm_Efficio_GV5","0.00","0","0.00","21/03/2026"
"ELECTROLYTE SOLUTIONS","ELECTROLYTE SOLUTIONS","Site","PI-1700517","EA25001","PCB_Regulator_900mm_Efficio_28W_GV5","0.00","0","0.00","21/03/2026"
"ELECTROLYTE SOLUTIONS","ELECTROLYTE SOLUTIONS","Site","PI-1700522","A192004","Downrod_Gloss SS Ivory_CF","0.00","0","0.00","21/03/2026"
"ELECTROLYTE SOLUTIONS","ELECTROLYTE SOLUTIONS","Site","PI-1736959","A163911","Bottom cover Deco_Rose Gold_Erica Artesta_GV5","0.00","0","0.00","21/03/2026"
"ELECTROLYTE SOLUTIONS","ELECTROLYTE SOLUTIONS","Site","PI-1736964","A194517","Blade_Rose Gold_Studio Nexus_GV5","0.00","0","0.00","21/03/2026"
"ELECTROLYTE SOLUTIONS","ELECTROLYTE SOLUTIONS","Site","PI-1736969","A187604","Deco ring_Rose Gold_Erica Artesta_GV5","0.00","0","0.00","21/03/2026"
"ELECTROLYTE SOLUTIONS","ELECTROLYTE SOLUTIONS","Site","PI-1736974","A238301","Blade Renesa Halo 1.4M Gloss White","1.00","0","0.00","21/03/2026"
"ELECTROLYTE SOLUTIONS","ELECTROLYTE SOLUTIONS","Site","PI-1758741","A034303","Light Guide_Renesa Halo_GV5","0.00","0","0.00","21/03/2026"
"ELECTROLYTE SOLUTIONS","ELECTROLYTE SOLUTIONS","Site","PI-1758746","A238302","Blade_1400mm_Matt Black_Renesa Halo_GV5","2.00","0","0.00","21/03/2026"
"ELECTROLYTE SOLUTIONS","ELECTROLYTE SOLUTIONS","Site","PI-1758751","A238304","Blade_1400mm_Misty Teal_Renesa Halo_GV5","0.00","0","0.00","21/03/2026"
"ELECTROLYTE SOLUTIONS","ELECTROLYTE SOLUTIONS","Site","PI-1758756","A238306","Blade_1400mm_Sea Sand Ivory_Renesa Halo_GV5","0.00","0","0.00","21/03/2026"
"ELECTROLYTE SOLUTIONS","ELECTROLYTE SOLUTIONS","Site","PI-1758761","A238307","Blade_1400mm_Blaze Brown_Renesa Halo_GV5","5.00","0","0.00","21/03/2026"
"ELECTROLYTE SOLUTIONS","ELECTROLYTE SOLUTIONS","Site","PI-1758766","A238206","Blade_900mm_Sea Sand Ivory_Renesa Halo_GV5","0.00","0","0.00","21/03/2026"
"ELECTROLYTE SOLUTIONS","ELECTROLYTE SOLUTIONS","Site","PI-1758771","A238207","Blade_900mm_Blaze Brown_Renesa Halo_GV5","0.00","0","0.00","21/03/2026"
"ELECTROLYTE SOLUTIONS","ELECTROLYTE SOLUTIONS","Site","PI-1775273","A233301","Lexcru_Booster_Kit_Assembly","0.00","0","0.00","21/03/2026"
"ELECTROLYTE SOLUTIONS","ELECTROLYTE SOLUTIONS","Site","PI-1775278","A223301","Lexcru_PR_Valve_3/8","6.00","0","6.00","21/03/2026"
"ELECTROLYTE SOLUTIONS","ELECTROLYTE SOLUTIONS","Site","PI-1775283","A170304","Stator_600mm_Renesa Elite/Studio Nexux_GV5","0.00","0","0.00","21/03/2026"
"ELECTROLYTE SOLUTIONS","ELECTROLYTE SOLUTIONS","Site","PI-1775288","A170303","Stator_1400mm_Renesa Elite/Studio Nexux_GV5","0.00","0","0.00","21/03/2026"
"ELECTROLYTE SOLUTIONS","ELECTROLYTE SOLUTIONS","Site","PI-1775293","A170305","Stator_900mm_Renesa Elite/Studio Nexux_GV5","0.00","0","0.00","21/03/2026"
"ELECTROLYTE SOLUTIONS","ELECTROLYTE SOLUTIONS","Site","PI-1775298","A059101","Screw bottom cover_GV5","0.00","0","0.00","21/03/2026"
"ELECTROLYTE SOLUTIONS","ELECTROLYTE SOLUTIONS","Site","PI-1788838","A159324","Chutney Jar Assembly_Xiana MG","2.00","0","0.00","21/03/2026"
"ELECTROLYTE SOLUTIONS","ELECTROLYTE SOLUTIONS","Site","PI-1788843","A159323","Wet/Dry Jar Assembly_Xiana MG","0.00","0","0.00","21/03/2026"
"ELECTROLYTE SOLUTIONS","ELECTROLYTE SOLUTIONS","Site","PI-1790870","A261501","New Screw_Blade Assembly_Aris contour_GV5","0.00","0","0.00","21/03/2026"
"ELECTROLYTE SOLUTIONS","ELECTROLYTE SOLUTIONS","Site","PI-1795508","A178301","Face Plate(PP)_White_Renesa Wall/Pedestal/Table_TPW","0.00","207","0.00","21/03/2026"
"ELECTROLYTE SOLUTIONS","ELECTROLYTE SOLUTIONS","Site","PI-1795513","A179801","Neck Base(New)_White_Renesa Table/Pedestal Fan_TPW","2.00","207","0.00","21/03/2026"
"ELECTROLYTE SOLUTIONS","ELECTROLYTE SOLUTIONS","Site","PI-1795518","A178401","Rear Cover(PP)_White_Renesa Wall/Pedestal/Table_TPW","0.00","266","0.00","21/03/2026"
"ELECTROLYTE SOLUTIONS","ELECTROLYTE SOLUTIONS","Site","PI-1795523","A091801","Screw_Neck Base Screw( 3/16in BSW x 7.5)_TPW","0.00","207","0.00","21/03/2026"
"ELECTROLYTE SOLUTIONS","ELECTROLYTE SOLUTIONS","Site","PI-1795528","A178501","Triangular Nut(PP)_White_Renesa Wall/Pedestal/Table_TPW","0.00","207","0.00","21/03/2026"
"ELECTROLYTE SOLUTIONS","ELECTROLYTE SOLUTIONS","Site","PI-1795533","A181002","Neck Base(New)_Black_Renesa Wall Fan_TPW","2.00","207","0.00","21/03/2026"
"ELECTROLYTE SOLUTIONS","ELECTROLYTE SOLUTIONS","Site","PI-1795538","A181001","Neck Base(New)_White_Renesa Wall Fan_TPW","1.00","207","0.00","21/03/2026"
"ELECTROLYTE SOLUTIONS","ELECTROLYTE SOLUTIONS","Site","PI-1810643","A293801","Magnetic Float Switch","0.00","0","0.00","21/03/2026"
"ELECTROLYTE SOLUTIONS","ELECTROLYTE SOLUTIONS","Site","PI-1816506","A171128","Blade Aluminium_900mm_Ritz Blue_Renesa Elite_GV5","0.00","0","0.00","21/03/2026"
"ELECTROLYTE SOLUTIONS","ELECTROLYTE SOLUTIONS","Site","PI-1816511","A171127","Blade Aluminium_1400mm_Ritz Blue_Renesa Elite_GV5","0.00","0","0.00","21/03/2026"
"ELECTROLYTE SOLUTIONS","ELECTROLYTE SOLUTIONS","Site","PI-1816516","A171118","Blade Aluminium_600mm_Pearl White_Renesa Elite_GV5","0.00","0","0.00","21/03/2026"
"ELECTROLYTE SOLUTIONS","ELECTROLYTE SOLUTIONS","Site","PI-1816521","A171119","Blade Aluminium_900mm_Pearl White_Renesa Elite_GV5","0.00","0","0.00","21/03/2026"
"ELECTROLYTE SOLUTIONS","ELECTROLYTE SOLUTIONS","Site","PI-1816526","A171120","Blade Aluminium_1400mm_Pearl White_Renesa Elite_GV5","0.00","0","0.00","21/03/2026"
"ELECTROLYTE SOLUTIONS","ELECTROLYTE SOLUTIONS","Site","PI-1816531","A171122","Blade Aluminium_900mm_Earth Brown_Renesa Elite_GV5","0.00","0","0.00","21/03/2026"
"ELECTROLYTE SOLUTIONS","ELECTROLYTE SOLUTIONS","Site","PI-1816536","A171123","Blade Aluminium_1400mm_Earth Brown_Renesa Elite_GV5","0.00","0","0.00","21/03/2026"
"ELECTROLYTE SOLUTIONS","ELECTROLYTE SOLUTIONS","Site","PI-1816541","A171124","Blade Aluminium_600mm_Sand Grey_Renesa Elite_GV5","0.00","0","0.00","21/03/2026"
"ELECTROLYTE SOLUTIONS","ELECTROLYTE SOLUTIONS","Site","PI-1816546","A171125","Blade Aluminium_900mm_Sand Grey_Renesa Elite_GV5","0.00","0","0.00","21/03/2026"
"ELECTROLYTE SOLUTIONS","ELECTROLYTE SOLUTIONS","Site","PI-1816551","A171126","Blade Aluminium_1400mm_Sand Grey_Renesa Elite_GV5","0.00","0","0.00","21/03/2026"
"ELECTROLYTE SOLUTIONS","ELECTROLYTE SOLUTIONS","Site","PI-1816556","A171130","Blade Aluminium_600mm_Gold Oak_Renesa Elite_GV5","0.00","0","0.00","21/03/2026"
"ELECTROLYTE SOLUTIONS","ELECTROLYTE SOLUTIONS","Site","PI-1816561","A171131","Blade Aluminium_900mm_Gold Oak_Renesa Elite_GV5","0.00","0","0.00","21/03/2026"
"ELECTROLYTE SOLUTIONS","ELECTROLYTE SOLUTIONS","Site","PI-1816566","A171132","Blade Aluminium_1400mm_Gold Oak_Renesa Elite_GV5","0.00","0","0.00","21/03/2026"
"ELECTROLYTE SOLUTIONS","ELECTROLYTE SOLUTIONS","Site","PI-1816571","A171133","Blade Aluminium_600mm_Dark Walnut_Renesa Elite_GV5","0.00","0","0.00","21/03/2026"
"ELECTROLYTE SOLUTIONS","ELECTROLYTE SOLUTIONS","Site","PI-1816576","A171134","Blade Aluminium_900mm_Dark Walnut_Renesa Elite_GV5","0.00","0","0.00","21/03/2026"
"ELECTROLYTE SOLUTIONS","ELECTROLYTE SOLUTIONS","Site","PI-1816581","A171135","Blade Aluminium_1400mm_Dark Walnut_Renesa Elite_GV5","2.00","0","0.00","21/03/2026"
"ELECTROLYTE SOLUTIONS","ELECTROLYTE SOLUTIONS","Site","PI-1843044","A142205","4 revit Blade_1200mm_Brown_Efficio_GV2","0.00","0","0.00","21/03/2026"
"ELECTROLYTE SOLUTIONS","ELECTROLYTE SOLUTIONS","Site","PI-1862841","A175006","Updated Blade (Emboss)_1200mm_Brown_Efficio_GV2","5.00","0","0.00","21/03/2026"
"ELECTROLYTE SOLUTIONS","ELECTROLYTE SOLUTIONS","Site","PI-1869074","A175005","Blade Aluminium_1200mm_Matt Black_Efficio_GV5","0.00","0","0.00","21/03/2026"
"ELECTROLYTE SOLUTIONS","ELECTROLYTE SOLUTIONS","Site","PI-1869079","A107107","Bottom Cover_Matt Black_Efficio_GV5","0.00","0","0.00","21/03/2026"
"ELECTROLYTE SOLUTIONS","ELECTROLYTE SOLUTIONS","Site","PI-1869084","A123401","Downrod_300mm_Matt Black_Efficio_GV5","0.00","0","0.00","21/03/2026"
"ELECTROLYTE SOLUTIONS","ELECTROLYTE SOLUTIONS","Site","PI-1869089","A107108","Bottom Cover_Matt Black_Efficio_GV5","0.00","0","0.00","21/03/2026"
"ELECTROLYTE SOLUTIONS","ELECTROLYTE SOLUTIONS","Site","PI-1869094","A192002","Downrod_300mm_Matt Brown_Efficio_GV5","0.00","0","0.00","21/03/2026"
"ELECTROLYTE SOLUTIONS","ELECTROLYTE SOLUTIONS","Site","PI-1869099","A100211","Top Canopy_Matt Brown_Efficio Prime/Viso_GV5","0.00","0","0.00","21/03/2026"
"ELECTROLYTE SOLUTIONS","ELECTROLYTE SOLUTIONS","Site","PI-1869104","A100311","Bottom Canopy_Matt Brown_Efficio Prime/Viso_GV5","0.00","0","0.00","21/03/2026"
"ELECTROLYTE SOLUTIONS","ELECTROLYTE SOLUTIONS","Site","PI-1869109","A125407","Blade Aluminium_1400mm_Gloss White_Efficio Prime/Viso_GV5","0.00","0","0.00","21/03/2026"
"ELECTROLYTE SOLUTIONS","ELECTROLYTE SOLUTIONS","Site","PI-1869114","A125408","Blade Aluminium_1400mm_Matt Black_Efficio Prime/Viso_GV5","0.00","0","0.00","21/03/2026"
"ELECTROLYTE SOLUTIONS","ELECTROLYTE SOLUTIONS","Site","PI-1869119","A125409","Blade Aluminium_1400mm_Sand Ivory_Efficio Prime/Viso_GV5","0.00","0","0.00","21/03/2026"
"ELECTROLYTE SOLUTIONS","ELECTROLYTE SOLUTIONS","Site","PI-1869124","A189602","Blade_900mm_Dark Teakwood_Aris_GV5","0.00","0","0.00","21/03/2026"
"ELECTROLYTE SOLUTIONS","ELECTROLYTE SOLUTIONS","Site","PI-1869129","A047005","Blade Aluminium_900mm_Sea Sand Ivory_Ikano_GV5","0.00","0","0.00","21/03/2026"
"ELECTROLYTE SOLUTIONS","ELECTROLYTE SOLUTIONS","Site","PI-1869134","A193301","Bottom Cover_SS Ivory_Renesa_GV5","0.00","0","0.00","21/03/2026"
"ELECTROLYTE SOLUTIONS","ELECTROLYTE SOLUTIONS","Site","PI-1869139","A193404","Blade Aluminium_1200mm_Sea Sand Ivory_Renesa_GV5","0.00","0","0.00","21/03/2026"
"ELECTROLYTE SOLUTIONS","ELECTROLYTE SOLUTIONS","Site","PI-1869144","A047105","Blade Aluminium_1400mm_Sea Sand Ivory_Renesa_GV5","0.00","0","0.00","21/03/2026"
"ELECTROLYTE SOLUTIONS","ELECTROLYTE SOLUTIONS","Site","PI-1869149","A193403","Blade Aluminium_900mm_Sea Sand Ivory_Renesa_GV5","0.00","0","0.00","21/03/2026"
"ELECTROLYTE SOLUTIONS","ELECTROLYTE SOLUTIONS","Site","PI-1869154","A163908","Deco ring_Gold Matte_Studio Nexus_GV5","0.00","0","0.00","21/03/2026"
"ELECTROLYTE SOLUTIONS","ELECTROLYTE SOLUTIONS","Site","PI-1869159","A194510","Blade Aluminium_900mm_Pearl White Matt_Studio Nexus_GV5","0.00","0","0.00","21/03/2026"
"ELECTROLYTE SOLUTIONS","ELECTROLYTE SOLUTIONS","Site","PI-1869164","EA23801","PCB Smart_1400mm_Renesa Elite/Studio Nexus_GV5","3.00","0","3.00","21/03/2026"
"ELECTROLYTE SOLUTIONS","ELECTROLYTE SOLUTIONS","Site","PI-1869169","A194515","Blade Aluminium_1400mm_Pearl White Matt_Studio Nexus_GV5","0.00","0","0.00","21/03/2026"
"ELECTROLYTE SOLUTIONS","ELECTROLYTE SOLUTIONS","Site","PI-1869174","EA24001","PCB Regulator_35W_1200mm_Efficio Prime_GV5","0.00","0","0.00","21/03/2026"
"ELECTROLYTE SOLUTIONS","ELECTROLYTE SOLUTIONS","Site","PI-1869179","A261701","PCB Plate_Efficio Prime_GV5","0.00","0","0.00","21/03/2026"
"ELECTROLYTE SOLUTIONS","ELECTROLYTE SOLUTIONS","Site","PI-1869184","A239507","Blade Aluminium_900mm_Maplewood_Renesa Prime_GV5","0.00","0","0.00","21/03/2026"
"ELECTROLYTE SOLUTIONS","ELECTROLYTE SOLUTIONS","Site","PI-1869189","A239508","Blade Aluminium_900mm_Pebble Grey_Renesa Prime_GV5","0.00","0","0.00","21/03/2026"
"ELECTROLYTE SOLUTIONS","ELECTROLYTE SOLUTIONS","Site","PI-1869194","A187605","Deco Ring_Aegean Blue_Studio Nexus_GV5","0.00","0","0.00","21/03/2026"
"ELECTROLYTE SOLUTIONS","ELECTROLYTE SOLUTIONS","Site","PI-1869199","A187603","Bottom Ring_Rose Gold_Erica Meta_GV5","0.00","0","0.00","21/03/2026"
"ELECTROLYTE SOLUTIONS","ELECTROLYTE SOLUTIONS","Site","PI-1953754","SA0112","SPD with Cable Tie (Remote Model)","0.00","0","0.00","21/03/2026"
"ELECTROLYTE SOLUTIONS","ELECTROLYTE SOLUTIONS","Site","PI-1953758","SA0113","SPD with Cable Tie (Regulator Model)","0.00","0","0.00","21/03/2026"
"ELECTROLYTE SOLUTIONS","ELECTROLYTE SOLUTIONS","Site","PI-1996040","SA0069","Power PCB_Reg_(Potting)_White_1200mm_Renesa_GV3","0.00","0","0.00","21/03/2026"
"ELECTROLYTE SOLUTIONS","ELECTROLYTE SOLUTIONS","Site","PI-1997097","A177712","Juicer Chamber_Cold Press Juicer_Althea","0.00","177","0.00","21/03/2026"
"ELECTROLYTE SOLUTIONS","ELECTROLYTE SOLUTIONS","Site","PI-1997102","A177713","Auger_Cold Press Auger_Althea","0.00","177","0.00","21/03/2026"
"ELECTROLYTE SOLUTIONS","ELECTROLYTE SOLUTIONS","Site","PI-1997107","A177715","Hopper_Cold Press Feeding_Althea","0.00","177","0.00","21/03/2026"
"ELECTROLYTE SOLUTIONS","ELECTROLYTE SOLUTIONS","Site","PI-1997112","A177716","Juice Collector Jar_Cold Press Juice_Althea","5.00","177","0.00","21/03/2026"
"ELECTROLYTE SOLUTIONS","ELECTROLYTE SOLUTIONS","Site","PI-1997117","A177717","Pulp Collector Jar_Cold Press Pulp_Althea","2.00","177","0.00","21/03/2026"
"ELECTROLYTE SOLUTIONS","ELECTROLYTE SOLUTIONS","Site","PI-1997122","A177720","Rubber Feet_Cold Press Rubber_Althea","0.00","177","0.00","21/03/2026"
"ELECTROLYTE SOLUTIONS","ELECTROLYTE SOLUTIONS","Site","PI-1997127","A177732","Driver PCB_Cold Press Driver_Althea","0.00","192","0.00","21/03/2026"
"ELECTROLYTE SOLUTIONS","ELECTROLYTE SOLUTIONS","Site","PI-1997132","A177733","DC Motor_Cold Press Motor_Althea","0.00","192","0.00","21/03/2026"
"ELECTROLYTE SOLUTIONS","ELECTROLYTE SOLUTIONS","Site","PI-1997137","A177736","Power Cord_Cold Press Power_Althea","0.00","177","0.00","21/03/2026"
"ELECTROLYTE SOLUTIONS","ELECTROLYTE SOLUTIONS","Site","PI-1997142","A177719","Gasket Set_Cold Press All_Althea","0.00","177","0.00","21/03/2026"
"ELECTROLYTE SOLUTIONS","ELECTROLYTE SOLUTIONS","Site","PI-1997147","A177794","Juicer Outlet Clip_Cold Press Juicer_Althea","0.00","192","0.00","21/03/2026"
"ELECTROLYTE SOLUTIONS","ELECTROLYTE SOLUTIONS","Site","PI-1997152","A177739","Pulp Outlet Gasket_Cold Press Pusher_Althea","0.00","177","0.00","21/03/2026"
"ELECTROLYTE SOLUTIONS","ELECTROLYTE SOLUTIONS","Site","PI-1997157","A177724","Juice Outlet Gasket_Cold Press Juicer_Althea","0.00","177","0.00","21/03/2026"
"ELECTROLYTE SOLUTIONS","ELECTROLYTE SOLUTIONS","Site","PI-1997162","A177722","Upper Filter_Cold Fress Juicer_Althea","0.00","177","0.00","21/03/2026"
"ELECTROLYTE SOLUTIONS","ELECTROLYTE SOLUTIONS","Site","PI-1997167","A177721","Bottom Filter_Cold Fress Juicer_Althea","0.00","177","0.00","21/03/2026"
"ELECTROLYTE SOLUTIONS","ELECTROLYTE SOLUTIONS","Site","PI-1997172","A177792","Interface PCB_Cold Press Juicer_Althea","0.00","251","0.00","21/03/2026"
"ELECTROLYTE SOLUTIONS","ELECTROLYTE SOLUTIONS","Site","PI-2017061","SA0016","Power PCB_DC 48V_GV2","0.00","0","0.00","21/03/2026"
"ELECTROLYTE SOLUTIONS","ELECTROLYTE SOLUTIONS","Site","PI-2021879","A248807","Canopy Plate_Snow White_Erice Nuvo_GV5","0.00","0","0.00","21/03/2026"
"ELECTROLYTE SOLUTIONS","ELECTROLYTE SOLUTIONS","Site","PI-2021884","A248808","Canopy Plate_Lotus Pink_Erice Nuvo_GV5","0.00","0","0.00","21/03/2026"
"ELECTROLYTE SOLUTIONS","ELECTROLYTE SOLUTIONS","Site","PI-2021889","A248809","Canopy Plate_Gloss Black_Erice Nuvo_GV5","0.00","0","0.00","21/03/2026"
"ELECTROLYTE SOLUTIONS","ELECTROLYTE SOLUTIONS","Site","PI-2021894","A248811","Canopy Plate_Aegean Blue_Erice Nuvo_GV5","0.00","0","0.00","21/03/2026"
"ELECTROLYTE SOLUTIONS","ELECTROLYTE SOLUTIONS","Site","PI-2025931","A222101","Lexcru_High_Pressure_Switch","0.00","0","0.00","21/03/2026"
"ELECTROLYTE SOLUTIONS","ELECTROLYTE SOLUTIONS","Site","PI-2052298","EA26101","Surge Protection Device (SPD) Remote+Regulator_CF","290.00","0","290.00","21/03/2026"
"ELECTROLYTE SOLUTIONS","ELECTROLYTE SOLUTIONS","Site","PI-2052303","A192506","4 Revit Blade Emboss_1400mm_Matt Brown_Efficio_GV2","0.00","0","0.00","21/03/2026"
"ELECTROLYTE SOLUTIONS","ELECTROLYTE SOLUTIONS","Site","PI-2096847","A086907","Blade_900mm_Marble White_Aris Contour_GV5","0.00","0","0.00","21/03/2026"
"ELECTROLYTE SOLUTIONS","ELECTROLYTE SOLUTIONS","Site","PI-2096850","A082205","Motor Housing_Marble White_900mm_Aris Contour_GV5","0.00","0","0.00","21/03/2026"
"ELECTROLYTE SOLUTIONS","ELECTROLYTE SOLUTIONS","Site","PI-2096853","EA26801","Digital PCB _900mm_Aris Contour_GV5","0.00","0","0.00","21/03/2026"
"ELECTROLYTE SOLUTIONS","ELECTROLYTE SOLUTIONS","Site","PI-2096856","A086909","Blade_900mm_Regent Grey_Aris Contour_GV5","0.00","0","0.00","21/03/2026"
"ELECTROLYTE SOLUTIONS","ELECTROLYTE SOLUTIONS","Site","PI-2096859","A082206","Motor Housing_Mid Black_900mm_Aris Contour_GV5","0.00","0","0.00","21/03/2026"
"ELECTROLYTE SOLUTIONS","ELECTROLYTE SOLUTIONS","Site","PI-2096862","A029709","Blade_1200mm_Pearl White_Aris_GV5","2.00","0","0.00","21/03/2026"
"ELECTROLYTE SOLUTIONS","ELECTROLYTE SOLUTIONS","Site","PI-2096865","A102406","Bottom canopy_Pearl White_Aris_GV5","2.00","0","0.00","21/03/2026"
"ELECTROLYTE SOLUTIONS","ELECTROLYTE SOLUTIONS","Site","PI-2096868","A102206","Middle Lower canopy_Pearl White_Aris_GV5","5.00","0","0.00","21/03/2026"
"ELECTROLYTE SOLUTIONS","ELECTROLYTE SOLUTIONS","Site","PI-2096871","A102006","Middle upper canopy_Pearl White_Aris_GV5","7.00","0","0.00","21/03/2026"
"ELECTROLYTE SOLUTIONS","ELECTROLYTE SOLUTIONS","Site","PI-2096874","A101806","Canopy Plate_Pearl White_Aris_GV5","13.00","0","0.00","21/03/2026"
"ELECTROLYTE SOLUTIONS","ELECTROLYTE SOLUTIONS","Site","PI-2096877","A101706","Top Canopy_Pearl White_Aris_GV5","10.00","0","0.00","21/03/2026"
"ELECTROLYTE SOLUTIONS","ELECTROLYTE SOLUTIONS","Site","PI-2096880","A077102","PCB Mounting Plate_Aris_GV5","0.00","0","0.00","21/03/2026"
"ELECTROLYTE SOLUTIONS","ELECTROLYTE SOLUTIONS","Site","PI-2096883","EA26601","PCB 41W__Aris Gladius_GV5","0.00","0","0.00","21/03/2026"
"ELECTROLYTE SOLUTIONS","ELECTROLYTE SOLUTIONS","Site","PI-2096886","A006406","False Cover_Aris Gladius_GV5","0.00","0","0.00","21/03/2026"
"ELECTROLYTE SOLUTIONS","ELECTROLYTE SOLUTIONS","Site","PI-2096889","A029711","Blade_1200mm_Sand Grey_Aris_GV5","0.00","0","0.00","21/03/2026"
"ELECTROLYTE SOLUTIONS","ELECTROLYTE SOLUTIONS","Site","PI-2096892","A102408","Bottom canopy_Sand Grey_Aris_GV5","0.00","0","0.00","21/03/2026"
"ELECTROLYTE SOLUTIONS","ELECTROLYTE SOLUTIONS","Site","PI-2096895","A102208","Middle Lower canopy_Sand Grey_Aris_GV5","12.00","0","0.00","21/03/2026"
"ELECTROLYTE SOLUTIONS","ELECTROLYTE SOLUTIONS","Site","PI-2096898","A102008","Middle upper canopy_Sand Grey_Aris_GV5","8.00","0","0.00","21/03/2026"
"ELECTROLYTE SOLUTIONS","ELECTROLYTE SOLUTIONS","Site","PI-2096901","A101808","Canopy Plate_Sand Grey_Aris_GV5","3.00","0","0.00","21/03/2026"
"ELECTROLYTE SOLUTIONS","ELECTROLYTE SOLUTIONS","Site","PI-2096904","A101708","Top Canopy_Sand Grey_Aris_GV5","0.00","0","0.00","21/03/2026"
"ELECTROLYTE SOLUTIONS","ELECTROLYTE SOLUTIONS","Site","PI-2096907","A192406","Blade_900mm_Matt Brown_Efficio_GV5","0.00","0","0.00","21/03/2026"
"ELECTROLYTE SOLUTIONS","ELECTROLYTE SOLUTIONS","Site","PI-2096910","E00000738","Capacitor Capco_8uf_CF","0.00","0","0.00","21/03/2026"
"ELECTROLYTE SOLUTIONS","ELECTROLYTE SOLUTIONS","Site","PI-2096913","A125105","Motor Housing_Matt Brown_Efficio_GV5","0.00","0","0.00","21/03/2026"
"ELECTROLYTE SOLUTIONS","ELECTROLYTE SOLUTIONS","Site","PI-2096916","EA25101","PCB_Regulator_1400mm_Efficio_28W_GV5","0.00","0","0.00","21/03/2026"
"ELECTROLYTE SOLUTIONS","ELECTROLYTE SOLUTIONS","Site","PI-2096919","A192505","Blade_1400mm_Matt Black_Efficio_GV5","0.00","0","0.00","21/03/2026"
"ELECTROLYTE SOLUTIONS","ELECTROLYTE SOLUTIONS","Site","PI-2096922","A125419","Blade Aluminium_900mm_Blaze Brown_Efficio Prime_GV5","0.00","0","0.00","21/03/2026"
"ELECTROLYTE SOLUTIONS","ELECTROLYTE SOLUTIONS","Site","PI-2096925","EA23901","PCB_Regulator_900mm_Efficio_35W_GV5","0.00","0","0.00","21/03/2026"
"ELECTROLYTE SOLUTIONS","ELECTROLYTE SOLUTIONS","Site","PI-2096928","A125404","Blade Aluminium_900mm_Gloss White_Efficio Prime_GV5","0.00","0","0.00","21/03/2026"
"ELECTROLYTE SOLUTIONS","ELECTROLYTE SOLUTIONS","Site","PI-2096931","A125405","Blade Aluminium_900mm_Matt Black_Efficio Prime_GV5","0.00","0","0.00","21/03/2026"
"ELECTROLYTE SOLUTIONS","ELECTROLYTE SOLUTIONS","Site","PI-2096934","A125406","Blade Aluminium_900mm_Sea Sand Ivory_Efficio Prime_GV5","0.00","0","0.00","21/03/2026"
"ELECTROLYTE SOLUTIONS","ELECTROLYTE SOLUTIONS","Site","PI-2096937","EA24101","PCB_Regulator_1400mm_Efficio_35W_GV5","0.00","0","0.00","21/03/2026"
"ELECTROLYTE SOLUTIONS","ELECTROLYTE SOLUTIONS","Site","PI-2096940","A125420","Blade Aluminium_1400mm_Blaze Brown_Efficio Prime_GV5","0.00","0","0.00","21/03/2026"
"ELECTROLYTE SOLUTIONS","ELECTROLYTE SOLUTIONS","Site","PI-2096943","A175101","Bottom Cover_Sea Sand Ivory_Enerio_GV5","0.00","0","0.00","21/03/2026"
"ELECTROLYTE SOLUTIONS","ELECTROLYTE SOLUTIONS","Site","PI-2096946","A239501","Blade_900mm_Gloss Black_Renesa Enzel_GV5","0.00","0","0.00","21/03/2026"
"ELECTROLYTE SOLUTIONS","ELECTROLYTE SOLUTIONS","Site","PI-2096949","A248805","Canopy Plate_Gloss White_Enzel_GV5","0.00","0","0.00","21/03/2026"
"ELECTROLYTE SOLUTIONS","ELECTROLYTE SOLUTIONS","Site","PI-2096952","A239504","Blade_900mm_Gloss White_Renesa Enzel_GV5","0.00","0","0.00","21/03/2026"
"ELECTROLYTE SOLUTIONS","ELECTROLYTE SOLUTIONS","Site","PI-2096955","A248802","Canopy Plate_Gloss Pebble Grey_Enzel_GV5","0.00","0","0.00","21/03/2026"
"ELECTROLYTE SOLUTIONS","ELECTROLYTE SOLUTIONS","Site","PI-2096958","A168607","Plastic Body_Pebble Grey_Enzel_GV5","0.00","0","0.00","21/03/2026"
"ELECTROLYTE SOLUTIONS","ELECTROLYTE SOLUTIONS","Site","PI-2096961","A193701","PCB Mounting Plate_Enzel_GV5","0.00","0","0.00","21/03/2026"
"ELECTROLYTE SOLUTIONS","ELECTROLYTE SOLUTIONS","Site","PI-2096964","A168604","Plastic Body_Gloss Black_Enzel_GV5","0.00","0","0.00","21/03/2026"
"ELECTROLYTE SOLUTIONS","ELECTROLYTE SOLUTIONS","Site","PI-2096967","A283201","Blade Aluminium_1400mm_Gloss Black_Renesa Prime_GV5","0.00","0","0.00","21/03/2026"
"ELECTROLYTE SOLUTIONS","ELECTROLYTE SOLUTIONS","Site","PI-2096970","A168601","Plastic Body_Gloss White_Enzel_GV5","0.00","0","0.00","21/03/2026"
"ELECTROLYTE SOLUTIONS","ELECTROLYTE SOLUTIONS","Site","PI-2096973","A283202","Blade Aluminium_1400mm_Gloss White_Renesa Prime_GV5","0.00","0","0.00","21/03/2026"
"ELECTROLYTE SOLUTIONS","ELECTROLYTE SOLUTIONS","Site","PI-2096976","A283203","Blade Aluminium_1400mm_Maplewood_Renesa Prime_GV5","0.00","0","0.00","21/03/2026"
"ELECTROLYTE SOLUTIONS","ELECTROLYTE SOLUTIONS","Site","PI-2096979","A170503","Updated Motor housing_Renesa enzel_GV5","0.00","0","0.00","21/03/2026"
"ELECTROLYTE SOLUTIONS","ELECTROLYTE SOLUTIONS","Site","PI-2096982","A239506","Blade Aluminium_900mm_Dark Wood_Renesa Prime_GV5","0.00","0","0.00","21/03/2026"
"ELECTROLYTE SOLUTIONS","ELECTROLYTE SOLUTIONS","Site","PI-2096985","A239502","Blade Aluminium_900mm_Gloss Brown_Renesa Prime_GV5","0.00","0","0.00","21/03/2026"
"ELECTROLYTE SOLUTIONS","ELECTROLYTE SOLUTIONS","Site","PI-2096988","A168603","Plastic Body_Gloss Brown_Enzel_GV5","0.00","0","0.00","21/03/2026"
"ELECTROLYTE SOLUTIONS","ELECTROLYTE SOLUTIONS","Site","PI-2096991","A239505","Blade Aluminium_900mm_Misty Teal_Renesa Prime_GV5","0.00","0","0.00","21/03/2026"
"ELECTROLYTE SOLUTIONS","ELECTROLYTE SOLUTIONS","Site","PI-2096994","A265201","Blade Aluminium_1400mm_Gloss Black_Renesa Prime_GV5","0.00","0","0.00","21/03/2026"
"ELECTROLYTE SOLUTIONS","ELECTROLYTE SOLUTIONS","Site","PI-2096997","A265202","Blade Aluminium_1400mm_Gloss White_Renesa Prime_GV5","0.00","0","0.00","21/03/2026"
"ELECTROLYTE SOLUTIONS","ELECTROLYTE SOLUTIONS","Site","PI-2097000","A265203","Blade Aluminium_1400mm_Maplewood_Renesa Prime_GV5","0.00","0","0.00","21/03/2026"
"ELECTROLYTE SOLUTIONS","ELECTROLYTE SOLUTIONS","Site","PI-2097003","A265204","Blade Aluminium_1400mm_Pebble Grey_Renesa Prime_GV5","0.00","0","0.00","21/03/2026"
"ELECTROLYTE SOLUTIONS","ELECTROLYTE SOLUTIONS","Site","PI-2097006","A310704","Motor Housing_Matt Black_900mm_Studio Nexus_GV5","0.00","0","0.00","21/03/2026"
"ELECTROLYTE SOLUTIONS","ELECTROLYTE SOLUTIONS","Site","PI-2097009","A194514","Blade Aluminium_900mm_Dark Walnut_Studio Nexus_GV5","0.00","0","0.00","21/03/2026"
"ELECTROLYTE SOLUTIONS","ELECTROLYTE SOLUTIONS","Site","PI-2097012","A310702","Motor Housing_Ritz Blue_900mm_Studio Nexus_GV5","0.00","0","0.00","21/03/2026"
"ELECTROLYTE SOLUTIONS","ELECTROLYTE SOLUTIONS","Site","PI-2097015","A194512","Blade Aluminium_900mm_Ritz Blue_Studio Nexus_GV5","0.00","0","0.00","21/03/2026"
"ELECTROLYTE SOLUTIONS","ELECTROLYTE SOLUTIONS","Site","PI-2097018","A310703","Motor Housing_Rose Gold_900mm_Studio Nexus_GV5","0.00","0","0.00","21/03/2026"
"ELECTROLYTE SOLUTIONS","ELECTROLYTE SOLUTIONS","Site","PI-2097021","A194513","Blade Aluminium_900mm_Rose Gold_Studio Nexus_GV5","0.00","0","0.00","21/03/2026"
"ELECTROLYTE SOLUTIONS","ELECTROLYTE SOLUTIONS","Site","PI-2157917","A177735","Motor Screw Cover Sticker_CPJ","0.00","0","0.00","21/03/2026"
"ELECTROLYTE SOLUTIONS","ELECTROLYTE SOLUTIONS","Site","PI-2157922","A177727","Knob Assembly_CPJ","0.00","0","0.00","21/03/2026"
"ELECTROLYTE SOLUTIONS","ELECTROLYTE SOLUTIONS","Site","PI-2157927","A177749","Base Unit_CPJ","0.00","0","0.00","21/03/2026"
"ELECTROLYTE SOLUTIONS","ELECTROLYTE SOLUTIONS","Site","PI-2157932","A177737","Jar Detection Sensor_CPJ","0.00","0","0.00","21/03/2026"
"ELECTROLYTE SOLUTIONS","ELECTROLYTE SOLUTIONS","Site","PI-2157937","A177730","Mech Switch With Nut_CPJ","0.00","0","0.00","21/03/2026"
"ELECTROLYTE SOLUTIONS","ELECTROLYTE SOLUTIONS","Site","PI-2178580","A167101","Blade Assembly(New)_Chopper Jar_Zenova/Yulia Mixer Grinder_MG","0.00","0","0.00","21/03/2026"
"ELECTROLYTE SOLUTIONS","ELECTROLYTE SOLUTIONS","Site","PI-2190213","A248806","Canopy Plate _Gloss Brown_Renesa Prime_GV5","0.00","0","0.00","21/03/2026"
"ELECTROLYTE SOLUTIONS","ELECTROLYTE SOLUTIONS","Site","PI-2190218","A248804","Canopy Plate _Gloss SS Ivory_Renesa Prime_GV5","0.00","0","0.00","21/03/2026"
"ELECTROLYTE SOLUTIONS","ELECTROLYTE SOLUTIONS","Site","PI-2190223","A068802","Stator_900mm_Aris contour_GV5","0.00","0","0.00","21/03/2026"
"ELECTROLYTE SOLUTIONS","ELECTROLYTE SOLUTIONS","Site","PI-2227039","SRA007606","Base Unit_Perl White(FV)_Zenova_MG","0.00","6269","0.00","21/03/2026"
"ELECTROLYTE SOLUTIONS","ELECTROLYTE SOLUTIONS","Site","PI-2227044","A157703","Chutney Jar Assembly_Gold Print_Zenova_MG","0.00","1431","0.00","21/03/2026"
"ELECTROLYTE SOLUTIONS","ELECTROLYTE SOLUTIONS","Site","PI-2227049","A157803","Wet/Dry Jar Assembly_Gold Print_Zenova_MG","1.00","1667","0.00","21/03/2026"
"ELECTROLYTE SOLUTIONS","ELECTROLYTE SOLUTIONS","Site","PI-2227054","A157903","Liquidizing Jar Assembly_Gold Print_Zenova_MG","0.00","1785","0.00","21/03/2026"
"ELECTROLYTE SOLUTIONS","ELECTROLYTE SOLUTIONS","Site","PI-2227059","A008102","Base Cover_Perl White_Zenova_MG","0.00","266","0.00","21/03/2026"
"ELECTROLYTE SOLUTIONS","ELECTROLYTE SOLUTIONS","Site","PI-2227064","A065502","Chopper Jar Assembly(New)_Zenova/Yulia Mixer Grinder_MG","0.00","1018","0.00","21/03/2026"
"ELECTROLYTE SOLUTIONS","ELECTROLYTE SOLUTIONS","Site","PI-2247175","A304101","Motor Housing_Sand Grey_950mm_Studio+ Reboot_GV5","0.00","0","0.00","21/03/2026"
"ELECTROLYTE SOLUTIONS","ELECTROLYTE SOLUTIONS","Site","PI-2247180","A241101","Blade_Aluminium_Sand Grey_950mm_Studio+ Reboot_GV5","0.00","0","0.00","21/03/2026"
"ELECTROLYTE SOLUTIONS","ELECTROLYTE SOLUTIONS","Site","PI-2247185","A241102","Blade_Aluminium_Earth Brown_950mm_Studio+ Reboot_GV5","0.00","0","0.00","21/03/2026"
"ELECTROLYTE SOLUTIONS","ELECTROLYTE SOLUTIONS","Site","PI-2247190","A304102","Motor Housing_Earth Brown_950mm_Studio+ Reboot_GV5","0.00","0","0.00","21/03/2026"
"ELECTROLYTE SOLUTIONS","ELECTROLYTE SOLUTIONS","Site","PI-2247195","A241103","Blade_Aluminium_Marble White_950mm_Studio+ Reboot_GV5","0.00","0","0.00","21/03/2026"
"ELECTROLYTE SOLUTIONS","ELECTROLYTE SOLUTIONS","Site","PI-2247200","A304103","Motor Housing_Marble White_950mm_Studio+ Reboot_GV5","0.00","0","0.00","21/03/2026"
"ELECTROLYTE SOLUTIONS","ELECTROLYTE SOLUTIONS","Site","PI-2247205","A197801","Base Assembly_White_Renesa Table Fan_TPW","0.00","0","0.00","21/03/2026"
"ELECTROLYTE SOLUTIONS","ELECTROLYTE SOLUTIONS","Site","PI-2247210","A200201","Bottom Rod_White_Renesa Table Fan_TPW","0.00","0","0.00","21/03/2026"
"ELECTROLYTE SOLUTIONS","ELECTROLYTE SOLUTIONS","Site","PI-2266315","A248810","Canopy Plate_Umber Brown_Erica Nuvo_GV5","0.00","0","0.00","21/03/2026"
"ELECTROLYTE SOLUTIONS","ELECTROLYTE SOLUTIONS","Site","PI-2267585","AT00014","Tube 1/4 inch - Black","0.00","0","0.00","21/03/2026"
"ELECTROLYTE SOLUTIONS","ELECTROLYTE SOLUTIONS","Site","PI-2267590","AT00038","Tube 3/8 inch - Black","0.00","0","0.00","21/03/2026"
"ELECTROLYTE SOLUTIONS","ELECTROLYTE SOLUTIONS","Site","PI-2282103","A239509","Blade_Aluminium_Gloss White_Renesa Prime_600mm_GV5","0.00","0","0.00","21/03/2026"
"ELECTROLYTE SOLUTIONS","ELECTROLYTE SOLUTIONS","Site","PI-2282108","A328001","Blade_Aluminium_Gloss Black_Renesa Prime_600mm_GV5","0.00","0","0.00","21/03/2026"
"ELECTROLYTE SOLUTIONS","ELECTROLYTE SOLUTIONS","Site","PI-2282113","A313702","Blade_Aluminium_Pebble Grey_Renesa Prime_600mm_GV5","0.00","0","0.00","21/03/2026"
"ELECTROLYTE SOLUTIONS","ELECTROLYTE SOLUTIONS","Site","PI-2282118","A249901","Wave Washer_New_CF","0.00","0","0.00","21/03/2026"
"ELECTROLYTE SOLUTIONS","ELECTROLYTE SOLUTIONS","Site","PI-2282123","A239510","Blade_Aluminium_Honey Maplewood_Renesa Prime_600mm_GV5","0.00","0","0.00","21/03/2026"
"ELECTROLYTE SOLUTIONS","ELECTROLYTE SOLUTIONS","Site","PI-2294704","SRA007607","Base Unit_Red Wine(FV)_Zenova_MG","0.00","0","0.00","21/03/2026"
"ELECTROLYTE SOLUTIONS","ELECTROLYTE SOLUTIONS","Site","PI-2304644","SA0125"," Printed Defective Barcode Sticker","3750.00","0","3750.00","21/03/2026"
"ELECTROLYTE SOLUTIONS","ELECTROLYTE SOLUTIONS","Site","PI-2304645","SA0124","Printed FG Replacement Tag","210.00","0","210.00","21/03/2026"
"ELECTROLYTE SOLUTIONS","ELECTROLYTE SOLUTIONS","Site","PI-2313939","CS003228","Tshirt_Small_Service","0.00","0","0.00","21/03/2026"
"ELECTROLYTE SOLUTIONS","ELECTROLYTE SOLUTIONS","Site","PI-2313944","CS003229","Tshirt_Medium_Service","0.00","0","0.00","21/03/2026"
"ELECTROLYTE SOLUTIONS","ELECTROLYTE SOLUTIONS","Site","PI-2313949","CS003230","Tshirt_Large_Service","0.00","0","0.00","21/03/2026"
"ELECTROLYTE SOLUTIONS","ELECTROLYTE SOLUTIONS","Site","PI-2313954","CS003231","Tshirt_XL_Service","0.00","0","0.00","21/03/2026"
"ELECTROLYTE SOLUTIONS","ELECTROLYTE SOLUTIONS","Site","PI-2313959","CS003232","Tshirt_XXL_Service","0.00","0","0.00","21/03/2026"
"ELECTROLYTE SOLUTIONS","ELECTROLYTE SOLUTIONS","Site","PI-2313964","SA0131","PCB_1200mm_32W Fixed Speed_GV2","0.00","0","0.00","21/03/2026"
"ELECTROLYTE SOLUTIONS","ELECTROLYTE SOLUTIONS","Site","PI-2313969","SA0132","PCB_1200mm_35W Fixed Speed_GV2","0.00","0","0.00","21/03/2026"
"ELECTROLYTE SOLUTIONS","ELECTROLYTE SOLUTIONS","Site","PI-2351524","A140201","Split Pin (New)_Renesa Pedesatal/Wall_Swing_TPW","0.00","0","0.00","21/03/2026"
"ELECTROLYTE SOLUTIONS","ELECTROLYTE SOLUTIONS","Site","PI-2351529","A157704","Small Jar Assy Zen Rose Gold Tribal Ser","0.00","0","0.00","21/03/2026"
"ELECTROLYTE SOLUTIONS","ELECTROLYTE SOLUTIONS","Site","PI-2351534","A157804","Medium Jar Assy Zen Rose Gold Tribal Ser","0.00","0","0.00","21/03/2026"
"ELECTROLYTE SOLUTIONS","ELECTROLYTE SOLUTIONS","Site","PI-2351539","A157904","Big Jar Assy Zen Rose Gold Tribal ser","0.00","0","0.00","21/03/2026"
"ELECTROLYTE SOLUTIONS","ELECTROLYTE SOLUTIONS","Site","PI-2361578","EA24601","PCB_Phoenix_1400mm_Renesa Halo_GV5","18.00","0","18.00","21/03/2026"
"ELECTROLYTE SOLUTIONS","ELECTROLYTE SOLUTIONS","Site","PI-2392707","A177723","Feeding Drum Bottom Seal_CPJ","0.00","0","0.00","21/03/2026"
"ELECTROLYTE SOLUTIONS","ELECTROLYTE SOLUTIONS","Site","PI-2392712","A177725","Juicer Pulp Outlet Seal_CPJ","0.00","0","0.00","21/03/2026"
"ELECTROLYTE SOLUTIONS","ELECTROLYTE SOLUTIONS","Site","PI-2392717","A177726","Auger Seal SJ","0.00","0","0.00","21/03/2026"
"ELECTROLYTE SOLUTIONS","ELECTROLYTE SOLUTIONS","Site","PI-2392722","A177791","Jar Detection Sensor updated_CPJ","0.00","0","0.00","21/03/2026"
"ELECTROLYTE SOLUTIONS","ELECTROLYTE SOLUTIONS","Site","PI-2392727","A177759","Filter Assembly (Bottom+Upper)_CPJ","0.00","0","0.00","21/03/2026"
"ELECTROLYTE SOLUTIONS","ELECTROLYTE SOLUTIONS","Site","PI-2392732","A177746","Extracting Drum (Juicer Chamber)_CPJ","0.00","0","0.00","21/03/2026"
"ELECTROLYTE SOLUTIONS","ELECTROLYTE SOLUTIONS","Site","PI-2413322","WPTE001","HTC DM-830L+ Digital Multimeter","0.00","635","0.00","21/03/2026"
"ELECTROLYTE SOLUTIONS","ELECTROLYTE SOLUTIONS","Site","PI-2413327","WPTM001","RO Spanner Key Dual Double Side 2-in-1","0.00","160","0.00","21/03/2026"
"ELECTROLYTE SOLUTIONS","ELECTROLYTE SOLUTIONS","Site","PI-2413332","WPTM002","Freemans  Aluminum Spirit Level with Magnet 30cm","0.00","230","0.00","21/03/2026"
"ELECTROLYTE SOLUTIONS","ELECTROLYTE SOLUTIONS","Site","PI-2413337","WPTM003","Stanley  5M Auto Lock Measuring Tape","0.00","145","0.00","21/03/2026"
"ELECTROLYTE SOLUTIONS","ELECTROLYTE SOLUTIONS","Site","PI-2413342","WPTE002","TDS Digital Meter","0.00","170","0.00","21/03/2026"
"ELECTROLYTE SOLUTIONS","ELECTROLYTE SOLUTIONS","Site","PI-2413347","WPTM004","Taparia 903 I Screw Driver","0.00","99","0.00","21/03/2026"
"ELECTROLYTE SOLUTIONS","ELECTROLYTE SOLUTIONS","Site","PI-2413352","WPTM005","Water Pressure Meter","0.00","590","0.00","21/03/2026"
"ELECTROLYTE SOLUTIONS","ELECTROLYTE SOLUTIONS","Site","PI-2413357","WPTM006","Taparia 1273-12 InchPipe Wrench","0.00","330","0.00","21/03/2026"
"ELECTROLYTE SOLUTIONS","ELECTROLYTE SOLUTIONS","Site","PI-2413362","WPTM007","Taparia Adjustable Spanner 8"" ","0.00","275","0.00","21/03/2026"
"ELECTROLYTE SOLUTIONS","ELECTROLYTE SOLUTIONS","Site","PI-2413367","WPTC001","3M Micro Cloth","0.00","155","0.00","21/03/2026"
"ELECTROLYTE SOLUTIONS","ELECTROLYTE SOLUTIONS","Site","PI-2413372","WPTC002","Cable Tie 300X3.60MM","0.00","145","0.00","21/03/2026"
"ELECTROLYTE SOLUTIONS","ELECTROLYTE SOLUTIONS","Site","PI-2413377","WPTC003","Teflon Tape Kohinoor","0.00","20","0.00","21/03/2026"
"ELECTROLYTE SOLUTIONS","ELECTROLYTE SOLUTIONS","Site","PI-2413382","WPTM008","1/4'' FNPT to 1/4'' Push Fit Connector","0.00","80","0.00","21/03/2026"
"ELECTROLYTE SOLUTIONS","ELECTROLYTE SOLUTIONS","Site","PI-2413387","WPTB001","Water Purifier Tool Bag","0.00","1230","0.00","21/03/2026"
"ELECTROLYTE SOLUTIONS","ELECTROLYTE SOLUTIONS","Site","PI-2413392","A221902","Assembly_Coupling_Tank_TDS","0.00","28","0.00","21/03/2026"
"ELECTROLYTE SOLUTIONS","ELECTROLYTE SOLUTIONS","Site","PI-2413397","A210702","Assembly_Coupling_Tank_Bulkhead","0.00","23","0.00","21/03/2026"
"ELECTROLYTE SOLUTIONS","ELECTROLYTE SOLUTIONS","Site","PI-2413402","A234902","Accessories_Pouch_Without_Pre-Filter","0.00","180","0.00","21/03/2026"
"ELECTROLYTE SOLUTIONS","ELECTROLYTE SOLUTIONS","Site","PI-2413407","AT01438","Accessories_Tubes_Set","0.00","60","0.00","21/03/2026"
"ELECTROLYTE SOLUTIONS","ELECTROLYTE SOLUTIONS","Site","PI-2439691","A119905","Updated Universal Motor Assembly_Yulia","0.00","0","0.00","21/03/2026"
"ELECTROLYTE SOLUTIONS","ELECTROLYTE SOLUTIONS","Site","PI-2449080","A247501","Bottom Cover_Pearl White_Aris Gladius_GV5","0.00","0","0.00","21/03/2026"
"ELECTROLYTE SOLUTIONS","ELECTROLYTE SOLUTIONS","Site","PI-2461996","A322701","Blade Aluminium_650mm_Gloss White_Ikano_GV5","0.00","0","0.00","21/03/2026"
"ELECTROLYTE SOLUTIONS","ELECTROLYTE SOLUTIONS","Site","PI-2462001","A322601","Motor Housing_GlossWhite_650mm_Ikano_GV5","0.00","0","0.00","21/03/2026"
"ELECTROLYTE SOLUTIONS","ELECTROLYTE SOLUTIONS","Site","PI-2462006","A327901","Bottom Cover_Gloss White new_Ikano_GV5","0.00","0","0.00","21/03/2026"
"ELECTROLYTE SOLUTIONS","ELECTROLYTE SOLUTIONS","Site","PI-2462011","EA27901","PCB_650mm_Ikano_GV5","0.00","0","0.00","21/03/2026"
"ELECTROLYTE SOLUTIONS","ELECTROLYTE SOLUTIONS","Site","PI-2462016","A189603","Blade_900mm_Pearl White Matt_Aris Gladius_GV5","0.00","0","0.00","21/03/2026"
"ELECTROLYTE SOLUTIONS","ELECTROLYTE SOLUTIONS","Site","PI-2462021","EA28101","PCB_900mm_Aris Gladius_GV5","0.00","0","0.00","21/03/2026"
"ELECTROLYTE SOLUTIONS","ELECTROLYTE SOLUTIONS","Site","PI-2462026","A002905","Motor Housing_Pearl White Matt_900mm_Aris Gladius_GV5","0.00","0","0.00","21/03/2026"
"ELECTROLYTE SOLUTIONS","ELECTROLYTE SOLUTIONS","Site","PI-2462031","A189604","Blade_900mm_Sand Grey_Aris Gladius_GV5","0.00","0","0.00","21/03/2026"
"ELECTROLYTE SOLUTIONS","ELECTROLYTE SOLUTIONS","Site","PI-2462036","A002906","Motor Housing_900mm_Gloss Black_Aris Gladius_GV5","0.00","0","0.00","21/03/2026"
"ELECTROLYTE SOLUTIONS","ELECTROLYTE SOLUTIONS","Site","PI-2462041","A247503","Bottom Cover_Sand Grey_Aris Gladius_GV5","0.00","0","0.00","21/03/2026"
"ELECTROLYTE SOLUTIONS","ELECTROLYTE SOLUTIONS","Site","PI-2462046","A322602","Motor Housing_650mm_Gloss Black_Ikano_GV5","0.00","0","0.00","21/03/2026"
"ELECTROLYTE SOLUTIONS","ELECTROLYTE SOLUTIONS","Site","PI-2462051","A331801","Bottom Cover_Gloss Black new_Ikano_GV5","0.00","0","0.00","21/03/2026"
"ELECTROLYTE SOLUTIONS","ELECTROLYTE SOLUTIONS","Site","PI-2462056","A322702","Blade_650mm_Gloss Black_Ikano_GV5","0.00","0","0.00","21/03/2026"
"ELECTROLYTE SOLUTIONS","ELECTROLYTE SOLUTIONS","Site","PI-2462061","A322703","Blade_650mm_Gloss Brown_Ikano_GV5","0.00","0","0.00","21/03/2026"
"ELECTROLYTE SOLUTIONS","ELECTROLYTE SOLUTIONS","Site","PI-2462066","A322603","Motor Housing_650mm_Gloss Brown_Ikano_GV5","0.00","0","0.00","21/03/2026"
"ELECTROLYTE SOLUTIONS","ELECTROLYTE SOLUTIONS","Site","PI-2462071","A327701","Bottom Cover_Gloss Brown New_Ikano_GV5","0.00","0","0.00","21/03/2026"
"ELECTROLYTE SOLUTIONS","ELECTROLYTE SOLUTIONS","Site","PI-2462076","EA28701","PCB_600_Renesa Enzel_GV5","0.00","0","0.00","21/03/2026"
"ELECTROLYTE SOLUTIONS","ELECTROLYTE SOLUTIONS","Site","PI-2499671","EA25701","(New MCF) Power PCB_Renesa Pedestal/Wall_TPW","8.00","0","8.00","21/03/2026"
"ELECTROLYTE SOLUTIONS","ELECTROLYTE SOLUTIONS","Site","PI-2499676","EA19701","(New MCF) Digital PCB_Renesa Wall_TPW","5.00","0","5.00","21/03/2026"
"ELECTROLYTE SOLUTIONS","ELECTROLYTE SOLUTIONS","Site","PI-2499681","EA18701","(New MCF) Digital PCB_Renesa Pedestal_TPW","1.00","0","1.00","21/03/2026"
"ELECTROLYTE SOLUTIONS","ELECTROLYTE SOLUTIONS","Site","PI-2526254","A029718","Blade_1200mm_Tuscan Gold_Aris SL_GV5","0.00","0","0.00","21/03/2026"
"ELECTROLYTE SOLUTIONS","ELECTROLYTE SOLUTIONS","Site","PI-2526256","EA30701","PCB_38W_Aris Starlight_GV5","19.00","0","11.00","21/03/2026"
"ELECTROLYTE SOLUTIONS","ELECTROLYTE SOLUTIONS","Site","PI-2526258","A029719","Blade_1200mm_Umber Brown_Aris SL_GV5","0.00","0","0.00","21/03/2026"
"ELECTROLYTE SOLUTIONS","ELECTROLYTE SOLUTIONS","Site","PI-2526260","EA30601","PCB_32W_Aris Starlight_GV5","0.00","0","0.00","21/03/2026"
"ELECTROLYTE SOLUTIONS","ELECTROLYTE SOLUTIONS","Site","PI-2526262","A189605","Blade_900mm_Marble White_Aris SL_GV5","0.00","0","0.00","21/03/2026"
"ELECTROLYTE SOLUTIONS","ELECTROLYTE SOLUTIONS","Site","PI-2526264","A368201","Motor Housing_Renesa Elite_GV5","0.00","0","0.00","21/03/2026"
"ELECTROLYTE SOLUTIONS","ELECTROLYTE SOLUTIONS","Site","PI-2526266","EA31101","PCB (Non-smart)_1200_Renesa Elite_GV5","0.00","0","0.00","21/03/2026"
"ELECTROLYTE SOLUTIONS","ELECTROLYTE SOLUTIONS","Site","PI-2526268","A324404","Inner Cover (Opaque)_Earth Brown_Renesa Elite_GV5","0.00","0","0.00","21/03/2026"
"ELECTROLYTE SOLUTIONS","ELECTROLYTE SOLUTIONS","Site","PI-2526270","A324501","Outer Transparent Plastic body_Renesa Elite_GV5","0.00","0","0.00","21/03/2026"
"ELECTROLYTE SOLUTIONS","ELECTROLYTE SOLUTIONS","Site","PI-2526272","A325001","Light Guide Plastic_White_Elite_GV5","0.00","0","0.00","21/03/2026"
"ELECTROLYTE SOLUTIONS","ELECTROLYTE SOLUTIONS","Site","PI-2526274","EA31801","Digital Smart PCB_1200mm_Elite_GV5","0.00","0","0.00","21/03/2026"
"ELECTROLYTE SOLUTIONS","ELECTROLYTE SOLUTIONS","Site","PI-2526276","A159915","Inner Cover (Opaque)_Copper_Renesa Elite_GV5","0.00","0","0.00","21/03/2026"
"ELECTROLYTE SOLUTIONS","ELECTROLYTE SOLUTIONS","Site","PI-2526278","A159916","Inner Cover (Opaque)_Green_Renesa Elite_GV5","0.00","0","0.00","21/03/2026"
"ELECTROLYTE SOLUTIONS","ELECTROLYTE SOLUTIONS","Site","PI-2526280","A163014","Middle Canopy_Regal Indigo_Renesa Elite_GV5","0.00","0","0.00","21/03/2026"
"ELECTROLYTE SOLUTIONS","ELECTROLYTE SOLUTIONS","Site","PI-2526282","A163414","Canopy Plate_Regal Indigo_Renesa Elite_GV5","0.00","0","0.00","21/03/2026"
"ELECTROLYTE SOLUTIONS","ELECTROLYTE SOLUTIONS","Site","PI-2526284","A171309","Top Canopy_Regal Indigo_Renesa Elite_GV5","0.00","0","0.00","21/03/2026"
"ELECTROLYTE SOLUTIONS","ELECTROLYTE SOLUTIONS","Site","PI-2526286","A174509","Bottom Canopy_Regal Indigo_Renesa Elite_GV5","0.00","0","0.00","21/03/2026"
"ELECTROLYTE SOLUTIONS","ELECTROLYTE SOLUTIONS","Site","PI-2526288","A171164","Blade Assembly_Regal Indigo_Renesa Elite_GV5","0.00","0","0.00","21/03/2026"
"ELECTROLYTE SOLUTIONS","ELECTROLYTE SOLUTIONS","Site","PI-2526290","A171310","Canopy Top_Rose Gold_Elite_GV5","0.00","0","0.00","21/03/2026"
"ELECTROLYTE SOLUTIONS","ELECTROLYTE SOLUTIONS","Site","PI-2526292","A174510","Canopy Bottom_Rose Gold_Elite_GV5","0.00","0","0.00","21/03/2026"
"ELECTROLYTE SOLUTIONS","ELECTROLYTE SOLUTIONS","Site","PI-2526294","A171165","Blade_1200mm_Rose Gold_M5_Renesa Prime_GV5","0.00","0","0.00","21/03/2026"
"ELECTROLYTE SOLUTIONS","ELECTROLYTE SOLUTIONS","Site","PI-2526296","EA31901","Digital PCB (Smart)_1400mm_Elite_GV5","0.00","0","0.00","21/03/2026"
"ELECTROLYTE SOLUTIONS","ELECTROLYTE SOLUTIONS","Site","PI-2526298","A171151","Blade Aluminium_1400mm_Dark Walnut_Renesa Elite_2026_GV5","0.00","0","0.00","21/03/2026"
"ELECTROLYTE SOLUTIONS","ELECTROLYTE SOLUTIONS","Site","PI-2526300","A171150","Blade Aluminium_1400mm_Golden Oak_Renesa Elite_GV5","0.00","0","0.00","21/03/2026"
"ELECTROLYTE SOLUTIONS","ELECTROLYTE SOLUTIONS","Site","PI-2526302","A171146","Blade Aluminium_1400mm_Pearl White_Renesa Elite_2026_GV5","0.00","0","0.00","21/03/2026"
"ELECTROLYTE SOLUTIONS","ELECTROLYTE SOLUTIONS","Site","PI-2526304","A163015","Canopy Middle_Creme Brule_Elite_GV5","0.00","0","0.00","21/03/2026"
"ELECTROLYTE SOLUTIONS","ELECTROLYTE SOLUTIONS","Site","PI-2526306","A163415","Canopy Plate_Creme Brule_Elite_GV5","0.00","0","0.00","21/03/2026"
"ELECTROLYTE SOLUTIONS","ELECTROLYTE SOLUTIONS","Site","PI-2526308","A171311","Canopy Top_Creme Brule_Elite_GV5","0.00","0","0.00","21/03/2026"
"ELECTROLYTE SOLUTIONS","ELECTROLYTE SOLUTIONS","Site","PI-2526310","A174511","Canopy Bottom_Creme Brule_Elite_GV5","0.00","0","0.00","21/03/2026"
"ELECTROLYTE SOLUTIONS","ELECTROLYTE SOLUTIONS","Site","PI-2526312","A171166","Blade_1200mm_Creme Brule_M5_Renesa Prime_GV5","0.00","0","0.00","21/03/2026"
"ELECTROLYTE SOLUTIONS","ELECTROLYTE SOLUTIONS","Site","PI-2526314","A171149","Blade Aluminium_1400mm_Sand Grey_Renesa Elite_2026_GV5","0.00","0","0.00","21/03/2026"
"ELECTROLYTE SOLUTIONS","ELECTROLYTE SOLUTIONS","Site","PI-2526316","A159914","Inner Cover (Opaque)_Pearl White_Renesa Elite_GV5","0.00","0","0.00","21/03/2026"
"ELECTROLYTE SOLUTIONS","ELECTROLYTE SOLUTIONS","Site","PI-2526318","A346908","Blade_1200mm_Dark Walnut_M5_Renesa Prime_GV5","0.00","0","0.00","21/03/2026"
"ELECTROLYTE SOLUTIONS","ELECTROLYTE SOLUTIONS","Site","PI-2526320","A310601","Shackle Kit M6","0.00","0","0.00","21/03/2026"
"ELECTROLYTE SOLUTIONS","ELECTROLYTE SOLUTIONS","Site","PI-2526322","A363101","Downrod M6_Gloss Black_260mm_GV5","0.00","0","0.00","21/03/2026"
"ELECTROLYTE SOLUTIONS","ELECTROLYTE SOLUTIONS","Site","PI-2526324","A336901","Mounting plate PCB_New_GV5","0.00","0","0.00","21/03/2026"
"ELECTROLYTE SOLUTIONS","ELECTROLYTE SOLUTIONS","Site","PI-2526326","A371701","Motor Housing_Renesa Prime Crest_GV5","0.00","0","0.00","21/03/2026"
"ELECTROLYTE SOLUTIONS","ELECTROLYTE SOLUTIONS","Site","PI-2526328","EA33401","PCB STM32_35W_6LED_Renesa Enzel_GV5","49.00","0","49.00","21/03/2026"
"ELECTROLYTE SOLUTIONS","ELECTROLYTE SOLUTIONS","Site","PI-2526330","A346903","Blade_1200mm_Gloss Black_M5_Renesa Prime_GV5","0.00","0","0.00","21/03/2026"
"ELECTROLYTE SOLUTIONS","ELECTROLYTE SOLUTIONS","Site","PI-2526332","A346902","Blade_1200mm_Gloss Brown_M5_Renesa Prime_GV5","0.00","0","0.00","21/03/2026"
"ELECTROLYTE SOLUTIONS","ELECTROLYTE SOLUTIONS","Site","PI-2526334","A346901","Blade_1200mm_Gloss White_M5_Renesa Prime_GV5","0.00","0","0.00","21/03/2026"
"ELECTROLYTE SOLUTIONS","ELECTROLYTE SOLUTIONS","Site","PI-2526336","A362701","Downrod M6_White_260mm_GV5","0.00","0","0.00","21/03/2026"
"ELECTROLYTE SOLUTIONS","ELECTROLYTE SOLUTIONS","Site","PI-2526338","A346904","Blade_1200mm_Maplewood_M5_Renesa Prime_GV5","0.00","0","0.00","21/03/2026"
"ELECTROLYTE SOLUTIONS","ELECTROLYTE SOLUTIONS","Site","PI-2526340","A346906","Blade_1200mm_Mistly Teal_M5_Renesa Prime_GV5","0.00","0","0.00","21/03/2026"
"ELECTROLYTE SOLUTIONS","ELECTROLYTE SOLUTIONS","Site","PI-2526342","A346907","Blade_1200mm_Pebble Gery_M5_Renesa Prime_GV5","3.00","0","0.00","21/03/2026"
"ELECTROLYTE SOLUTIONS","ELECTROLYTE SOLUTIONS","Site","PI-2526344","A363601","Downrod M6_Pebble Grey_260mm_GV5","0.00","0","0.00","21/03/2026"
"ELECTROLYTE SOLUTIONS","ELECTROLYTE SOLUTIONS","Site","PI-2526346","A346905","Blade_1200mm_SS IVory_M5_Renesa Prime_GV5","0.00","0","0.00","21/03/2026"
"ELECTROLYTE SOLUTIONS","ELECTROLYTE SOLUTIONS","Site","PI-2526348","A363701","Downrod M6_SS Ivory_260mm_GV5","0.00","0","0.00","21/03/2026"
"ELECTROLYTE SOLUTIONS","ELECTROLYTE SOLUTIONS","Site","PI-2526350","A168605","New Plastic Body_Sea Sand Ivory_Renesa Enzel_GV5","0.00","0","0.00","21/03/2026"
"ELECTROLYTE SOLUTIONS","ELECTROLYTE SOLUTIONS","Site","PI-2526352","EA33501","PCB STM32_41W_6LED_Renesa Enzel_GV5","0.00","0","0.00","21/03/2026"
"ELECTROLYTE SOLUTIONS","ELECTROLYTE SOLUTIONS","Site","PI-2526354","EA29901","PCB_Flamingo_41W_6LED_Renesa Halo_GV5","0.00","0","0.00","21/03/2026"
"ELECTROLYTE SOLUTIONS","ELECTROLYTE SOLUTIONS","Site","PI-2526356","A248803","Canopy Plate_Blaze Brown_Renesa Halo_GV5","0.00","0","0.00","21/03/2026"
"ELECTROLYTE SOLUTIONS","ELECTROLYTE SOLUTIONS","Site","PI-2526358","A363801","Downrod M6_Blaze Brown_260mm_GV5","0.00","0","0.00","21/03/2026"
"ELECTROLYTE SOLUTIONS","ELECTROLYTE SOLUTIONS","Site","PI-2526360","A350405","Blade_1400mm_Blaze Brown_Renesa Halo_2026_GV5","0.00","0","0.00","21/03/2026"
"ELECTROLYTE SOLUTIONS","ELECTROLYTE SOLUTIONS","Site","PI-2526362","A248801","Canopy Plate_Matt black_Renesa Halo_GV5","0.00","0","0.00","21/03/2026"
"ELECTROLYTE SOLUTIONS","ELECTROLYTE SOLUTIONS","Site","PI-2526364","A362501","Downrod M6_Mid Black_260mm_GV5","0.00","0","0.00","21/03/2026"
"ELECTROLYTE SOLUTIONS","ELECTROLYTE SOLUTIONS","Site","PI-2526366","A350402","Blade_1400mm_Matte Black_Renesa Halo_GV5","0.00","0","0.00","21/03/2026"
"ELECTROLYTE SOLUTIONS","ELECTROLYTE SOLUTIONS","Site","PI-2526368","A350403","Blade_1400mm_Matte Teal_Renesa Halo_GV5","0.00","0","0.00","21/03/2026"
"ELECTROLYTE SOLUTIONS","ELECTROLYTE SOLUTIONS","Site","PI-2526370","A350404","Blade_1400mm_SS Ivory_Renesa Halo_GV5","0.00","0","0.00","21/03/2026"
"ELECTROLYTE SOLUTIONS","ELECTROLYTE SOLUTIONS","Site","PI-2526372","A350401","Blade_1400mm_White_Renesa Halo_GV5","0.00","0","0.00","21/03/2026"
"ELECTROLYTE SOLUTIONS","ELECTROLYTE SOLUTIONS","Site","PI-2526374","EA30901","PCB_Aluminum_STM32_1200mm_Renesa Prime/Crest/Ikano_GV5","27.00","0","27.00","21/03/2026"
"ELECTROLYTE SOLUTIONS","ELECTROLYTE SOLUTIONS","Site","PI-2526376","EA29701","PCB STM32_1400mm_41W_6LED_Renesa Prime_GV5","0.00","0","0.00","21/03/2026"
"ELECTROLYTE SOLUTIONS","ELECTROLYTE SOLUTIONS","Site","PI-2526378","A095104","New Canopy Set_Gloss Black_Renesa Prime_GV5","0.00","0","0.00","21/03/2026"
"ELECTROLYTE SOLUTIONS","ELECTROLYTE SOLUTIONS","Site","PI-2526380","A351007","Blade_900mm_Pebble Grey_M5_Renesa Prime_GV5","0.00","0","0.00","21/03/2026"
"ELECTROLYTE SOLUTIONS","ELECTROLYTE SOLUTIONS","Site","PI-2526382","A368203","Motor Housing_900mm_Renesa Prime_GV5","0.00","0","0.00","21/03/2026"
"ELECTROLYTE SOLUTIONS","ELECTROLYTE SOLUTIONS","Site","PI-2526384","A346921","Blade_1200mm_Copper Haze_M5_Renesa Prime_GV5","0.00","0","0.00","21/03/2026"
"ELECTROLYTE SOLUTIONS","ELECTROLYTE SOLUTIONS","Site","PI-2526386","A309538","Canopy Bottom_Gloss Black_Renesa Prime Crest_GV5","0.00","0","0.00","21/03/2026"
"ELECTROLYTE SOLUTIONS","ELECTROLYTE SOLUTIONS","Site","PI-2526388","A309545","Canopy Middle_Gloss Black_Renesa Prime Crest_GV5","0.00","0","0.00","21/03/2026"
"ELECTROLYTE SOLUTIONS","ELECTROLYTE SOLUTIONS","Site","PI-2526390","A377601","Canopy Top_Gloss Black_Renesa Prime Crest_GV5","0.00","0","0.00","21/03/2026"
"ELECTROLYTE SOLUTIONS","ELECTROLYTE SOLUTIONS","Site","PI-2526392","A346922","Blade_1200mm_Deart Pearl_M5_Renesa Prime_GV5","0.00","0","0.00","21/03/2026"
"ELECTROLYTE SOLUTIONS","ELECTROLYTE SOLUTIONS","Site","PI-2526394","A309535","Bottom canopy_Gloss White_Renesa Prime crest_GV5","0.00","0","0.00","21/03/2026"
"ELECTROLYTE SOLUTIONS","ELECTROLYTE SOLUTIONS","Site","PI-2526396","A309543","Middle canopy_Gloss White_Renesa Prime crest_GV5","0.00","0","0.00","21/03/2026"
"ELECTROLYTE SOLUTIONS","ELECTROLYTE SOLUTIONS","Site","PI-2526398","A317701","Top canopy_Gloss White_Renesa Prime crest_GV5","0.00","0","0.00","21/03/2026"
"ELECTROLYTE SOLUTIONS","ELECTROLYTE SOLUTIONS","Site","PI-2526400","A346923","Blade_1200mm_Nordic Ashwd_M5_Renesa Prime_GV5","0.00","0","0.00","21/03/2026"
"ELECTROLYTE SOLUTIONS","ELECTROLYTE SOLUTIONS","Site","PI-2526402","A309537","Canopy Bottom_Pebble Grey_Renesa Prime Crest_GV5","0.00","0","0.00","21/03/2026"
"ELECTROLYTE SOLUTIONS","ELECTROLYTE SOLUTIONS","Site","PI-2526404","A309546","Canopy Middle_Pebble Grey_Renesa Prime Crest_GV5","0.00","0","0.00","21/03/2026"
"ELECTROLYTE SOLUTIONS","ELECTROLYTE SOLUTIONS","Site","PI-2526406","A377701","Canopy Top_Pebble Grey_Renesa Prime Crest_GV5","0.00","0","0.00","21/03/2026"
"ELECTROLYTE SOLUTIONS","ELECTROLYTE SOLUTIONS","Site","PI-2526408","A309536","Canopy Bottom_SS Ivory_Renesa Prime Crest_GV5","0.00","0","0.00","21/03/2026"
"ELECTROLYTE SOLUTIONS","ELECTROLYTE SOLUTIONS","Site","PI-2526410","A309544","Canopy Middle_SS Ivory_Renesa Prime Crest_GV5","0.00","0","0.00","21/03/2026"
"ELECTROLYTE SOLUTIONS","ELECTROLYTE SOLUTIONS","Site","PI-2526412","A377401","Canopy Top_SS Ivory_Renesa Prime Crest_GV5","0.00","0","0.00","21/03/2026"
"ELECTROLYTE SOLUTIONS","ELECTROLYTE SOLUTIONS","Site","PI-2526414","EA30101","PCB_Regulator_35W_Renesa Prime_GV5","8.00","0","8.00","21/03/2026"
"ELECTROLYTE SOLUTIONS","ELECTROLYTE SOLUTIONS","Site","PI-2526416","A363001","Downrod M6_Gloss Brown_260mm_GV5","0.00","0","0.00","21/03/2026"
"ELECTROLYTE SOLUTIONS","ELECTROLYTE SOLUTIONS","Site","PI-2526418","A355201","Blade_600mm_Gloss Black_M5_Renesa Prime_GV5","0.00","0","0.00","21/03/2026"
"ELECTROLYTE SOLUTIONS","ELECTROLYTE SOLUTIONS","Site","PI-2526420","A368202","Motor Housing_600mm_Renesa Prime_GV5","0.00","0","0.00","21/03/2026"
"ELECTROLYTE SOLUTIONS","ELECTROLYTE SOLUTIONS","Site","PI-2526422","A355101","Blade_600mm_GL White_M5_Renesa Prime_GV5","0.00","0","0.00","21/03/2026"
"ELECTROLYTE SOLUTIONS","ELECTROLYTE SOLUTIONS","Site","PI-2526424","A355001","Blade_600mm_Maplewood_M5_Renesa Prime_GV5","0.00","0","0.00","21/03/2026"
"ELECTROLYTE SOLUTIONS","ELECTROLYTE SOLUTIONS","Site","PI-2526426","A351003","Blade_900mm_Gloss Black_M5_Renesa Prime_GV5","0.00","0","0.00","21/03/2026"
"ELECTROLYTE SOLUTIONS","ELECTROLYTE SOLUTIONS","Site","PI-2526428","A351001","Blade_900mm_Gloss White_M5_Renesa Prime_GV5","0.00","0","0.00","21/03/2026"
"ELECTROLYTE SOLUTIONS","ELECTROLYTE SOLUTIONS","Site","PI-2526430","A351004","Blade_900mm_Maple Wood_M5_Renesa Prime_GV5","0.00","0","0.00","21/03/2026"
"ELECTROLYTE SOLUTIONS","ELECTROLYTE SOLUTIONS","Site","PI-2526432","A351002","Blade_900mm_Gloss Brown_M5_Renesa Prime_GV5","0.00","0","0.00","21/03/2026"
"ELECTROLYTE SOLUTIONS","ELECTROLYTE SOLUTIONS","Site","PI-2526434","A029720","Blade_1200mm_Pealr White_Aris Gladius_GV5","0.00","0","0.00","21/03/2026"
"ELECTROLYTE SOLUTIONS","ELECTROLYTE SOLUTIONS","Site","PI-2526436","A006404","False Cover_Aris Gladius_2026_GV5","0.00","0","0.00","21/03/2026"
"ELECTROLYTE SOLUTIONS","ELECTROLYTE SOLUTIONS","Site","PI-2526438","A247601","Deco ring_Antelope_GV5","0.00","0","0.00","21/03/2026"
"ELECTROLYTE SOLUTIONS","ELECTROLYTE SOLUTIONS","Site","PI-2526440","EA30801","PCB_38W_Aris Gladius_GV5","0.00","0","0.00","21/03/2026"
"ELECTROLYTE SOLUTIONS","ELECTROLYTE SOLUTIONS","Site","PI-2526442","A029721","Blade_1200mm_Sand Grey_Aris Gladius_GV5","0.00","0","0.00","21/03/2026"
"ELECTROLYTE SOLUTIONS","ELECTROLYTE SOLUTIONS","Site","PI-2526444","A029716","Blade_1200mm_Dark Teakwood_Aris SL_GV5","0.00","0","0.00","21/03/2026"
"ELECTROLYTE SOLUTIONS","ELECTROLYTE SOLUTIONS","Site","PI-2526446","A029715","Blade_1200mm_Marble White_Aris SL_GV5","0.00","0","0.00","21/03/2026"
"ELECTROLYTE SOLUTIONS","ELECTROLYTE SOLUTIONS","Site","PI-2526448","A029717","Blade_1200mm_Steller Black_Aris SL_GV5","0.00","0","0.00","21/03/2026"
"ELECTROLYTE SOLUTIONS","ELECTROLYTE SOLUTIONS","Site","PI-2526450","A189606","Blade_900mm_Dark Teakwood_Aris SL_GV5","0.00","0","0.00","21/03/2026"
"ELECTROLYTE SOLUTIONS","ELECTROLYTE SOLUTIONS","Site","PI-2526452","A363901","Downrod_Misty Teal_Erica Nuvo_GV5","0.00","0","0.00","21/03/2026"
"ELECTROLYTE SOLUTIONS","ELECTROLYTE SOLUTIONS","Site","PI-2526454","A301801","Motor Housing_Misty Teal_Erica Nuvo_GV5","0.00","0","0.00","21/03/2026"
"ELECTROLYTE SOLUTIONS","ELECTROLYTE SOLUTIONS","Site","PI-2526456","A061703","Bottom Cover_Misty Teal_Erica Nuvo_GV5","0.00","0","0.00","21/03/2026"
"ELECTROLYTE SOLUTIONS","ELECTROLYTE SOLUTIONS","Site","PI-2526458","A248814","Canopy Set_Misty teal_Erica Nuvo_GV5","0.00","0","0.00","21/03/2026"
"ELECTROLYTE SOLUTIONS","ELECTROLYTE SOLUTIONS","Site","PI-2526460","A248817","Canopy Plate_Misty teal_Erica Nuvo_GV5","0.00","0","0.00","21/03/2026"
"ELECTROLYTE SOLUTIONS","ELECTROLYTE SOLUTIONS","Site","PI-2526462","A195606","Blade_1200mm_Misty Teal_Erica Nuvo_GV5","0.00","0","0.00","21/03/2026"
"ELECTROLYTE SOLUTIONS","ELECTROLYTE SOLUTIONS","Site","PI-2526464","A283102","Motor Housing_650mm_Ikano_GV5","0.00","0","0.00","21/03/2026"
"ELECTROLYTE SOLUTIONS","ELECTROLYTE SOLUTIONS","Site","PI-2693146","CS001592","Taparia 1621-8 Com.Plier","0.00","0","0.00","21/03/2026"
"ELECTROLYTE SOLUTIONS","ELECTROLYTE SOLUTIONS","Site","PI-2693151","CS003272","Multitec 150B Wire Stripper","0.00","0","0.00","21/03/2026"
"ELECTROLYTE SOLUTIONS","ELECTROLYTE SOLUTIONS","Site","PI-2693156","CS002530","Taparia 812 Screw Driver Set","0.00","0","0.00","21/03/2026"
"ELECTROLYTE SOLUTIONS","ELECTROLYTE SOLUTIONS","Site","PI-2693161","CS003273","Taparia Spanner Set Dp06","0.00","0","0.00","21/03/2026"
"ELECTROLYTE SOLUTIONS","ELECTROLYTE SOLUTIONS","Site","PI-2693166","CS003274","Nylon Hammer","0.00","0","0.00","21/03/2026"
"ELECTROLYTE SOLUTIONS","ELECTROLYTE SOLUTIONS","Site","PI-2693171","CS003275","Taparia 1443 7-C Circlip","0.00","0","0.00","21/03/2026"
"ELECTROLYTE SOLUTIONS","ELECTROLYTE SOLUTIONS","Site","PI-2693176","CS001164","Insulation Tape","0.00","0","0.00","21/03/2026"
"ELECTROLYTE SOLUTIONS","ELECTROLYTE SOLUTIONS","Site","PI-2693181","CS003276","Taparia 902 Screw Driver","0.00","0","0.00","21/03/2026"
"ELECTROLYTE SOLUTIONS","ELECTROLYTE SOLUTIONS","Site","PI-2693186","CS003277","Polycab Wire 1.5Sqmm 5Mtr","0.00","0","0.00","21/03/2026"
"ELECTROLYTE SOLUTIONS","ELECTROLYTE SOLUTIONS","Site","PI-2693191","CS003278","Internal Bearing Puller","0.00","0","0.00","21/03/2026"
"ELECTROLYTE SOLUTIONS","ELECTROLYTE SOLUTIONS","Site","PI-2693196","CS003279","External Bearing Puller 4Inch","0.00","0","0.00","21/03/2026"
"ELECTROLYTE SOLUTIONS","ELECTROLYTE SOLUTIONS","Site","PI-2693201","CS003284","Rubber Ring","0.00","0","0.00","21/03/2026"
"ELECTROLYTE SOLUTIONS","ELECTROLYTE SOLUTIONS","Site","PI-2693206","CS003280","Wax Pol Grease 200Gms","0.00","0","0.00","21/03/2026"
"ELECTROLYTE SOLUTIONS","ELECTROLYTE SOLUTIONS","Site","PI-2693211","CS003281","Voltage Tester K66","0.00","0","0.00","21/03/2026"
"ELECTROLYTE SOLUTIONS","ELECTROLYTE SOLUTIONS","Site","PI-2693216","CS003282","Digital Power Meter","0.00","0","0.00","21/03/2026"
"ELECTROLYTE SOLUTIONS","ELECTROLYTE SOLUTIONS","Site","PI-2693221","CS001205","Continuity Tester","0.00","0","0.00","21/03/2026"
"ELECTROLYTE SOLUTIONS","ELECTROLYTE SOLUTIONS","Site","PI-2693226","CS003283","Weight Machine","0.00","0","0.00","21/03/2026"
"ELECTROLYTE SOLUTIONS","ELECTROLYTE SOLUTIONS","Site","PI-2717378","A380001","Blade_900mm_Marble White_Aris Contour_2026_GV5","0.00","0","0.00","21/03/2026"
"ELECTROLYTE SOLUTIONS","ELECTROLYTE SOLUTIONS","Site","PI-2717381","A163012","Middle Canopy Assembly_Marble White_Aris Contour_GV5","0.00","0","0.00","21/03/2026"
"ELECTROLYTE SOLUTIONS","ELECTROLYTE SOLUTIONS","Site","PI-2717384","A298701","Bottom Canopy Assembly_Marble White_Aris Contour_GV5","0.00","0","0.00","21/03/2026"
"ELECTROLYTE SOLUTIONS","ELECTROLYTE SOLUTIONS","Site","PI-2717387","A300901","Top Canopy Assembly_Marble White_Aris Contour_GV5","0.00","0","0.00","21/03/2026"
"ELECTROLYTE SOLUTIONS","ELECTROLYTE SOLUTIONS","Site","PI-2717390","A082208","Motor Housing_900mm_Gloss White_Aris Contour_GV5","0.00","0","0.00","21/03/2026"
"ELECTROLYTE SOLUTIONS","ELECTROLYTE SOLUTIONS","Site","PI-2717393","EA33101","Digital PCB Smart_900mm_32W_Aris Contour_GV5","0.00","0","0.00","21/03/2026"
"ELECTROLYTE SOLUTIONS","ELECTROLYTE SOLUTIONS","Site","PI-2717396","A279701","Power PCB Box_aris Contour/Nexus/Elite_GV5","0.00","0","0.00","21/03/2026"
"ELECTROLYTE SOLUTIONS","ELECTROLYTE SOLUTIONS","Site","PI-2717399","A298601","Middle Canopy bottom lower_Marble White_Aris Contour_GV5","0.00","0","0.00","21/03/2026"
"ELECTROLYTE SOLUTIONS","ELECTROLYTE SOLUTIONS","Site","PI-2717402","A380002","Blade_900mm_Regent Grey_Aris Contour_2026_GV5","0.00","0","0.00","21/03/2026"
"ELECTROLYTE SOLUTIONS","ELECTROLYTE SOLUTIONS","Site","PI-2717405","A298702","Bottom Canopy Assembly_Mid Black_Aris Contour_GV5","0.00","0","0.00","21/03/2026"
"ELECTROLYTE SOLUTIONS","ELECTROLYTE SOLUTIONS","Site","PI-2717408","A300902","Top Canopy Assembly_Mid Black_Aris Contour_GV5","0.00","0","0.00","21/03/2026"
"ELECTROLYTE SOLUTIONS","ELECTROLYTE SOLUTIONS","Site","PI-2717411","A298602","Middle Canopy Bottom Lower_Mid Black_Aris Contour_GV5","0.00","0","0.00","21/03/2026"
"ELECTROLYTE SOLUTIONS","ELECTROLYTE SOLUTIONS","Site","PI-2717414","A380003","Blade_1200mm_Marble White_Aris Contour_2026_GV5","0.00","0","0.00","21/03/2026"
"ELECTROLYTE SOLUTIONS","ELECTROLYTE SOLUTIONS","Site","PI-2717417","EA33201","Digital PCB Smart_1200mm_38W_Aris Contour_GV5","0.00","0","0.00","21/03/2026"
"ELECTROLYTE SOLUTIONS","ELECTROLYTE SOLUTIONS","Site","PI-2717420","A380004","Blade_1200mm_Marble Black_Aris Contour_2026_GV5","0.00","0","0.00","21/03/2026"
"ELECTROLYTE SOLUTIONS","ELECTROLYTE SOLUTIONS","Site","PI-2717423","A380005","Blade_1200mm_Regent Grey_Aris Contour_2026_GV5","0.00","0","0.00","21/03/2026"
"ELECTROLYTE SOLUTIONS","ELECTROLYTE SOLUTIONS","Site","PI-2717426","A380007","Blade_1200mm_Umber Brown_Aris Contour_2026_GV5","0.00","0","0.00","21/03/2026"
"ELECTROLYTE SOLUTIONS","ELECTROLYTE SOLUTIONS","Site","PI-2717429","A345905","Blade_1200mm_Aegen Blue_Erica Nuvo_GV5","0.00","0","0.00","21/03/2026"
"ELECTROLYTE SOLUTIONS","ELECTROLYTE SOLUTIONS","Site","PI-2717432","A301808","Motor Housing_Aegean Blue_Erica Nuvo_2026_GV5","0.00","0","0.00","21/03/2026"
"ELECTROLYTE SOLUTIONS","ELECTROLYTE SOLUTIONS","Site","PI-2717435","EA32801","PCB_1230mm_STM32_Erica Nuvo 1 LED_GV5","0.00","0","0.00","21/03/2026"
"ELECTROLYTE SOLUTIONS","ELECTROLYTE SOLUTIONS","Site","PI-2717438","A248820","Canopy_Aegean Blue_Erica Nuvo_GV5","0.00","0","0.00","21/03/2026"
"ELECTROLYTE SOLUTIONS","ELECTROLYTE SOLUTIONS","Site","PI-2717441","A363501","Downrod_Matt Aegean Blue_M6_GV5","0.00","0","0.00","21/03/2026"
"ELECTROLYTE SOLUTIONS","ELECTROLYTE SOLUTIONS","Site","PI-2717444","A345902","Blade_1200mm_Lotus Pink_Erica Nuvo_GV5","0.00","0","0.00","21/03/2026"
"ELECTROLYTE SOLUTIONS","ELECTROLYTE SOLUTIONS","Site","PI-2717447","A301806","Motor Housing_Lotus Pink_Erica Nuvo_2026_GV5","0.00","0","0.00","21/03/2026"
"ELECTROLYTE SOLUTIONS","ELECTROLYTE SOLUTIONS","Site","PI-2717450","A248819","Canopy_Lotus Pink_Erica Nuvo_GV5","0.00","0","0.00","21/03/2026"
"ELECTROLYTE SOLUTIONS","ELECTROLYTE SOLUTIONS","Site","PI-2717453","A363301","Downrod_Matt Pink_M6_GV5","0.00","0","0.00","21/03/2026"
"ELECTROLYTE SOLUTIONS","ELECTROLYTE SOLUTIONS","Site","PI-2717456","A345904","Blade_1200mm_Umber Brown_Erica Nuvo_2026_GV5","0.00","0","0.00","21/03/2026"
"ELECTROLYTE SOLUTIONS","ELECTROLYTE SOLUTIONS","Site","PI-2717459","A301807","Motor Housing_Umber Brown_Erica Nuvo_2026_GV5","0.00","0","0.00","21/03/2026"
"ELECTROLYTE SOLUTIONS","ELECTROLYTE SOLUTIONS","Site","PI-2717462","A248818","Canopy_Umber Brown_Erica Nuvo_GV5","0.00","0","0.00","21/03/2026"
"ELECTROLYTE SOLUTIONS","ELECTROLYTE SOLUTIONS","Site","PI-2717465","A363401","Downrod_Matt Umber_M6_GV5","0.00","0","0.00","21/03/2026"
"ELECTROLYTE SOLUTIONS","ELECTROLYTE SOLUTIONS","Site","PI-2717468","A345901","Blade_1200mm_Snow White_Erica Nuvo_2026_GV5","0.00","0","0.00","21/03/2026"
"ELECTROLYTE SOLUTIONS","ELECTROLYTE SOLUTIONS","Site","PI-2717471","A061702","Bottom Cover_Snow White_Erica Nuvo_GV5","0.00","0","0.00","21/03/2026"
"ELECTROLYTE SOLUTIONS","ELECTROLYTE SOLUTIONS","Site","PI-2717474","A301805","Motor Housing_Snow White_Erica Nuvo_GV5","0.00","0","0.00","21/03/2026"
"ELECTROLYTE SOLUTIONS","ELECTROLYTE SOLUTIONS","Site","PI-2717477","A248813","Canopy_Snow White_Erica Nuvo_GV5","0.00","0","0.00","21/03/2026"
"ELECTROLYTE SOLUTIONS","ELECTROLYTE SOLUTIONS","Site","PI-2717480","A363201","Downrod_Matt Snow_M6_GV5","0.00","0","0.00","21/03/2026"
"ELECTROLYTE SOLUTIONS","ELECTROLYTE SOLUTIONS","Site","PI-2717483","A395203","Motor Housing_900mm_Gloss Black_Ikano_GV5","0.00","0","0.00","21/03/2026"
"ELECTROLYTE SOLUTIONS","ELECTROLYTE SOLUTIONS","Site","PI-2717486","A112507","Canopy Set_Gloss Black_Ikano_GV5","0.00","0","0.00","21/03/2026"
"ELECTROLYTE SOLUTIONS","ELECTROLYTE SOLUTIONS","Site","PI-2717489","A393302","Blade_900mm_Gloss Black_Ikano_2026_GV5","0.00","0","0.00","21/03/2026"
"ELECTROLYTE SOLUTIONS","ELECTROLYTE SOLUTIONS","Site","PI-2717492","A395202","Motor Housing_900mm_Gloss Brown_Ikano_GV5","0.00","0","0.00","21/03/2026"
"ELECTROLYTE SOLUTIONS","ELECTROLYTE SOLUTIONS","Site","PI-2717495","A112506","Canopy Set_Gloss Brown_Ikano_GV5","0.00","0","0.00","21/03/2026"
"ELECTROLYTE SOLUTIONS","ELECTROLYTE SOLUTIONS","Site","PI-2717498","A393303","Blade_900mm_Gloss Brown_Ikano_2026_GV5","0.00","0","0.00","21/03/2026"
"ELECTROLYTE SOLUTIONS","ELECTROLYTE SOLUTIONS","Site","PI-2717501","A395204","Motor Housing_900mm_Gloss White_Erica Nuvo_GV5","0.00","0","0.00","21/03/2026"
"ELECTROLYTE SOLUTIONS","ELECTROLYTE SOLUTIONS","Site","PI-2717504","A112504","Canopy_Gloss White_New_Ikano_GV5","0.00","0","0.00","21/03/2026"
"ELECTROLYTE SOLUTIONS","ELECTROLYTE SOLUTIONS","Site","PI-2717507","A393301","Blade_900mm_Gloss White_Ikano_2026_GV5","0.00","0","0.00","21/03/2026"
"ELECTROLYTE SOLUTIONS","ELECTROLYTE SOLUTIONS","Site","PI-2717510","A395201","Motor Housing_900mm_SS Ivory_Ikano_GV5","0.00","0","0.00","21/03/2026"
"ELECTROLYTE SOLUTIONS","ELECTROLYTE SOLUTIONS","Site","PI-2717513","A112505","Canopy Set_SS Ivory_Ikano_GV5","0.00","0","0.00","21/03/2026"
"ELECTROLYTE SOLUTIONS","ELECTROLYTE SOLUTIONS","Site","PI-2717516","A393304","Blade_900mm_SS Ivory_Ikano_2026_GV5","0.00","0","0.00","21/03/2026"
"ELECTROLYTE SOLUTIONS","ELECTROLYTE SOLUTIONS","Site","PI-2717519","A376803","Blade_1200mm_Gloss White_Renesa_2026_GV5","0.00","0","0.00","21/03/2026"
"ELECTROLYTE SOLUTIONS","ELECTROLYTE SOLUTIONS","Site","PI-2717522","A376802","Blade_1200mm_Matt Brown_Renesa_2026_GV5","0.00","0","0.00","21/03/2026"
"ELECTROLYTE SOLUTIONS","ELECTROLYTE SOLUTIONS","Site","PI-2717525","A376801","Blade_1200mm_Black_Renesa_2026_GV5","0.00","0","0.00","21/03/2026"
"ELECTROLYTE SOLUTIONS","ELECTROLYTE SOLUTIONS","Site","PI-2717528","EA33301","PCB_STM32_900mm_32W 6 White LED_Renesa Enzel_GV5","0.00","0","0.00","21/03/2026"
"ELECTROLYTE SOLUTIONS","ELECTROLYTE SOLUTIONS","Site","PI-2717531","A022821","Motor Housing_Blaze Brown_Renesa Halo_2026","0.00","0","0.00","21/03/2026"
"ELECTROLYTE SOLUTIONS","ELECTROLYTE SOLUTIONS","Site","PI-2717534","EA34201","PCB_Flamingo_32W_900mm_Renesa Halo_GV5","0.00","0","0.00","21/03/2026"
"ELECTROLYTE SOLUTIONS","ELECTROLYTE SOLUTIONS","Site","PI-2717537","A395605","Blade_900mm_Blaze Brown_Renesa Halo_2026_GV5","0.00","0","0.00","21/03/2026"
"ELECTROLYTE SOLUTIONS","ELECTROLYTE SOLUTIONS","Site","PI-2717540","A022818","Motor Housing_Mid Black_Renesa Halo New_GV5","0.00","0","0.00","21/03/2026"
"ELECTROLYTE SOLUTIONS","ELECTROLYTE SOLUTIONS","Site","PI-2717543","A395601","Blade_900mm_Mid Black_Renesa Halo_2026_GV5","0.00","0","0.00","21/03/2026"
"ELECTROLYTE SOLUTIONS","ELECTROLYTE SOLUTIONS","Site","PI-2717546","A395602","Blade_900mm_Misty Teal_Renesa Halo_2026_GV5","0.00","0","0.00","21/03/2026"
"ELECTROLYTE SOLUTIONS","ELECTROLYTE SOLUTIONS","Site","PI-2717549","A022820","Motor Housing_White_Renesa Halo_2026_GV5","0.00","0","0.00","21/03/2026"
"ELECTROLYTE SOLUTIONS","ELECTROLYTE SOLUTIONS","Site","PI-2717552","A395604","Blade_900mm_White_Renesa Halo_2026_GV5","0.00","0","0.00","21/03/2026"
"ELECTROLYTE SOLUTIONS","ELECTROLYTE SOLUTIONS","Site","PI-2717555","A377904","Blade_1200mm_Earth Brown_Renesa+_2026_GV5","0.00","0","0.00","21/03/2026"
"ELECTROLYTE SOLUTIONS","ELECTROLYTE SOLUTIONS","Site","PI-2717558","A377902","Blade_1200mm_Golden Oak_Renesa+_2026_GV5","0.00","0","0.00","21/03/2026"
"ELECTROLYTE SOLUTIONS","ELECTROLYTE SOLUTIONS","Site","PI-2717561","A171175","Blade_1400mm_M5_Regal Indigo_Renesa Elite_GV5","0.00","0","0.00","21/03/2026"
"ELECTROLYTE SOLUTIONS","ELECTROLYTE SOLUTIONS","Site","PI-2717564","A171176","Blade_1400mm_M5_Rose Gold_Renesa Elite_GV5","0.00","0","0.00","21/03/2026"
"ELECTROLYTE SOLUTIONS","ELECTROLYTE SOLUTIONS","Site","PI-2717567","A375204","Motor Housing_900mm_Matt Black_Studio Nexus_2026_GV5","0.00","0","0.00","21/03/2026"
"ELECTROLYTE SOLUTIONS","ELECTROLYTE SOLUTIONS","Site","PI-2717570","EA31701","Digital PCB (Smart)_900mm_Nexus_GV5","0.00","0","0.00","21/03/2026"
"ELECTROLYTE SOLUTIONS","ELECTROLYTE SOLUTIONS","Site","PI-2717573","A194531","Blade_900mm_Dark Walnut_Studio Nexus_2026_GV5","0.00","0","0.00","21/03/2026"
"ELECTROLYTE SOLUTIONS","ELECTROLYTE SOLUTIONS","Site","PI-2717576","A375201","Motor Housing_900mm_Pearl White_Studio Nexus_2026_GV5","0.00","0","0.00","21/03/2026"
"ELECTROLYTE SOLUTIONS","ELECTROLYTE SOLUTIONS","Site","PI-2717579","A194528","Blade_900mm_Pearl White_Studio Nexus_2026_GV5","0.00","0","0.00","21/03/2026"
"ELECTROLYTE SOLUTIONS","ELECTROLYTE SOLUTIONS","Site","PI-2717582","A163016","Middle Canopy_Regal Indigo_Studio Nexus_GV5","0.00","0","0.00","21/03/2026"
"ELECTROLYTE SOLUTIONS","ELECTROLYTE SOLUTIONS","Site","PI-2717585","A163208","Top Canopy_Regal Indigo_Studio Nexus_GV5","0.00","0","0.00","21/03/2026"
"ELECTROLYTE SOLUTIONS","ELECTROLYTE SOLUTIONS","Site","PI-2717588","A177008","Bottom Canopy_Regal Indigo_Studio Nexus_GV5","0.00","0","0.00","21/03/2026"
"ELECTROLYTE SOLUTIONS","ELECTROLYTE SOLUTIONS","Site","PI-2717591","A375205","Motor Housing_900mm_Regal Indigo_Studio Nexus_2026_GV5","0.00","0","0.00","21/03/2026"
"ELECTROLYTE SOLUTIONS","ELECTROLYTE SOLUTIONS","Site","PI-2717594","A194538","Blade_900mm_Regal Indigo_Studio Nexus_2026_GV5","0.00","0","0.00","21/03/2026"
"ELECTROLYTE SOLUTIONS","ELECTROLYTE SOLUTIONS","Site","PI-2717597","A375203","Motor Housing_900mm_Rose Gold_Studio Nexus_GV5","0.00","0","0.00","21/03/2026"
"ELECTROLYTE SOLUTIONS","ELECTROLYTE SOLUTIONS","Site","PI-2717600","A194530","Blade_900mm_Rose Gold_Studio Nexus_2026_GV5","0.00","0","0.00","21/03/2026"
"ELECTROLYTE SOLUTIONS","ELECTROLYTE SOLUTIONS","Site","PI-2717603","A373107","Motor Housing_900mm_Gloss White_Studio Nexus_GV5","0.00","0","0.00","21/03/2026"
"ELECTROLYTE SOLUTIONS","ELECTROLYTE SOLUTIONS","Site","PI-2717606","A194527","Blade_1200mm_M5_Gloss White_Studio Nexus_GV5","0.00","0","0.00","21/03/2026"
"ELECTROLYTE SOLUTIONS","ELECTROLYTE SOLUTIONS","Site","PI-2717609","A373102","Motor Housing_Matt Black_Studio Nexus_2026_GV5","0.00","0","0.00","21/03/2026"
"ELECTROLYTE SOLUTIONS","ELECTROLYTE SOLUTIONS","Site","PI-2717612","A194535","Blade_1400mm_Dark Walnut_Studio Nexus_2026_GV5","0.00","0","0.00","21/03/2026"
"ELECTROLYTE SOLUTIONS","ELECTROLYTE SOLUTIONS","Site","PI-2717615","A373101","Motor Housing_Pearl White_Studio Nexus_2026_GV5","0.00","0","0.00","21/03/2026"
"ELECTROLYTE SOLUTIONS","ELECTROLYTE SOLUTIONS","Site","PI-2717618","A194532","Blade_1400mm_Pearl White_Studio Nexus_2026_GV5","0.00","0","0.00","21/03/2026"
"ELECTROLYTE SOLUTIONS","ELECTROLYTE SOLUTIONS","Site","PI-2717621","A373108","Motor Housing_Regal Indigo_Studio Nexus_2026_GV5","0.00","0","0.00","21/03/2026"
"ELECTROLYTE SOLUTIONS","ELECTROLYTE SOLUTIONS","Site","PI-2717624","A194537","Blade_1400mm_Regal Indigo_Studio Nexus_2026_GV5","0.00","0","0.00","21/03/2026"
"ELECTROLYTE SOLUTIONS","ELECTROLYTE SOLUTIONS","Site","PI-2717627","A194526","Blade_1200mm_M5_Dark Walnut_Studio Nexus_GV5","0.00","0","0.00","21/03/2026"
"ELECTROLYTE SOLUTIONS","ELECTROLYTE SOLUTIONS","Site","PI-2717630","A194520","Blade_1200mm_Pearl White_M5_Studio Nexus_2026_GV5","0.00","0","0.00","21/03/2026"
"ELECTROLYTE SOLUTIONS","ELECTROLYTE SOLUTIONS","Site","PI-2717633","A194536","Blade_1200mm_Regal Indigo_M5_Studio Nexus_GV5","0.00","0","0.00","21/03/2026"
"ELECTROLYTE SOLUTIONS","ELECTROLYTE SOLUTIONS","Site","PI-2717636","A373103","Motor Housing_Blaze Brown_Studio Nexus_2026_GV5","0.00","0","0.00","21/03/2026"
"ELECTROLYTE SOLUTIONS","ELECTROLYTE SOLUTIONS","Site","PI-2717639","A194522","Blade_1200mm_Blaze Brown_M5_Studio Nexus_GV5","0.00","0","0.00","21/03/2026"
"ELECTROLYTE SOLUTIONS","ELECTROLYTE SOLUTIONS","Site","PI-2717642","A163912","Deco ring_Rose Gold_Studio Nexus_GV5","0.00","0","0.00","21/03/2026"
"ELECTROLYTE SOLUTIONS","ELECTROLYTE SOLUTIONS","Site","PI-2717645","A194521","Blade_1200mm_Matt Balck_M5_Studio Nexus_GV5","0.00","0","0.00","21/03/2026"
"ELECTROLYTE SOLUTIONS","ELECTROLYTE SOLUTIONS","Site","PI-2717648","A373104","Motor Housing_Pebble Grey_Studio Nexus_2026_GV5","0.00","0","0.00","21/03/2026"
"ELECTROLYTE SOLUTIONS","ELECTROLYTE SOLUTIONS","Site","PI-2717651","A163904","Deco ring_Silver_Studio Nexus_GV5","0.00","0","0.00","21/03/2026"
"ELECTROLYTE SOLUTIONS","ELECTROLYTE SOLUTIONS","Site","PI-2717654","A194523","Blade_1200mm_Pebble Grey_M5_Studio Nexus_GV5","0.00","0","0.00","21/03/2026"
"ELECTROLYTE SOLUTIONS","ELECTROLYTE SOLUTIONS","Site","PI-2717657","A373106","Motor Housing_Rose Gold_Studio Nexus_2026_GV5","0.00","0","0.00","21/03/2026"
"ELECTROLYTE SOLUTIONS","ELECTROLYTE SOLUTIONS","Site","PI-2717660","A194525","Blade_1200mm_Rose Gold_M5_Studio Nexus_GV5","0.00","0","0.00","21/03/2026"
"ELECTROLYTE SOLUTIONS","ELECTROLYTE SOLUTIONS","Site","PI-2717663","EA30501","PCB_1400mm_43W_Aris Starlight_GV5","0.00","0","0.00","21/03/2026"
"ELECTROLYTE SOLUTIONS","ELECTROLYTE SOLUTIONS","Site","PI-2717666","A315403","Blade_1400mm_Marble White_Aris Starlight_GV5","0.00","0","0.00","21/03/2026"
"ELECTROLYTE SOLUTIONS","ELECTROLYTE SOLUTIONS","Site","PI-2834199","A315404","Blade_1400mm_Dark Teakwood_Aris Starlight_GV5","0.00","0","0.00","21/03/2026"
"ELECTROLYTE SOLUTIONS","ELECTROLYTE SOLUTIONS","Site","PI-2844965","A245701","Jar Base Tool  Maple","0.00","0","0.00","21/03/2026"
"ELECTROLYTE SOLUTIONS","ELECTROLYTE SOLUTIONS","Site","PI-2844970","A245702","Coupler removal service tool","0.00","0","0.00","21/03/2026"
"ELECTROLYTE SOLUTIONS","ELECTROLYTE SOLUTIONS","Site","PI-2855797","A177757","Hopper_Cold Press Feeding_With Packaging_Althea","0.00","0","0.00","21/03/2026"
"ELECTROLYTE SOLUTIONS","ELECTROLYTE SOLUTIONS","Site","PI-2855802","A177758","Extracting Drum (Juicer Chamber)_With Packaging_CPJ","0.00","0","0.00","21/03/2026"
"ELECTROLYTE SOLUTIONS","ELECTROLYTE SOLUTIONS","Site","PI-2876101","A301802","Motor Housing_SS Ivory_1200mm_Erica Nuvo_New_GV5","0.00","0","0.00","21/03/2026"
"ELECTROLYTE SOLUTIONS","ELECTROLYTE SOLUTIONS","Site","PI-2876106","A061704","Bottom Cover_SS Ivory_Erica Nuvo_New_GV5","0.00","0","0.00","21/03/2026"
"ELECTROLYTE SOLUTIONS","ELECTROLYTE SOLUTIONS","Site","PI-2876111","A248815","Canopy Set_SS Ivory_Erica Nuvo_GV5","0.00","0","0.00","21/03/2026"
"ELECTROLYTE SOLUTIONS","ELECTROLYTE SOLUTIONS","Site","PI-2876116","A345907","Blade_SS Ivory_M5_Erica Nuvo_GV5","0.00","0","0.00","21/03/2026"
"ELECTROLYTE SOLUTIONS","ELECTROLYTE SOLUTIONS","Site","PI-2876121","A365401","Bottom Cover_SS Ivory_Erica Signature_GV5","0.00","0","0.00","21/03/2026"
"ELECTROLYTE SOLUTIONS","ELECTROLYTE SOLUTIONS","Site","PI-2876126","A392401","Blade_SS Ivory_Erica Signature_GV5","0.00","0","0.00","21/03/2026"
"ELECTROLYTE SOLUTIONS","ELECTROLYTE SOLUTIONS","Site","PI-2896790","A003403","Stator Assembly_1200mm_Aris Starlight/Gladius_2026_GV5","0.00","0","0.00","21/03/2026"
"ELECTROLYTE SOLUTIONS","ELECTROLYTE SOLUTIONS","Site","PI-2896795","A068804","Stator Assembly_1200mm_Aris Contour_2026_GV5","0.00","0","0.00","21/03/2026"
"ELECTROLYTE SOLUTIONS","ELECTROLYTE SOLUTIONS","Site","PI-2896800","A170306","Stator Assembly_1400mm_Renesa Elite/Nexus_2026_GV5","0.00","0","0.00","21/03/2026"
"ELECTROLYTE SOLUTIONS","ELECTROLYTE SOLUTIONS","Site","PI-2896805","A315901","Stator Assembly_1400mm_Aris Starlight/Gladius_2026_GV5","0.00","0","0.00","21/03/2026"
"ELECTROLYTE SOLUTIONS","ELECTROLYTE SOLUTIONS","Site","PI-2896810","A368101","Stator Assembly_1200mm_Renesa Elite/Nexus_2026_GV5","0.00","0","0.00","21/03/2026"
"ELECTROLYTE SOLUTIONS","ELECTROLYTE SOLUTIONS","Site","PI-2896815","A368501","Stator Assembly_900mm_Renesa Elite/Nexus_2026_GV5","0.00","0","0.00","21/03/2026"
"ELECTROLYTE SOLUTIONS","ELECTROLYTE SOLUTIONS","Site","PI-2896820","A373001","Stator Assembly_1400mm_Renesa Halo/Enzel/Prime_2026_GV5","2.00","0","2.00","21/03/2026"
"ELECTROLYTE SOLUTIONS","ELECTROLYTE SOLUTIONS","Site","PI-2896825","A345909","Blade_1200mm_Snow White_Erica Nuvo_M5_GV5","0.00","0","0.00","21/03/2026"
"ELECTROLYTE SOLUTIONS","ELECTROLYTE SOLUTIONS","Site","PI-2896830","A301803","Motor Housing_Blaze Brown_1200mm_Erica  Nuvo_GV5","0.00","0","0.00","21/03/2026"
"ELECTROLYTE SOLUTIONS","ELECTROLYTE SOLUTIONS","Site","PI-2896835","A061705","Bottom Cover Assembly_Blaze Brown_Erica_GV5","0.00","0","0.00","21/03/2026"
"ELECTROLYTE SOLUTIONS","ELECTROLYTE SOLUTIONS","Site","PI-2896840","A248816","Canopy_Blaze Brown_Erica Nuvo_GV5","0.00","0","0.00","21/03/2026"
"ELECTROLYTE SOLUTIONS","ELECTROLYTE SOLUTIONS","Site","PI-2896845","A345908","Blade_1200mm_Blaze Brown_Erica Nuvo_M5_GV5","0.00","0","0.00","21/03/2026"
"ELECTROLYTE SOLUTIONS","ELECTROLYTE SOLUTIONS","Site","PI-2959642","A014805","MG1.1 Atomberg logo Non-Connected","0.00","0","0.00","21/03/2026"
"ELECTROLYTE SOLUTIONS","ELECTROLYTE SOLUTIONS","Site","PI-2991168","A369901","Stator Assembly_AL_New Magmet_Renesa Prime/Enzel/Nuvo_GV5","0.00","0","0.00","21/03/2026"
"ELECTROLYTE SOLUTIONS","ELECTROLYTE SOLUTIONS","Site","PI-2991171","A100315","Top Canopy_Snow White_2026_Erica Signature_GV5","0.00","0","0.00","21/03/2026"
"ELECTROLYTE SOLUTIONS","ELECTROLYTE SOLUTIONS","Site","PI-2991174","A100312","Bottom Canopy_Snow White_2026_Erica Signature_GV5","0.00","0","0.00","21/03/2026"
"ELECTROLYTE SOLUTIONS","ELECTROLYTE SOLUTIONS","Site","PI-2991177","A365301","Bottom Cover_Snow White_Erica Signature_GV5","0.00","0","0.00","21/03/2026"
"ELECTROLYTE SOLUTIONS","ELECTROLYTE SOLUTIONS","Site","PI-2991180","A100318","Motor Housing_1230mm_Snow White_Erica Signature_GV5","0.00","0","0.00","21/03/2026"
"ELECTROLYTE SOLUTIONS","ELECTROLYTE SOLUTIONS","Site","PI-2991183","A389801","Blade Aluminium_1230mm_Snow White_Erica Signature_GV5","0.00","0","0.00","21/03/2026"
"ELECTROLYTE SOLUTIONS","ELECTROLYTE SOLUTIONS","Site","PI-2991186","A171155","Blade Aluminium_900mm_Peal White_Renesa Elite_2026_GV5","0.00","0","0.00","21/03/2026"
"ELECTROLYTE SOLUTIONS","ELECTROLYTE SOLUTIONS","Site","PI-2991189","A171168","Blade_900mm_Rose Gold_Renesa Elite_2026_GV5","0.00","0","0.00","21/03/2026"
"ELECTROLYTE SOLUTIONS","ELECTROLYTE SOLUTIONS","Site","PI-2991192","A171174","Blade_900mm_Regal Indigo_Renesa Elite_2026_GV5","0.00","0","0.00","21/03/2026"
"ELECTROLYTE SOLUTIONS","ELECTROLYTE SOLUTIONS","Site","PI-2991195","A171170","Blade_900mm_Sand Grey_Renesa Elite_2026_GV5","0.00","0","0.00","21/03/2026"
"ELECTROLYTE SOLUTIONS","ELECTROLYTE SOLUTIONS","Site","PI-2991198","A171171","Blade_900mm_Golden OakWood_Renesa Elite_2026_GV5","0.00","0","0.00","21/03/2026"
"ELECTROLYTE SOLUTIONS","ELECTROLYTE SOLUTIONS","Site","PI-2991201","A171172","Blade_900mm_Dark Walnut_Renesa Elite_2026_GV5","0.00","0","0.00","21/03/2026"
"ELECTROLYTE SOLUTIONS","ELECTROLYTE SOLUTIONS","Site","PI-2991204","A390901","Blade_1400mm_Gloss White_Ikano_2026_GV5","0.00","0","0.00","21/03/2026"
"ELECTROLYTE SOLUTIONS","ELECTROLYTE SOLUTIONS","Site","PI-2991207","A391001","Blade_1400mm_Gloss Black_Ikano_2026_GV5","0.00","0","0.00","21/03/2026"
"ELECTROLYTE SOLUTIONS","ELECTROLYTE SOLUTIONS","Site","PI-2991210","A391101","Blade_1400mm_Gloss Brown_Ikano_2026_GV5","0.00","0","0.00","21/03/2026"
"ELECTROLYTE SOLUTIONS","ELECTROLYTE SOLUTIONS","Site","PI-2991213","A391201","Blade_1400mm_SS Ivory_Ikano_2026_GV5","0.00","0","0.00","21/03/2026"
"ELECTROLYTE SOLUTIONS","ELECTROLYTE SOLUTIONS","Site","PI-2991216","A398701","Motor Housing_1200mm_Mid Black_Renesa Halo_2026_GV5","0.00","0","0.00","21/03/2026"
"ELECTROLYTE SOLUTIONS","ELECTROLYTE SOLUTIONS","Site","PI-2991219","EA34001","PCB_Flamingo_1200mm_35W_Renesa Halo_2026_GV5","29.00","0","29.00","21/03/2026"
"ELECTROLYTE SOLUTIONS","ELECTROLYTE SOLUTIONS","Site","PI-2991222","A398901","Blade_1200mm_Midnight Black_Renesa Halo_2026_GV5","0.00","0","0.00","21/03/2026"
"ELECTROLYTE SOLUTIONS","ELECTROLYTE SOLUTIONS","Site","PI-2991225","A398902","Blade_1200mm_Copper Haze_Renesa Halo_2026_GV5","0.00","0","0.00","21/03/2026"
"ELECTROLYTE SOLUTIONS","ELECTROLYTE SOLUTIONS","Site","PI-2991228","A398903","Blade_1200mm_Misty Teal_Renesa Halo_2026_GV5","0.00","0","0.00","21/03/2026"
"ELECTROLYTE SOLUTIONS","ELECTROLYTE SOLUTIONS","Site","PI-2991231","A398702","Motor Housing_1200mm_Pebble Grey_Renesa Halo_2026_GV5","0.00","0","0.00","21/03/2026"
"ELECTROLYTE SOLUTIONS","ELECTROLYTE SOLUTIONS","Site","PI-2991234","A398904","Blade_1200mm_Pebble Grey_Renesa Halo_2026_GV5","0.00","0","0.00","21/03/2026"
"ELECTROLYTE SOLUTIONS","ELECTROLYTE SOLUTIONS","Site","PI-2991237","A398905","Blade_1200mm_Sprng Green_Renesa Halo_2026_GV5","0.00","0","0.00","21/03/2026"
"ELECTROLYTE SOLUTIONS","ELECTROLYTE SOLUTIONS","Site","PI-2991240","A398704","Motor Housing_1200mm_SS Ivory_Renesa Halo_2026_GV5","0.00","0","0.00","21/03/2026"
"ELECTROLYTE SOLUTIONS","ELECTROLYTE SOLUTIONS","Site","PI-2991243","A398907","Blade_1200mm_SS Ivory_Renesa Halo_2026_GV5","0.00","0","0.00","21/03/2026"
"ELECTROLYTE SOLUTIONS","ELECTROLYTE SOLUTIONS","Site","PI-2991246","A398706","Motor Housing_1200mm_Blaze Brown_Renesa Halo_2026_GV5","0.00","0","0.00","21/03/2026"
"ELECTROLYTE SOLUTIONS","ELECTROLYTE SOLUTIONS","Site","PI-2991249","A398910","Blade_1200mm_Blaze Brown_Renesa Halo_2026_GV5","0.00","0","0.00","21/03/2026"
"ELECTROLYTE SOLUTIONS","ELECTROLYTE SOLUTIONS","Site","PI-2991252","A398703","Motor Housing_1200mm_Agean Blue_Renesa Halo_2026_GV5","0.00","0","0.00","21/03/2026"
"ELECTROLYTE SOLUTIONS","ELECTROLYTE SOLUTIONS","Site","PI-2991255","A398906","Blade_1200mm_Agean Blue_Renesa Halo_2026_GV5","0.00","0","0.00","21/03/2026"
"ELECTROLYTE SOLUTIONS","ELECTROLYTE SOLUTIONS","Site","PI-2991258","A022819","Motor Housing_900mm_SS Ivory_Renesa Halo_2026_GV5","0.00","0","0.00","21/03/2026"
"ELECTROLYTE SOLUTIONS","ELECTROLYTE SOLUTIONS","Site","PI-2991261","A395603","Blade_900mm_SS Ivory_Renesa Halo_2026_GV5","0.00","0","0.00","21/03/2026"
"ELECTROLYTE SOLUTIONS","ELECTROLYTE SOLUTIONS","Site","PI-2991264","EA33601","PCB_28W_600mm_6White LED_Renesa Enzel_GV5","0.00","0","0.00","21/03/2026"
"ELECTROLYTE SOLUTIONS","ELECTROLYTE SOLUTIONS","Site","PI-2991267","A355301","Blade_600mm_Pebble Grey_Renesa Enzel_M5_2026_GV5","0.00","0","0.00","21/03/2026"
"ELECTROLYTE SOLUTIONS","ELECTROLYTE SOLUTIONS","Site","PI-2991270","A187601","Bottom Ring_Matt Copper_Erica Signature_GV5","0.00","0","0.00","21/03/2026"
"ELECTROLYTE SOLUTIONS","ELECTROLYTE SOLUTIONS","Site","PI-2991273","A365201","Bottom Cover_Mid Black_Erica Signature_GV5","0.00","0","0.00","21/03/2026"
"ELECTROLYTE SOLUTIONS","ELECTROLYTE SOLUTIONS","Site","PI-2991276","A392201","Blade_1230mm_Midnight Black_Erica Signature_2026_GV5","0.00","0","0.00","21/03/2026"
"ELECTROLYTE SOLUTIONS","ELECTROLYTE SOLUTIONS","Site","PI-2991279","A187602","Bottom Ring_Ch gold_Erica Signature_GV5","0.00","0","0.00","21/03/2026"
"ELECTROLYTE SOLUTIONS","ELECTROLYTE SOLUTIONS","Site","PI-2991282","A365501","Bottom Cover_Blaze Brown_Erica Signature_GV5","0.00","0","0.00","21/03/2026"
"ELECTROLYTE SOLUTIONS","ELECTROLYTE SOLUTIONS","Site","PI-2991285","A392301","Blade_1230mm_Blaze Brown_Erica Signature_2026_GV5","0.00","0","0.00","21/03/2026"
"ELECTROLYTE SOLUTIONS","ELECTROLYTE SOLUTIONS","Site","PI-2991288","A376804","Blade_1200mm_SS Ivory_Renesa_2026_GV5","0.00","0","0.00","21/03/2026"
"ELECTROLYTE SOLUTIONS","ELECTROLYTE SOLUTIONS","Site","PI-2991291","A377906","Blade_900mm_Midnight Black_Renesa_2026_GV5","0.00","0","0.00","21/03/2026"
"ELECTROLYTE SOLUTIONS","ELECTROLYTE SOLUTIONS","Site","PI-2991294","EA18401","PCB_STM32_6LED_900mm_Renesa_GV5","0.00","0","0.00","21/03/2026"
"ELECTROLYTE SOLUTIONS","ELECTROLYTE SOLUTIONS","Site","PI-2991297","A194534","Blade_1400mm_Rose Gold_Studio Nexus_2026_GV5","0.00","0","0.00","21/03/2026"
"ELECTROLYTE SOLUTIONS","ELECTROLYTE SOLUTIONS","Site","PI-2991300","EA35301","PCB_STM32_6LED_900mm_Renesa Prime_2026_GV5","2.00","0","2.00","21/03/2026"
"ELECTROLYTE SOLUTIONS","ELECTROLYTE SOLUTIONS","Site","PI-2991303","A368204","Motor Housing_Gloss Black_Renesa Prime Crest_2026_GV5","0.00","0","0.00","21/03/2026"
"ELECTROLYTE SOLUTIONS","ELECTROLYTE SOLUTIONS","Site","PI-2991306","A309507","Conopy Plate_Gloss White_Renesa Prime Crest_GV5","0.00","0","0.00","21/03/2026"
"ELECTROLYTE SOLUTIONS","ELECTROLYTE SOLUTIONS","Site","PI-2991309","A309533","Canopy Plate_Gloss Black_Renesa Prime Crest_GV5","0.00","0","0.00","21/03/2026"
"ELECTROLYTE SOLUTIONS","ELECTROLYTE SOLUTIONS","Site","PI-2991312","A309534","Canopy Plate_Pebble Grey_Renesa Prime Crest_GV5","0.00","0","0.00","21/03/2026"
"ELECTROLYTE SOLUTIONS","ELECTROLYTE SOLUTIONS","Site","PI-2991315","EA32301","PCB_900mm_6LED_Renesa Prime Crest_2026_GV5","0.00","0","0.00","21/03/2026"
"ELECTROLYTE SOLUTIONS","ELECTROLYTE SOLUTIONS","Site","PI-2991318","A217201","Complate Body_Plastic_250mm_Gloss White_Quad_EXH","0.00","0","0.00","21/03/2026"
"ELECTROLYTE SOLUTIONS","ELECTROLYTE SOLUTIONS","Site","PI-2991321","A225001","Motor Bldc_250mm_Quad_EXH","0.00","0","0.00","21/03/2026"
"ELECTROLYTE SOLUTIONS","ELECTROLYTE SOLUTIONS","Site","PI-2991324","A217801","Blade_Plastic_250mm_Gloss White_Quad_EXH","0.00","0","0.00","21/03/2026"
"ELECTROLYTE SOLUTIONS","ELECTROLYTE SOLUTIONS","Site","PI-2991327","A217301","Link - Sub Assembly_250mm_Quad_EXH","0.00","0","0.00","21/03/2026"
"ELECTROLYTE SOLUTIONS","ELECTROLYTE SOLUTIONS","Site","PI-2991330","A071801","Spring Holder_250mm_Quad_EXH","0.00","0","0.00","21/03/2026"
"ELECTROLYTE SOLUTIONS","ELECTROLYTE SOLUTIONS","Site","PI-2991333","A225401","Coil Spring_250mm_Quad_EXH","0.00","0","0.00","21/03/2026"
"ELECTROLYTE SOLUTIONS","ELECTROLYTE SOLUTIONS","Site","PI-2991336","A217701","Flap Assembly_250mm_Gloss White_Quad_EXH","0.00","0","0.00","21/03/2026"
"ELECTROLYTE SOLUTIONS","ELECTROLYTE SOLUTIONS","Site","PI-2991339","A217601","Front Cover_Plastic_Quad_250mm_Gloss White_EXH","0.00","0","0.00","21/03/2026"
"ELECTROLYTE SOLUTIONS","ELECTROLYTE SOLUTIONS","Site","PI-2991342","A291901","Main Power Cord_250mm_Gloss White_Quad_EXH","0.00","0","0.00","21/03/2026"
"ELECTROLYTE SOLUTIONS","ELECTROLYTE SOLUTIONS","Site","PI-2991345","A217203","Complate Body_Plastic_250mm_Gloss Black_Quad_EXH","0.00","0","0.00","21/03/2026"
"ELECTROLYTE SOLUTIONS","ELECTROLYTE SOLUTIONS","Site","PI-2991348","A291902","Main Power Cord_250mm_Gloss Black_Quad_EXH","0.00","0","0.00","21/03/2026"
"ELECTROLYTE SOLUTIONS","ELECTROLYTE SOLUTIONS","Site","PI-2991351","A217803","Blade_Plastic_250mm_Gloss Black_Quad_EXH","0.00","0","0.00","21/03/2026"
"ELECTROLYTE SOLUTIONS","ELECTROLYTE SOLUTIONS","Site","PI-2991354","A217703","Flap Assembly_250mm_Gloss Black_Quad_EXH","0.00","0","0.00","21/03/2026"
"ELECTROLYTE SOLUTIONS","ELECTROLYTE SOLUTIONS","Site","PI-2991357","A217602","Front Cover_Plastic_Gloss Black_Quad_250mm_EXH","0.00","0","0.00","21/03/2026"
"ELECTROLYTE SOLUTIONS","ELECTROLYTE SOLUTIONS","Site","PI-2991360","A217303","Link - Sub Assembly_Gloss Black_250mm_Quad_EXH","0.00","0","0.00","21/03/2026"
"ELECTROLYTE SOLUTIONS","ELECTROLYTE SOLUTIONS","Site","PI-2991363","EA33901","PCB_1LED_Al STM32_Erica Nuvo_GV5","0.00","0","0.00","21/03/2026"
"ELECTROLYTE SOLUTIONS","ELECTROLYTE SOLUTIONS","Site","PI-3091494","A177830"," Mech switch connecting wire SJ Service","0.00","0","0.00","21/03/2026"
"ELECTROLYTE SOLUTIONS","ELECTROLYTE SOLUTIONS","Site","PI-3105577","A4","BLDC Motor Assembly_Renesa Pedestal/Wall/Table Fan_2026_TPWDuplicate","0.00","0","0.00","21/03/2026"
"ELECTROLYTE SOLUTIONS","ELECTROLYTE SOLUTIONS","Site","PI-3147394","A328302","Blade_Updated Plastic_Black__Renesa Pedestal/Wall/Table_TPW","0.00","0","0.00","21/03/2026"
"ELECTROLYTE SOLUTIONS","ELECTROLYTE SOLUTIONS","Site","PI-3147397","A288701","Base Assembly_Black_Metallion 18 Pedestal Fan_TPW","0.00","0","0.00","21/03/2026"
"ELECTROLYTE SOLUTIONS","ELECTROLYTE SOLUTIONS","Site","PI-3147400","A310901","Bottom Rod & Middle Rod Ass._Metallion18/SilenceAire_Black_TPW","0.00","0","0.00","21/03/2026"
"ELECTROLYTE SOLUTIONS","ELECTROLYTE SOLUTIONS","Site","PI-3147403","A258701","Blade Assembly_Midnight Black__Metallion 18_TPW","0.00","0","0.00","21/03/2026"
"ELECTROLYTE SOLUTIONS","ELECTROLYTE SOLUTIONS","Site","PI-3147406","A309101","Screw Top & Bottom rod assembly_ Metallion 18\SilenceAire_TPW","0.00","0","0.00","21/03/2026"
"ELECTROLYTE SOLUTIONS","ELECTROLYTE SOLUTIONS","Site","PI-3147409","A289403","Top Rod_Black_TPW","0.00","0","0.00","21/03/2026"
"ELECTROLYTE SOLUTIONS","ELECTROLYTE SOLUTIONS","Site","PI-3147412","A287701","Rear Cover_Mid.Black_Metallion 18 Pedestal/Wall_TPW","0.00","0","0.00","21/03/2026"
"ELECTROLYTE SOLUTIONS","ELECTROLYTE SOLUTIONS","Site","PI-3147415","A285601","Link__Metallion 18\SilenceAire_TPW","0.00","0","0.00","21/03/2026"
"ELECTROLYTE SOLUTIONS","ELECTROLYTE SOLUTIONS","Site","PI-3147418","A285701","Power PCB Plate_Metallion 18\SilenceAire_TPW","0.00","0","0.00","21/03/2026"
"ELECTROLYTE SOLUTIONS","ELECTROLYTE SOLUTIONS","Site","PI-3147421","A286101","Neck_Black_Metallion 18\SilenceAire_TPW","0.00","0","0.00","21/03/2026"
"ELECTROLYTE SOLUTIONS","ELECTROLYTE SOLUTIONS","Site","PI-3147424","A296701","Plastic Display Interface_Metallion 18\SilenceAire_TPW","0.00","0","0.00","21/03/2026"
"ELECTROLYTE SOLUTIONS","ELECTROLYTE SOLUTIONS","Site","PI-3147427","A285501","Neck Base_Black_Metallion 18\SilenceAire Hi-Speed_TPW","0.00","0","0.00","21/03/2026"
"ELECTROLYTE SOLUTIONS","ELECTROLYTE SOLUTIONS","Site","PI-3147430","A290501","BLDC Motor Assembly_Metallion 18_TPW","0.00","0","0.00","21/03/2026"
"ELECTROLYTE SOLUTIONS","ELECTROLYTE SOLUTIONS","Site","PI-3147433","A308801","Big Bolt_SilenceAire/Metallion 18 _TPW","0.00","0","0.00","21/03/2026"
"ELECTROLYTE SOLUTIONS","ELECTROLYTE SOLUTIONS","Site","PI-3147436","A308901","Big Bolt Nut_Metallion 18/SilenceAire _TPW","0.00","0","0.00","21/03/2026"
"ELECTROLYTE SOLUTIONS","ELECTROLYTE SOLUTIONS","Site","PI-3147439","EA28401","Interface PCB_Metallion 18/SilenceAire Hi-Speed Pedestal_TPW","0.00","0","0.00","21/03/2026"
"ELECTROLYTE SOLUTIONS","ELECTROLYTE SOLUTIONS","Site","PI-3147442","A259401","Base Cowl_Mid.Black_Metallion 18/SilenceAire _ TPW","0.00","0","0.00","21/03/2026"
"ELECTROLYTE SOLUTIONS","ELECTROLYTE SOLUTIONS","Site","PI-3147445","A252802","Rear Grill_Mid.Black_Metallion 18_TPW","0.00","0","0.00","21/03/2026"
"ELECTROLYTE SOLUTIONS","ELECTROLYTE SOLUTIONS","Site","PI-3147448","EA30201","Power PCB_Metallion 18_PF_TPW","0.00","0","0.00","21/03/2026"
"ELECTROLYTE SOLUTIONS","ELECTROLYTE SOLUTIONS","Site","PI-3147451","A252702","Front Grill_Mid.Black_Metallion 18_TPW","0.00","0","0.00","21/03/2026"
"ELECTROLYTE SOLUTIONS","ELECTROLYTE SOLUTIONS","Site","PI-3147454","A287101","Grill Belt Assembly_Black_Metallion 18_TPW","0.00","0","0.00","21/03/2026"
"ELECTROLYTE SOLUTIONS","ELECTROLYTE SOLUTIONS","Site","PI-3147457","A304301","Front Decor_Black_Metallion/Silenceaire_TPW","0.00","0","0.00","21/03/2026"
"ELECTROLYTE SOLUTIONS","ELECTROLYTE SOLUTIONS","Site","PI-3147460","EA30301","Power PCB_Metallion 18_WF_TPW","0.00","0","0.00","21/03/2026"
"ELECTROLYTE SOLUTIONS","ELECTROLYTE SOLUTIONS","Site","PI-3147463","A293401","Mounting bracket_ Mid.black_ Metallion 18_TPW","0.00","0","0.00","21/03/2026"
"ELECTROLYTE SOLUTIONS","ELECTROLYTE SOLUTIONS","Site","PI-3147466","EA28201","Interface PCB_Silenceaire Wall_TPW","38.00","0","8.00","21/03/2026"
"ELECTROLYTE SOLUTIONS","ELECTROLYTE SOLUTIONS","Site","PI-3147469","A296901","Plastic Display Interface_Metallion 18\SilenceAire Wall_TPW","0.00","0","0.00","21/03/2026"
"ELECTROLYTE SOLUTIONS","ELECTROLYTE SOLUTIONS","Site","PI-3147472","A328601","Power Cord_Metallion 18_TPW","0.00","0","0.00","21/03/2026"
"ELECTROLYTE SOLUTIONS","ELECTROLYTE SOLUTIONS","Site","PI-3147475","A296501","Rear Plate_Metallion 18_TPW","0.00","0","0.00","21/03/2026"
"ELECTROLYTE SOLUTIONS","ELECTROLYTE SOLUTIONS","Site","PI-3147478","A113901","Wall Hook plate _TPW","0.00","0","0.00","21/03/2026"
"ELECTROLYTE SOLUTIONS","ELECTROLYTE SOLUTIONS","Site","PI-3147481","A288702","Base Assembly_Pebble Gray_Metallion 18 Pedestal Fan_TPW","0.00","0","0.00","21/03/2026"
"ELECTROLYTE SOLUTIONS","ELECTROLYTE SOLUTIONS","Site","PI-3147484","A310902","Bottom Rod & Middle Rod Ass._Pebble Grey_Metallion18/SilenceAire_TPW","0.00","0","0.00","21/03/2026"
"ELECTROLYTE SOLUTIONS","ELECTROLYTE SOLUTIONS","Site","PI-3147487","A258702","Blade Assembly_Pebble Gray__Metallion 18_TPW","0.00","0","0.00","21/03/2026"
"ELECTROLYTE SOLUTIONS","ELECTROLYTE SOLUTIONS","Site","PI-3147490","A362301","Top Rod_Pebble Gray_TPW","0.00","0","0.00","21/03/2026"
"ELECTROLYTE SOLUTIONS","ELECTROLYTE SOLUTIONS","Site","PI-3147493","A287702","Rear Cover_Pebble Gray_Metallion 18 Pedestal/Wall_TPW","0.00","0","0.00","21/03/2026"
"ELECTROLYTE SOLUTIONS","ELECTROLYTE SOLUTIONS","Site","PI-3147496","A286102","Neck_Pebble Grey_Metallion 18\SilenceAire_TPW","0.00","0","0.00","21/03/2026"
"ELECTROLYTE SOLUTIONS","ELECTROLYTE SOLUTIONS","Site","PI-3147499","A285502","Neck Base_Pebble Gray_Metallion 18_ Pedestal Fan_TPW","0.00","0","0.00","21/03/2026"
"ELECTROLYTE SOLUTIONS","ELECTROLYTE SOLUTIONS","Site","PI-3147502","A259402","Base Cowl_Pebble Gray_Metallion 18/SilenceAire Hi-Speed Pedestal _ TPW","0.00","0","0.00","21/03/2026"
"ELECTROLYTE SOLUTIONS","ELECTROLYTE SOLUTIONS","Site","PI-3147505","A252703","Front Grill_Pebble Gray_Metallion 18_TPW","0.00","0","0.00","21/03/2026"
"ELECTROLYTE SOLUTIONS","ELECTROLYTE SOLUTIONS","Site","PI-3147508","A287102","Grill Belt Assembly_Pebble Gray_Metallion 18_TPW","0.00","0","0.00","21/03/2026"
"ELECTROLYTE SOLUTIONS","ELECTROLYTE SOLUTIONS","Site","PI-3147511","A304303","Front Decor_Pebble Gray_Metallion/Silenceaire_TPW","0.00","0","0.00","21/03/2026"
"ELECTROLYTE SOLUTIONS","ELECTROLYTE SOLUTIONS","Site","PI-3147514","A252803","Rear Grill_Pebble Gray_Metallion 18_TPW","0.00","0","0.00","21/03/2026"
"ELECTROLYTE SOLUTIONS","ELECTROLYTE SOLUTIONS","Site","PI-3147517","A293403","Mounting bracket_ Pebble Gray_ Metallion 18_TPW","0.00","0","0.00","21/03/2026"
"ELECTROLYTE SOLUTIONS","ELECTROLYTE SOLUTIONS","Site","PI-3147520","A290902","Blade_Black_SilenceAire_TPW","0.00","0","0.00","21/03/2026"
"ELECTROLYTE SOLUTIONS","ELECTROLYTE SOLUTIONS","Site","PI-3147523","A297001","Rear Cover_Mid.Black_SilenceAire Hi-Speed Pedestal/Wall_TPW","0.00","0","0.00","21/03/2026"
"ELECTROLYTE SOLUTIONS","ELECTROLYTE SOLUTIONS","Site","PI-3147526","A302501","BLDC Motor Assembly_SilenceAire Hi-Speed_TPW","0.00","0","0.00","21/03/2026"
"ELECTROLYTE SOLUTIONS","ELECTROLYTE SOLUTIONS","Site","PI-3147529","A308301","Face Plate_Mid.Black_SilenceAire Hi-Speed_TPW","0.00","0","0.00","21/03/2026"
"ELECTROLYTE SOLUTIONS","ELECTROLYTE SOLUTIONS","Site","PI-3147532","A297702","Rear Grill_Mid.Black_SilenceAire Hi-Speed_TPW","0.00","0","0.00","21/03/2026"
"ELECTROLYTE SOLUTIONS","ELECTROLYTE SOLUTIONS","Site","PI-3147535","A304501","Base Assembly_Black_SilenceAire Hi-Speed Pedestal Fan_TPW","0.00","0","0.00","21/03/2026"
"ELECTROLYTE SOLUTIONS","ELECTROLYTE SOLUTIONS","Site","PI-3147538","A297802","Front Grill_SilenceAire Hi-Speed_Midnight Black_TPW","0.00","0","0.00","21/03/2026"
"ELECTROLYTE SOLUTIONS","ELECTROLYTE SOLUTIONS","Site","PI-3147541","A328801","Grill Belt Assembly_Mid.Black_SilenceAire Hi-Speed _TPW","0.00","0","0.00","21/03/2026"
"ELECTROLYTE SOLUTIONS","ELECTROLYTE SOLUTIONS","Site","PI-3147544","A304502","Base Assembly_Snow White_SilenceAire Hi-Speed Pedestal Fan_TPW","0.00","0","0.00","21/03/2026"
"ELECTROLYTE SOLUTIONS","ELECTROLYTE SOLUTIONS","Site","PI-3147547","A310903","Bottom Rod& Middle Rod Ass._Snow White_SilenceAire_TPW","0.00","0","0.00","21/03/2026"
"ELECTROLYTE SOLUTIONS","ELECTROLYTE SOLUTIONS","Site","PI-3147550","A290901","Blade_Snow White_SilenceAire_TPW","0.00","0","0.00","21/03/2026"
"ELECTROLYTE SOLUTIONS","ELECTROLYTE SOLUTIONS","Site","PI-3147553","A289406","Top Rod_Snow White_TPW","0.00","0","0.00","21/03/2026"
"ELECTROLYTE SOLUTIONS","ELECTROLYTE SOLUTIONS","Site","PI-3147556","A297002","Rear Cover_Snow White_SilenceAire Hi-Speed Pedestal/Wall_TPW","0.00","0","0.00","21/03/2026"
"ELECTROLYTE SOLUTIONS","ELECTROLYTE SOLUTIONS","Site","PI-3147559","A286103","Neck_Snow White_Metallion 18\SilenceAire_TPW","0.00","0","0.00","21/03/2026"
"ELECTROLYTE SOLUTIONS","ELECTROLYTE SOLUTIONS","Site","PI-3147562","A285503","Neck Base_Snow White_SilenceAire Hi-Speed_ Pedestal Fan_TPW","0.00","0","0.00","21/03/2026"
"ELECTROLYTE SOLUTIONS","ELECTROLYTE SOLUTIONS","Site","PI-3147565","A308302","Face Plate_Snow White_SilenceAire Hi-Speed_TPW","0.00","0","0.00","21/03/2026"
"ELECTROLYTE SOLUTIONS","ELECTROLYTE SOLUTIONS","Site","PI-3147568","A259403","Base Cowl_Snow Wite_Metallion 18/SilenceAire Hi-Speed Pedestal _ TPW","0.00","0","0.00","21/03/2026"
"ELECTROLYTE SOLUTIONS","ELECTROLYTE SOLUTIONS","Site","PI-3147571","A297803","Front Grill_SilenceAire Hi-Speed_Snow white_TPW","0.00","0","0.00","21/03/2026"
"ELECTROLYTE SOLUTIONS","ELECTROLYTE SOLUTIONS","Site","PI-3147574","A328803","Grill Belt Assembly_Snow White_SilenceAire Hi-Speed_TPW","0.00","0","0.00","21/03/2026"
"ELECTROLYTE SOLUTIONS","ELECTROLYTE SOLUTIONS","Site","PI-3147577","A297703","Rear Grill_Snow White_SilenceAire Hi-Speed Wall Mount_TPW","0.00","0","0.00","21/03/2026"
"ELECTROLYTE SOLUTIONS","ELECTROLYTE SOLUTIONS","Site","PI-3147580","A290903","Blade_Plastic_Aegean Blue__SilenceAire Hi-Speed_TPW","0.00","0","0.00","21/03/2026"
"ELECTROLYTE SOLUTIONS","ELECTROLYTE SOLUTIONS","Site","PI-3147583","EA30401","Power PCB_SilenceAire_WF_TPW","0.00","0","0.00","21/03/2026"
"ELECTROLYTE SOLUTIONS","ELECTROLYTE SOLUTIONS","Site","PI-3147586","A293402","Mounting bracket_ Snow White_ SilenceAire Hi-Speed_TPW","0.00","0","0.00","21/03/2026"
"ELECTROLYTE SOLUTIONS","ELECTROLYTE SOLUTIONS","Site","PI-3147589","A328602","Power Cord_SilenceAire_TPW","0.00","0","0.00","21/03/2026"
"ELECTROLYTE SOLUTIONS","ELECTROLYTE SOLUTIONS","Site","PI-3147792","A304302","Front Decor_Snow White_Silenceaire_TPW","0.00","0","0.00","21/03/2026"
"ELECTROLYTE SOLUTIONS","ELECTROLYTE SOLUTIONS","Site","PI-3147795","A372301","Stotor_M6 Cu_Erica Nuvo/Prime SR_GV5","0.00","0","0.00","21/03/2026"
"ELECTROLYTE SOLUTIONS","ELECTROLYTE SOLUTIONS","Site","PI-3147798","EA31601","Digital Smart PCB_600mm_Renesa Elite_2026_GV5","0.00","0","0.00","21/03/2026"
"ELECTROLYTE SOLUTIONS","ELECTROLYTE SOLUTIONS","Site","PI-3147801","A171154","Blade Aluminium_600mm_Pearl White_Elite_2026_GV5","0.00","0","0.00","21/03/2026"
"ELECTROLYTE SOLUTIONS","ELECTROLYTE SOLUTIONS","Site","PI-3147804","A171156","Blade Aluminium_600mm_Rose Gold_Elite_2026_GV5","0.00","0","0.00","21/03/2026"
"ELECTROLYTE SOLUTIONS","ELECTROLYTE SOLUTIONS","Site","PI-3147807","A171173","Blade Aluminium_600mm_Regal Indigo_Elite_2026_GV5","0.00","0","0.00","21/03/2026"
"ELECTROLYTE SOLUTIONS","ELECTROLYTE SOLUTIONS","Site","PI-3147810","A171158","Blade Aluminium_600mm_Sand Grey_Elite_2026_GV5","0.00","0","0.00","21/03/2026"
"ELECTROLYTE SOLUTIONS","ELECTROLYTE SOLUTIONS","Site","PI-3147813","RA1741","Fingerprint Sensor_Azhero/SL1","0.00","0","0.00","21/03/2026"
"ELECTROLYTE SOLUTIONS","ELECTROLYTE SOLUTIONS","Site","PI-3147816","A099401","Mortise Single Deadbolt_Azhero","0.00","0","0.00","21/03/2026"
"ELECTROLYTE SOLUTIONS","ELECTROLYTE SOLUTIONS","Site","PI-3147819","A099201","NFC Cards With Logo_SL1/Azhero","0.00","0","0.00","21/03/2026"
"ELECTROLYTE SOLUTIONS","ELECTROLYTE SOLUTIONS","Site","PI-3147822","A385001","Key cylinder_Azhero","0.00","0","0.00","21/03/2026"
"ELECTROLYTE SOLUTIONS","ELECTROLYTE SOLUTIONS","Site","PI-3147825","A098701","Screw Set Pack_Azhero","0.00","0","0.00","21/03/2026"
"ELECTROLYTE SOLUTIONS","ELECTROLYTE SOLUTIONS","Site","PI-3147828","A099601","Strike Plate_Azhero","0.00","0","0.00","21/03/2026"
"ELECTROLYTE SOLUTIONS","ELECTROLYTE SOLUTIONS","Site","PI-3147831","RA1742","Dead Knob Key_SL1","0.00","0","0.00","21/03/2026"
"ELECTROLYTE SOLUTIONS","ELECTROLYTE SOLUTIONS","Site","PI-3147834","A366101","Battery_SL1/Azhero","0.00","0","0.00","21/03/2026"
"ELECTROLYTE SOLUTIONS","ELECTROLYTE SOLUTIONS","Site","PI-3147837","A3X0007","Rubber Support_Wall Mount_TPW","0.00","0","0.00","21/03/2026"
"ELECTROLYTE SOLUTIONS","ELECTROLYTE SOLUTIONS","Site","PI-3257666","A149601","Juicer Jar Sieve Assembly_Zenova Fresh_MG","0.00","0","0.00","21/03/2026"
"ELECTROLYTE SOLUTIONS","ELECTROLYTE SOLUTIONS","Site","PI-3257671","A151201","Juicer Jar Lid & Cup assembly_Zenova Fresh_MG","0.00","0","0.00","21/03/2026"
"ELECTROLYTE SOLUTIONS","ELECTROLYTE SOLUTIONS","Site","PI-3257676","A148902","Juicer Jar Lid Cup_Zenova Fresh_MG","0.00","0","0.00","21/03/2026"
"ELECTROLYTE SOLUTIONS","ELECTROLYTE SOLUTIONS","Site","PI-3257681","A192117","Juicer Jar Blade Assembly__Zenova Fresh_MG","0.00","0","0.00","21/03/2026"
"ELECTROLYTE SOLUTIONS","ELECTROLYTE SOLUTIONS","Site","PI-3257686","A157905","Juicer Jar Assembly_Zenova Fresh_MG","0.00","0","0.00","21/03/2026"
"ELECTROLYTE SOLUTIONS","ELECTROLYTE SOLUTIONS","Site","PI-3257691","A159333","MG 1.1 MainBody Assy-Misty Teal Service","0.00","0","0.00","21/03/2026"
"ELECTROLYTE SOLUTIONS","ELECTROLYTE SOLUTIONS","Site","PI-3287716","A158301","BLDC Motor_Zenova","0.00","0","0.00","21/03/2026"
"ELECTROLYTE SOLUTIONS","ELECTROLYTE SOLUTIONS","Site","PI-3302426","A038701","Flap & Link - Sub Assembly_150mm_Orb_EXH (Gloss White)","0.00","0","0.00","21/03/2026"
"ELECTROLYTE SOLUTIONS","ELECTROLYTE SOLUTIONS","Site","PI-3302431","A318901","FRONT COVER+GRILL_Plastic_White_150mm_EXH","0.00","0","0.00","21/03/2026"
"ELECTROLYTE SOLUTIONS","ELECTROLYTE SOLUTIONS","Site","PI-3302436","A319001","Complate Body_Plastic_150mm_Orb_EXH_Gloss White","0.00","0","0.00","21/03/2026"
"ELECTROLYTE SOLUTIONS","ELECTROLYTE SOLUTIONS","Site","PI-3302441","A004101","Main Power Cord_150mm_Orb_EXH_Gloss White","0.00","0","0.00","21/03/2026"
"ELECTROLYTE SOLUTIONS","ELECTROLYTE SOLUTIONS","Site","PI-3302446","A001401","Blade_Plastic_150mm_Orb_EXH_White","0.00","0","0.00","21/03/2026"
"ELECTROLYTE SOLUTIONS","ELECTROLYTE SOLUTIONS","Site","PI-3302451","A001402","Blade_Plastic_150mm_Orb_EXH_Gloss Black","0.00","0","0.00","21/03/2026"
"ELECTROLYTE SOLUTIONS","ELECTROLYTE SOLUTIONS","Site","PI-3302456","A038702","Flap & Link - Sub Assembly_150mm_Orb_EXH (Gloss Black)","0.00","0","0.00","21/03/2026"
"ELECTROLYTE SOLUTIONS","ELECTROLYTE SOLUTIONS","Site","PI-3302461","A318902","FRONT COVER+GRILL_Plastic_Black_150mm_EXH","0.00","0","0.00","21/03/2026"
"ELECTROLYTE SOLUTIONS","ELECTROLYTE SOLUTIONS","Site","PI-3302466","A319002","Complate Body_Plastic_150mm_Orb_EXH_Gloss Black","0.00","0","0.00","21/03/2026"
"ELECTROLYTE SOLUTIONS","ELECTROLYTE SOLUTIONS","Site","PI-3302471","A001404","Blade_Plastic_150mm_Orb_EXH_Pebble Gray","0.00","0","0.00","21/03/2026"
"ELECTROLYTE SOLUTIONS","ELECTROLYTE SOLUTIONS","Site","PI-3302476","A038704","Flap & Link - Sub Assembly_150mm_Orb_EXH (Pebble Gray)","0.00","0","0.00","21/03/2026"
"ELECTROLYTE SOLUTIONS","ELECTROLYTE SOLUTIONS","Site","PI-3302481","A318904","FRONT COVER+GRILL_Plastic_Pebble Gray_150mm_EXH","0.00","0","0.00","21/03/2026"
"ELECTROLYTE SOLUTIONS","ELECTROLYTE SOLUTIONS","Site","PI-3302486","A319004","Complate Body_Plastic_150mm_Orb_EXH_Pebble Gray","0.00","0","0.00","21/03/2026"
"ELECTROLYTE SOLUTIONS","ELECTROLYTE SOLUTIONS","Site","PI-3339086","A373105","Motor Housing_Ritz Blue_Studio Nexus_2026_GV5","0.00","0","0.00","21/03/2026"
"ELECTROLYTE SOLUTIONS","ELECTROLYTE SOLUTIONS","Site","PI-3339087","A194511","Blade_1200mm_Ritz Blue_Studio Nexus_GV5","0.00","0","0.00","21/03/2026"
"ELECTROLYTE SOLUTIONS","ELECTROLYTE SOLUTIONS","Site","PI-3339088","A375902","Remote(New)_Emperion Linea_GV5","0.00","0","0.00","21/03/2026"
"ELECTROLYTE SOLUTIONS","ELECTROLYTE SOLUTIONS","Site","PI-3339089","A274101","Bottom Trasparent_Emperion Linea_GV5","0.00","0","0.00","21/03/2026"
"ELECTROLYTE SOLUTIONS","ELECTROLYTE SOLUTIONS","Site","PI-3339090","A274604","False Cover_Pearl White_Emperion Linea_GV5","0.00","0","0.00","21/03/2026"
"ELECTROLYTE SOLUTIONS","ELECTROLYTE SOLUTIONS","Site","PI-3339091","A277801","Motor Housing_Pearl White_Emperion Linea_GV5","0.00","0","0.00","21/03/2026"
"ELECTROLYTE SOLUTIONS","ELECTROLYTE SOLUTIONS","Site","PI-3339092","A278301","Mounting Plate_Emperion Linea_GV5","0.00","0","0.00","21/03/2026"
"ELECTROLYTE SOLUTIONS","ELECTROLYTE SOLUTIONS","Site","PI-3339093","A278501","Diffuser Asly_Emperion Linea_GV5","0.00","0","0.00","21/03/2026"
"ELECTROLYTE SOLUTIONS","ELECTROLYTE SOLUTIONS","Site","PI-3339094","E00001214","Wire connector_Emperion Linea_GV5","0.00","0","0.00","21/03/2026"
"ELECTROLYTE SOLUTIONS","ELECTROLYTE SOLUTIONS","Site","PI-3339095","EA17801","Power PCB_Emperion Linea_GV5","0.00","0","0.00","21/03/2026"
"ELECTROLYTE SOLUTIONS","ELECTROLYTE SOLUTIONS","Site","PI-3339096","EA26301","LED PCB with metal clad_Emperion Linea_GV5","0.00","0","0.00","21/03/2026"
"ELECTROLYTE SOLUTIONS","ELECTROLYTE SOLUTIONS","Site","PI-3339097","EA29801","PCB Digital Smart_Emperion Linea_GV5","0.00","0","0.00","21/03/2026"
"ELECTROLYTE SOLUTIONS","ELECTROLYTE SOLUTIONS","Site","PI-3339098","A276301","Canopy Middle Lower_Pearl White_Emperion Linea_GV5","0.00","0","0.00","21/03/2026"
"ELECTROLYTE SOLUTIONS","ELECTROLYTE SOLUTIONS","Site","PI-3339099","A276701","Canopy Top_Pearl White_Emperion Linea_GV5","0.00","0","0.00","21/03/2026"
"ELECTROLYTE SOLUTIONS","ELECTROLYTE SOLUTIONS","Site","PI-3339100","A276901","Canopy Bottom_Pearl White_Emperion Linea_GV5","0.00","0","0.00","21/03/2026"
"ELECTROLYTE SOLUTIONS","ELECTROLYTE SOLUTIONS","Site","PI-3339101","A314801","Canopy Middle Upper_Pearl White_Emperion Linea_GV5","0.00","0","0.00","21/03/2026"
"ELECTROLYTE SOLUTIONS","ELECTROLYTE SOLUTIONS","Site","PI-3339102","A355601","Canopy Bottom Upper_Pearl White_Emperion Linea_GV5","0.00","0","0.00","21/03/2026"
"ELECTROLYTE SOLUTIONS","ELECTROLYTE SOLUTIONS","Site","PI-3339103","A362601","Downrod_M6_260mm_Pearl White_Emperion Linea_GV5","0.00","0","0.00","21/03/2026"
"ELECTROLYTE SOLUTIONS","ELECTROLYTE SOLUTIONS","Site","PI-3339104","A279601","Blade_1200mm_Pearl White_Emperion Linea_GV5","0.00","0","0.00","21/03/2026"
"ELECTROLYTE SOLUTIONS","ELECTROLYTE SOLUTIONS","Site","PI-3339105","A078401","Shackle Kit optimised_Emperion Magna_GV5","0.00","0","0.00","21/03/2026"
"ELECTROLYTE SOLUTIONS","ELECTROLYTE SOLUTIONS","Site","PI-3339106","A292901","Bottom Cover_Pearl White_Emperion Magna_GV5","0.00","0","0.00","21/03/2026"
"ELECTROLYTE SOLUTIONS","ELECTROLYTE SOLUTIONS","Site","PI-3339107","EA26201","PCB Digital Smart_Emperion Magna_GV5","0.00","0","0.00","21/03/2026"
"ELECTROLYTE SOLUTIONS","ELECTROLYTE SOLUTIONS","Site","PI-3339108","EA26401","LED PCB_Emperion Magna_GV5","0.00","0","0.00","21/03/2026"
"ELECTROLYTE SOLUTIONS","ELECTROLYTE SOLUTIONS","Site","PI-3339109","A294301","Canopy Bottom Lower_Pearl White_Emperion Magna_GV5","0.00","0","0.00","21/03/2026"
"ELECTROLYTE SOLUTIONS","ELECTROLYTE SOLUTIONS","Site","PI-3339110","A294501","Motor Housing_Pearl White_Emperion Magna_GV5","0.00","0","0.00","21/03/2026"
"ELECTROLYTE SOLUTIONS","ELECTROLYTE SOLUTIONS","Site","PI-3339111","A292602","False Cover_Emperion Magna_GV5","0.00","0","0.00","21/03/2026"
"ELECTROLYTE SOLUTIONS","ELECTROLYTE SOLUTIONS","Site","PI-3339112","A336301","Canopy Bottom Upper_Pearl White_Emperion Magna_GV5","0.00","0","0.00","21/03/2026"
"ELECTROLYTE SOLUTIONS","ELECTROLYTE SOLUTIONS","Site","PI-3339113","A346302","Canopy Middle Lower_Pearl White_Emperion Magna_GV5","0.00","0","0.00","21/03/2026"
"ELECTROLYTE SOLUTIONS","ELECTROLYTE SOLUTIONS","Site","PI-3339114","A346303","Canopy Middle Upper_Pearl White_Emperion Magna_GV5","0.00","0","0.00","21/03/2026"
"ELECTROLYTE SOLUTIONS","ELECTROLYTE SOLUTIONS","Site","PI-3339115","A346304","Canopy Top Asly_Pearl White_Emperion Magna_GV5","0.00","0","0.00","21/03/2026"
"ELECTROLYTE SOLUTIONS","ELECTROLYTE SOLUTIONS","Site","PI-3339116","A345701","Blade_1280mm_Pearl White_Emperion Magne_GV5","0.00","0","0.00","21/03/2026"
"ELECTROLYTE SOLUTIONS","ELECTROLYTE SOLUTIONS","Site","PI-3339117","A029713","Blade Aluminium_1200mm_Pearl White_Aris Gladius_GV5","0.00","0","0.00","21/03/2026"
"ELECTROLYTE SOLUTIONS","ELECTROLYTE SOLUTIONS","Site","PI-3339118","A029714","Blade Aluminium_1200mm_Sand Grey_Aris Gladius_GV5","0.00","0","0.00","21/03/2026"
"ELECTROLYTE SOLUTIONS","ELECTROLYTE SOLUTIONS","Site","PI-3339119","A351601","Deco ring & Bottom Cover_Ikano Stylique_GV5","0.00","0","0.00","21/03/2026"
"ELECTROLYTE SOLUTIONS","ELECTROLYTE SOLUTIONS","Site","PI-3339120","A351801","Motor Housing_Gloss White_Ikano Stylique_GV5","0.00","0","0.00","21/03/2026"
"ELECTROLYTE SOLUTIONS","ELECTROLYTE SOLUTIONS","Site","PI-3339121","A353401","Canopy Set_Gloss White_Ikano Stylique_GV5","0.00","0","0.00","21/03/2026"
"ELECTROLYTE SOLUTIONS","ELECTROLYTE SOLUTIONS","Site","PI-3339122","A353101","Blade_1200mm_Gloss White_Ikano Stylique_GV5","0.00","0","0.00","21/03/2026"
"ELECTROLYTE SOLUTIONS","ELECTROLYTE SOLUTIONS","Site","PI-3339123","A351602","Deco ring & Bottom Cover_Seasan Ivory_Ikano Stylique_GV5","0.00","0","0.00","21/03/2026"
"ELECTROLYTE SOLUTIONS","ELECTROLYTE SOLUTIONS","Site","PI-3339124","A351802","Motor Housing_Sea Sand Ivory_Ikano Stylique_GV5","0.00","0","0.00","21/03/2026"
"ELECTROLYTE SOLUTIONS","ELECTROLYTE SOLUTIONS","Site","PI-3339125","A353402","Canopy Set_Sea Sand Ivory_Ikano Stylique_GV5","0.00","0","0.00","21/03/2026"
"ELECTROLYTE SOLUTIONS","ELECTROLYTE SOLUTIONS","Site","PI-3339126","A353102","Blade_1200mm_Sea Sand Ivory_Ikano Stylique_GV5","0.00","0","0.00","21/03/2026"
"ELECTROLYTE SOLUTIONS","ELECTROLYTE SOLUTIONS","Site","PI-3339127","A351604","Deco ring & Bottom Cover_Pebble Grey_Ikano Stylique_GV5","0.00","0","0.00","21/03/2026"
"ELECTROLYTE SOLUTIONS","ELECTROLYTE SOLUTIONS","Site","PI-3339128","A351804","Motor Housing_Pebble Grey_Ikano Stylique_GV5","0.00","0","0.00","21/03/2026"
"ELECTROLYTE SOLUTIONS","ELECTROLYTE SOLUTIONS","Site","PI-3339129","A353404","Canopy Set_Pebble Grey_Ikano Stylique_GV5","0.00","0","0.00","21/03/2026"
"ELECTROLYTE SOLUTIONS","ELECTROLYTE SOLUTIONS","Site","PI-3339130","A353104","Blade_1200mm_Pebble Grey_Ikano Stylique_GV5","0.00","0","0.00","21/03/2026"
"ELECTROLYTE SOLUTIONS","ELECTROLYTE SOLUTIONS","Site","PI-3339131","A374901","Motor Housing_Snow White_Studio Ventra_GV5","0.00","0","0.00","21/03/2026"
"ELECTROLYTE SOLUTIONS","ELECTROLYTE SOLUTIONS","Site","PI-3339132","EA34801","PCB_1LED_STM32_38W_Studio Ventra_GV5","0.00","0","0.00","21/03/2026"
"ELECTROLYTE SOLUTIONS","ELECTROLYTE SOLUTIONS","Site","PI-3339133","A375502","Bottom Cover_Snow White_Studio Ventra_GV5","0.00","0","0.00","21/03/2026"
"ELECTROLYTE SOLUTIONS","ELECTROLYTE SOLUTIONS","Site","PI-3339134","A181307","Canopy Bottom & Top_Snow White_Studio Ventra_GV5","0.00","0","0.00","21/03/2026"
"ELECTROLYTE SOLUTIONS","ELECTROLYTE SOLUTIONS","Site","PI-3339135","A181207","Canopy Middle_Snow White_Studio Ventra_GV5","0.00","0","0.00","21/03/2026"
"ELECTROLYTE SOLUTIONS","ELECTROLYTE SOLUTIONS","Site","PI-3339136","A160207","Canopy Plate_Snow White_Studio Ventra_GV5","0.00","0","0.00","21/03/2026"
"ELECTROLYTE SOLUTIONS","ELECTROLYTE SOLUTIONS","Site","PI-3339137","A375901","Remote (New)_Studio Ventra_GV5","0.00","0","0.00","21/03/2026"
"ELECTROLYTE SOLUTIONS","ELECTROLYTE SOLUTIONS","Site","PI-3339138","A372501","Blade_1250mm_Snow White_Studio Ventra_GV5","0.00","0","0.00","21/03/2026"
"ELECTROLYTE SOLUTIONS","ELECTROLYTE SOLUTIONS","Site","PI-3339139","A274602","False Cover_Lava Grey_Emperion Linea_GV5","0.00","0","0.00","21/03/2026"
"ELECTROLYTE SOLUTIONS","ELECTROLYTE SOLUTIONS","Site","PI-3339140","A277802","Motor Housing_Lava Grey_Emperion Linea_GV5","0.00","0","0.00","21/03/2026"
"ELECTROLYTE SOLUTIONS","ELECTROLYTE SOLUTIONS","Site","PI-3339141","A276302","Canopy Middle Lower_Grey_Emperion Linea_GV5","0.00","0","0.00","21/03/2026"
"ELECTROLYTE SOLUTIONS","ELECTROLYTE SOLUTIONS","Site","PI-3339142","A276702","Canopy Top_Grey_Emperion Linea_GV5","0.00","0","0.00","21/03/2026"
"ELECTROLYTE SOLUTIONS","ELECTROLYTE SOLUTIONS","Site","PI-3339143","A276902","Canopy Bottom lower_Grey_Emperion Linea_GV5","0.00","0","0.00","21/03/2026"
"ELECTROLYTE SOLUTIONS","ELECTROLYTE SOLUTIONS","Site","PI-3339144","A314802","Canopy Middle Upper_Grey_Emperion Linea_GV5","0.00","0","0.00","21/03/2026"
"ELECTROLYTE SOLUTIONS","ELECTROLYTE SOLUTIONS","Site","PI-3339145","A355602","Canopy Bottom Upper_Grey_Emperion Linea_GV5","0.00","0","0.00","21/03/2026"
"ELECTROLYTE SOLUTIONS","ELECTROLYTE SOLUTIONS","Site","PI-3339146","A279602","Blade_1200mm_lava Grey_Emperion Linea_GV5","0.00","0","0.00","21/03/2026"
"ELECTROLYTE SOLUTIONS","ELECTROLYTE SOLUTIONS","Site","PI-3339147","A274603","False Cover_Gold_Emperion Linea_GV5","0.00","0","0.00","21/03/2026"
"ELECTROLYTE SOLUTIONS","ELECTROLYTE SOLUTIONS","Site","PI-3339148","A277803","Motor Housing_Light Gold_Emperion Linea_GV5","0.00","0","0.00","21/03/2026"
"ELECTROLYTE SOLUTIONS","ELECTROLYTE SOLUTIONS","Site","PI-3339149","A276303","Canopy Middle_Light Gold_Emperion Linea_GV5","0.00","0","0.00","21/03/2026"
"ELECTROLYTE SOLUTIONS","ELECTROLYTE SOLUTIONS","Site","PI-3339150","A279603","Blade_1200mm_Antique Gold_Emperion Linea_GV5","0.00","0","0.00","21/03/2026"
"ELECTROLYTE SOLUTIONS","ELECTROLYTE SOLUTIONS","Site","PI-3339151","A353301","Plastic Body_Gloss White_Renesa Epoque_GV5","0.00","0","0.00","21/03/2026"
"ELECTROLYTE SOLUTIONS","ELECTROLYTE SOLUTIONS","Site","PI-3339152","A353601","Bottom Cover_Gloss White_Renesa Epoque_GV5","0.00","0","0.00","21/03/2026"
"ELECTROLYTE SOLUTIONS","ELECTROLYTE SOLUTIONS","Site","PI-3339153","A400401","Canopy Set_Gloss White_Renesa Epoque_GV5","0.00","0","0.00","21/03/2026"
"ELECTROLYTE SOLUTIONS","ELECTROLYTE SOLUTIONS","Site","PI-3339154","A400601","Blade_1200mm_Gloss White_Renesa Epoque_GV5","0.00","0","0.00","21/03/2026"
"ELECTROLYTE SOLUTIONS","ELECTROLYTE SOLUTIONS","Site","PI-3339155","A294502","Motor Housing_Lava Grey_Emperion Magna_GV5","0.00","0","0.00","21/03/2026"
"ELECTROLYTE SOLUTIONS","ELECTROLYTE SOLUTIONS","Site","PI-3339156","A345702","Blade_1280mm_Lava Grey_Emperion Magne_GV5","0.00","0","0.00","21/03/2026"
"ELECTROLYTE SOLUTIONS","ELECTROLYTE SOLUTIONS","Site","PI-3339157","A346002","Canopy Set_Lava Grey_Emperion Magna_GV5","0.00","0","0.00","21/03/2026"
"ELECTROLYTE SOLUTIONS","ELECTROLYTE SOLUTIONS","Site","PI-3339158","A294503","Motor Housing_Matt Black_Emperion Magna_GV5","0.00","0","0.00","21/03/2026"
"ELECTROLYTE SOLUTIONS","ELECTROLYTE SOLUTIONS","Site","PI-3339159","A294302","Canopy Bottom Lower_Mid Black_Emperion Magna_GV5","0.00","0","0.00","21/03/2026"
"ELECTROLYTE SOLUTIONS","ELECTROLYTE SOLUTIONS","Site","PI-3339160","A345703","Blade_1280mm_Med Wood_Emperion Magne_GV5","0.00","0","0.00","21/03/2026"
"ELECTROLYTE SOLUTIONS","ELECTROLYTE SOLUTIONS","Site","PI-3339161","A346003","Canopy Set_Matt Black_Emperion Magna_GV5","0.00","0","0.00","21/03/2026"
"ELECTROLYTE SOLUTIONS","ELECTROLYTE SOLUTIONS","Site","PI-3339162","A171160","Blade_600mm_Gold Oak_Renesa Elite_GV5","0.00","0","0.00","21/03/2026"
"ELECTROLYTE SOLUTIONS","ELECTROLYTE SOLUTIONS","Site","PI-3339163","A171162","Blade_600mm_Dark Walnut_Renesa Elite_GV5","0.00","0","0.00","21/03/2026"
"ELECTROLYTE SOLUTIONS","ELECTROLYTE SOLUTIONS","Site","PI-3339164","EA32401","PCB_600mm_STM32 Al_Renesa Prime_GV5","0.00","0","0.00","21/03/2026"
"ELECTROLYTE SOLUTIONS","ELECTROLYTE SOLUTIONS","Site","PI-3339165","A399305","Downrod_M6_White_230mm_GV5","0.00","0","0.00","21/03/2026"
"ELECTROLYTE SOLUTIONS","ELECTROLYTE SOLUTIONS","Site","PI-3339166","A399309","Downrod_M6_Gloss Black_230mm_GV5","0.00","0","0.00","21/03/2026"
"ELECTROLYTE SOLUTIONS","ELECTROLYTE SOLUTIONS","Site","PI-3339167","A399314","Downrod_M6_Pebble Grey_230mm_GV5","0.00","0","0.00","21/03/2026"
"ELECTROLYTE SOLUTIONS","ELECTROLYTE SOLUTIONS","Site","PI-3339168","A398705","Motor Housing_Gloss White_Renesa Halo_2026_GV5","0.00","0","0.00","21/03/2026"
"ELECTROLYTE SOLUTIONS","ELECTROLYTE SOLUTIONS","Site","PI-3339169","A022822","Motor Housing Bounded_Mid Black_Renesa Halo_2026_GV5","0.00","0","0.00","21/03/2026"
"ELECTROLYTE SOLUTIONS","ELECTROLYTE SOLUTIONS","Site","PI-3339170","EA34301","PCB Smart_600mm_Flamingo_Renesa Halo_GV5","0.00","0","0.00","21/03/2026"
"ELECTROLYTE SOLUTIONS","ELECTROLYTE SOLUTIONS","Site","PI-3339171","A022826","Motor Housing Bounded_White_Renesa Halo_2026_GV5","0.00","0","0.00","21/03/2026"
"ELECTROLYTE SOLUTIONS","ELECTROLYTE SOLUTIONS","Site","PI-3339172","A022827","Motor Housing Bounded_Blaze Brown_Renesa Halo_2026_GV5","0.00","0","0.00","21/03/2026"
"ELECTROLYTE SOLUTIONS","ELECTROLYTE SOLUTIONS","Site","PI-3339173","A100305","Canopy Bottom_New_Gloss White_Efficio Prime_GV5","0.00","0","0.00","21/03/2026"
"ELECTROLYTE SOLUTIONS","ELECTROLYTE SOLUTIONS","Site","PI-3339174","A100205","Canopy Top_Gloss White_Efficio Prime_GV5","0.00","0","0.00","21/03/2026"
"ELECTROLYTE SOLUTIONS","ELECTROLYTE SOLUTIONS","Site","PI-3339175","A395207","Motor Housing_Gloss White_Bonded_Efficio Prime_GV5","0.00","0","0.00","21/03/2026"
"ELECTROLYTE SOLUTIONS","ELECTROLYTE SOLUTIONS","Site","PI-3339176","A396301","Blade_Aluminium_900mm_Gloss White_Efficio Prime_GV5","0.00","0","0.00","21/03/2026"
"ELECTROLYTE SOLUTIONS","ELECTROLYTE SOLUTIONS","Site","PI-3339177","A100307","Canopy Bottom_Mid Black_Efficio Prime_GV5","0.00","0","0.00","21/03/2026"
"ELECTROLYTE SOLUTIONS","ELECTROLYTE SOLUTIONS","Site","PI-3339178","A100207","Canopy Top_Mid Black_Efficio Prime_GV5","0.00","0","0.00","21/03/2026"
"ELECTROLYTE SOLUTIONS","ELECTROLYTE SOLUTIONS","Site","PI-3339179","A395211","Motor Housing_Mid Black_Bonded_Efficio Prime_GV5","0.00","0","0.00","21/03/2026"
"ELECTROLYTE SOLUTIONS","ELECTROLYTE SOLUTIONS","Site","PI-3339180","A396302","Blade_Aluminium_900mm_Mid Black_Efficio Prime_GV5","0.00","0","0.00","21/03/2026"
"ELECTROLYTE SOLUTIONS","ELECTROLYTE SOLUTIONS","Site","PI-3339181","A100306","Canopy Bottom_Sea Sand Ivory_Efficio Prime_GV5","0.00","0","0.00","21/03/2026"
"ELECTROLYTE SOLUTIONS","ELECTROLYTE SOLUTIONS","Site","PI-3339182","A100206","Canopy Top_Sea Sand Ivory_Efficio Prime_GV5","0.00","0","0.00","21/03/2026"
"ELECTROLYTE SOLUTIONS","ELECTROLYTE SOLUTIONS","Site","PI-3339183","A395210","Motor Housing_SS Ivory_Bonded_Efficio Prime_GV5","0.00","0","0.00","21/03/2026"
"ELECTROLYTE SOLUTIONS","ELECTROLYTE SOLUTIONS","Site","PI-3339184","A396303","Blade_Aluminium_900mm_SS Ivory_Efficio Prime_GV5","0.00","0","0.00","21/03/2026"
"ELECTROLYTE SOLUTIONS","ELECTROLYTE SOLUTIONS","Site","PI-3339185","A106903","Bottom Cover_Gloss White_Efficio Prime_GV5","0.00","0","0.00","21/03/2026"
"ELECTROLYTE SOLUTIONS","ELECTROLYTE SOLUTIONS","Site","PI-3339186","EA32501","PCB_900mm_32W_regulator_Efficio Prime_GV5","0.00","0","0.00","21/03/2026"
"ELECTROLYTE SOLUTIONS","ELECTROLYTE SOLUTIONS","Site","PI-3339187","A395205","Motor Housing_900mm_Mid Black_Efficio Prime_GV5","0.00","0","0.00","21/03/2026"
"ELECTROLYTE SOLUTIONS","ELECTROLYTE SOLUTIONS","Site","PI-3339188","A106904","Bottom Cover_SS Ivory_Efficio Prime_GV5","0.00","0","0.00","21/03/2026"
"ELECTROLYTE SOLUTIONS","ELECTROLYTE SOLUTIONS","Site","PI-3339189","A100308","Canopy Bottom_Blaze Brown_Efficio Prime SR_GV5","0.00","0","0.00","21/03/2026"
"ELECTROLYTE SOLUTIONS","ELECTROLYTE SOLUTIONS","Site","PI-3339190","A100208","Canopy Top_Blaze Brown_Efficio Prime SR_GV5","0.00","0","0.00","21/03/2026"
"ELECTROLYTE SOLUTIONS","ELECTROLYTE SOLUTIONS","Site","PI-3339191","A106905","Bottom Cover_Blaze Brown_Efficio Prime_GV5","0.00","0","0.00","21/03/2026"
"ELECTROLYTE SOLUTIONS","ELECTROLYTE SOLUTIONS","Site","PI-3339192","A395206","Motor Housing_900mm_Blaze Brown_Efficio Prime_GV5","0.00","0","0.00","21/03/2026"
"ELECTROLYTE SOLUTIONS","ELECTROLYTE SOLUTIONS","Site","PI-3339193","A396304","Blade_1200mm_Pebble Grey_Renesa+_Gv5","0.00","0","0.00","21/03/2026"
"ELECTROLYTE SOLUTIONS","ELECTROLYTE SOLUTIONS","Site","PI-3339194","A377901","Blade_1200mm_Pebble Grey_Renesa+_Gv5","0.00","0","0.00","21/03/2026"
"ELECTROLYTE SOLUTIONS","ELECTROLYTE SOLUTIONS","Site","PI-3339195","A380008","Blade_1200mm_Smokewood_Aris Contour_GV5","0.00","0","0.00","21/03/2026"
"ELECTROLYTE SOLUTIONS","ELECTROLYTE SOLUTIONS","Site","PI-3339196","A374902","Motor Housing_Urban Chrome_Studio Ventra_GV5","0.00","0","0.00","21/03/2026"
"ELECTROLYTE SOLUTIONS","ELECTROLYTE SOLUTIONS","Site","PI-3339197","A375503","Bottom Cover_Urban Chrome_Studio Ventra_GV5","0.00","0","0.00","21/03/2026"
"ELECTROLYTE SOLUTIONS","ELECTROLYTE SOLUTIONS","Site","PI-3339198","A181308","Canopy Bottom+Top_Urban Chrome_Studio Ventra_GV5","0.00","0","0.00","21/03/2026"
"ELECTROLYTE SOLUTIONS","ELECTROLYTE SOLUTIONS","Site","PI-3339199","A181208","Canopy Middle_Urban Chrome_Studio Ventra_GV5","0.00","0","0.00","21/03/2026"
"ELECTROLYTE SOLUTIONS","ELECTROLYTE SOLUTIONS","Site","PI-3339200","A160208","Canopy Top Plate_Urban Chrome_Studio Ventra_GV5","0.00","0","0.00","21/03/2026"
"ELECTROLYTE SOLUTIONS","ELECTROLYTE SOLUTIONS","Site","PI-3339201","A372502","Blade_1250mm_Urban Chrome_Studio Ventra_Gv5","0.00","0","0.00","21/03/2026"
"ELECTROLYTE SOLUTIONS","ELECTROLYTE SOLUTIONS","Site","PI-3339202","A374903","Motor Housing_Creme Brule_Studio Ventra_GV5","0.00","0","0.00","21/03/2026"
"ELECTROLYTE SOLUTIONS","ELECTROLYTE SOLUTIONS","Site","PI-3339203","A375504","Bottom Cover_Creme Brule_Studio Ventra_GV5","0.00","0","0.00","21/03/2026"
"ELECTROLYTE SOLUTIONS","ELECTROLYTE SOLUTIONS","Site","PI-3339204","A181309","Canopy Bottom+Top_Creme Brule_Studio Ventra_GV5","0.00","0","0.00","21/03/2026"
"ELECTROLYTE SOLUTIONS","ELECTROLYTE SOLUTIONS","Site","PI-3339205","A181209","Canopy Middle_Creme Brule_Studio Ventra_GV5","0.00","0","0.00","21/03/2026"
"ELECTROLYTE SOLUTIONS","ELECTROLYTE SOLUTIONS","Site","PI-3339206","A160209","Canopy Top Plate_Creme Brule_Studio Ventra_GV5","0.00","0","0.00","21/03/2026"
"ELECTROLYTE SOLUTIONS","ELECTROLYTE SOLUTIONS","Site","PI-3339207","A372503","Blade_1250mm_Crome Brule_Studio Ventra_Gv5","0.00","0","0.00","21/03/2026"
"ELECTROLYTE SOLUTIONS","ELECTROLYTE SOLUTIONS","Site","PI-3339208","A374904","Motor Housing_Blaze Brown_Studio Ventra_GV5","0.00","0","0.00","21/03/2026"
"ELECTROLYTE SOLUTIONS","ELECTROLYTE SOLUTIONS","Site","PI-3339209","A375505","Bottom Cover_Blaze Brown_Studio Ventra_GV5","0.00","0","0.00","21/03/2026"
"ELECTROLYTE SOLUTIONS","ELECTROLYTE SOLUTIONS","Site","PI-3339210","A181310","Canopy Bottom_TOP_Blaze Brown_Studio Ventra_GV5","0.00","0","0.00","21/03/2026"
"ELECTROLYTE SOLUTIONS","ELECTROLYTE SOLUTIONS","Site","PI-3339211","A181210","Canopy Middle_Blaze Brown_Studio Ventra_GV5","0.00","0","0.00","21/03/2026"
"ELECTROLYTE SOLUTIONS","ELECTROLYTE SOLUTIONS","Site","PI-3339212","A160210","Canopy Top Plate_Blaze Brown_Studio Ventra_GV5","0.00","0","0.00","21/03/2026"
"ELECTROLYTE SOLUTIONS","ELECTROLYTE SOLUTIONS","Site","PI-3339213","A372504","Blade_1250mm_Blaze Brown_Studio Ventra_Gv5","0.00","0","0.00","21/03/2026"
"ELECTROLYTE SOLUTIONS","ELECTROLYTE SOLUTIONS","Site","PI-3339214","A353302","Plastic Body_Gloss Black_Renesa Epoque_GV5","0.00","0","0.00","21/03/2026"
"ELECTROLYTE SOLUTIONS","ELECTROLYTE SOLUTIONS","Site","PI-3339215","A353602","Bottom Cover Diffuser_Gloss Black_Renesa Epoque_GV5","0.00","0","0.00","21/03/2026"
"ELECTROLYTE SOLUTIONS","ELECTROLYTE SOLUTIONS","Site","PI-3339216","A400402","Canopy Set_Gloss Black_Renasa Epoque_GV5","0.00","0","0.00","21/03/2026"
"ELECTROLYTE SOLUTIONS","ELECTROLYTE SOLUTIONS","Site","PI-3339217","A400602","Blade_1250mm_Gloss Black_Studio Ventra_Gv5","0.00","0","0.00","21/03/2026"
"ELECTROLYTE SOLUTIONS","ELECTROLYTE SOLUTIONS","Site","PI-3339218","A353303","Plastic Body_Pebble Grey_Renesa Epoque_GV5","0.00","0","0.00","21/03/2026"
"ELECTROLYTE SOLUTIONS","ELECTROLYTE SOLUTIONS","Site","PI-3339219","A353603","Bottom Cover Diffuser_Pebble Grey_Renesa Epoque_GV5","0.00","0","0.00","21/03/2026"
"ELECTROLYTE SOLUTIONS","ELECTROLYTE SOLUTIONS","Site","PI-3339220","A400403","Canopy Set_Pebble Grey_Renasa Epoque_GV5","0.00","0","0.00","21/03/2026"
"ELECTROLYTE SOLUTIONS","ELECTROLYTE SOLUTIONS","Site","PI-3339221","A400603","Blade_1250mm_Pebble Grey_Studio Ventra_Gv5","0.00","0","0.00","21/03/2026"
"ELECTROLYTE SOLUTIONS","ELECTROLYTE SOLUTIONS","Site","PI-3339222","A353304","Plastic Body_Dark Brown_Renesa Epoque_GV5","0.00","0","0.00","21/03/2026"
"ELECTROLYTE SOLUTIONS","ELECTROLYTE SOLUTIONS","Site","PI-3339223","A353604","Bottom Cover Diffuser_Dark Brown_Renesa Epoque_GV5","0.00","0","0.00","21/03/2026"
"ELECTROLYTE SOLUTIONS","ELECTROLYTE SOLUTIONS","Site","PI-3339224","A363904","Downrod_M6_260mm_Dark Gloss Brown_Renesa Prime_GV5","0.00","0","0.00","21/03/2026"
"ELECTROLYTE SOLUTIONS","ELECTROLYTE SOLUTIONS","Site","PI-3339225","A400404","Canopy Set_Dark Brown_Renasa Epoque_GV5","0.00","0","0.00","21/03/2026"
"ELECTROLYTE SOLUTIONS","ELECTROLYTE SOLUTIONS","Site","PI-3339226","A248821","Canopy Plate_Dark Brown_Renesa Epoque_GV5","0.00","0","0.00","21/03/2026"
"ELECTROLYTE SOLUTIONS","ELECTROLYTE SOLUTIONS","Site","PI-3339227","A400604","Blade_1250mm_Dark Brown_Studio Ventra_Gv5","0.00","0","0.00","21/03/2026"
"ELECTROLYTE SOLUTIONS","ELECTROLYTE SOLUTIONS","Site","PI-3339228","A353305","Plastic Body_Sangria Red_Renesa Epoque_GV5","0.00","0","0.00","21/03/2026"
"ELECTROLYTE SOLUTIONS","ELECTROLYTE SOLUTIONS","Site","PI-3339229","A353605","Bottom Cover Diffuser_Sangria Red_Renesa Epoque_GV5","0.00","0","0.00","21/03/2026"
"ELECTROLYTE SOLUTIONS","ELECTROLYTE SOLUTIONS","Site","PI-3339230","A363905","Downrod_M6_260mm_Sangria Red_Renesa Prime_GV5","0.00","0","0.00","21/03/2026"
"ELECTROLYTE SOLUTIONS","ELECTROLYTE SOLUTIONS","Site","PI-3339231","A400405","Canopy Set_Sangria Red_Renasa Epoque_GV5","0.00","0","0.00","21/03/2026"
"ELECTROLYTE SOLUTIONS","ELECTROLYTE SOLUTIONS","Site","PI-3339232","A248822","Canopy Plate_Sangria Red_Renesa Epoque_GV5","0.00","0","0.00","21/03/2026"
"ELECTROLYTE SOLUTIONS","ELECTROLYTE SOLUTIONS","Site","PI-3339233","A400605","Blade_1250mm_Sanngria Red_Studio Ventra_Gv5","0.00","0","0.00","21/03/2026"
"ELECTROLYTE SOLUTIONS","ELECTROLYTE SOLUTIONS","Site","PI-3339234","A351603","Bottom Cover & Deco ring_Gloss Black_Ikano Stylique_GV5","0.00","0","0.00","21/03/2026"
"ELECTROLYTE SOLUTIONS","ELECTROLYTE SOLUTIONS","Site","PI-3339235","A351805","Motor Housing_Gloss Black_Ikano Stylique_GV5","0.00","0","0.00","21/03/2026"
"ELECTROLYTE SOLUTIONS","ELECTROLYTE SOLUTIONS","Site","PI-3339236","A353405","Canopy Set_Gloss Black_Ikano Stylique_GV5","0.00","0","0.00","21/03/2026"
"ELECTROLYTE SOLUTIONS","ELECTROLYTE SOLUTIONS","Site","PI-3339237","A353105","Blade_1200mm_Gloss Black_Ikano Stylique_Gv5","0.00","0","0.00","21/03/2026"
"ELECTROLYTE SOLUTIONS","ELECTROLYTE SOLUTIONS","Site","PI-3339238","A284202","False cover_Aris Illusia_GV5","0.00","0","0.00","21/03/2026"
"ELECTROLYTE SOLUTIONS","ELECTROLYTE SOLUTIONS","Site","PI-3339239","A306102","Motor Housing_Rose Gold_Aris Illusia_GV5","0.00","0","0.00","21/03/2026"
"ELECTROLYTE SOLUTIONS","ELECTROLYTE SOLUTIONS","Site","PI-3339240","A284301","PCB Mounting Plate_Aris Illusia_GV5","0.00","0","0.00","21/03/2026"
"ELECTROLYTE SOLUTIONS","ELECTROLYTE SOLUTIONS","Site","PI-3339241","EA33801","PCB Digital Smart_Aris Illusia_GV5","0.00","0","0.00","21/03/2026"
"ELECTROLYTE SOLUTIONS","ELECTROLYTE SOLUTIONS","Site","PI-3339242","E00001196","3 Pin Connector_Aris illusia_GV5","0.00","0","0.00","21/03/2026"
"ELECTROLYTE SOLUTIONS","ELECTROLYTE SOLUTIONS","Site","PI-3339243","A306701","Bottom Cover_Rose Gold_Aris illusia_GV5","0.00","0","0.00","21/03/2026"
"ELECTROLYTE SOLUTIONS","ELECTROLYTE SOLUTIONS","Site","PI-3339244","A284703","Bottom Dome_Rose Gold_Aris illusia_GV5","0.00","0","0.00","21/03/2026"
"ELECTROLYTE SOLUTIONS","ELECTROLYTE SOLUTIONS","Site","PI-3339245","EA26501","LED PCB_Aris illusia_GV5","0.00","0","0.00","21/03/2026"
"ELECTROLYTE SOLUTIONS","ELECTROLYTE SOLUTIONS","Site","PI-3339246","A284403","Plastic Body_Rose Gold_Aris illusia_GV5","0.00","0","0.00","21/03/2026"
"ELECTROLYTE SOLUTIONS","ELECTROLYTE SOLUTIONS","Site","PI-3339247","A305102","Canopy Top Plate_Rose Gold_Aris Illusia_GV5","0.00","0","0.00","21/03/2026"
"ELECTROLYTE SOLUTIONS","ELECTROLYTE SOLUTIONS","Site","PI-3339248","A304702","Canopy Middle Bottom Asly_Rose Gold _Aris illusia_GV5","0.00","0","0.00","21/03/2026"
"ELECTROLYTE SOLUTIONS","ELECTROLYTE SOLUTIONS","Site","PI-3339249","A303802","Blade_1250mm_Rose Gold_Aris Illusia_Gv5","0.00","0","0.00","21/03/2026"
"ELECTROLYTE SOLUTIONS","ELECTROLYTE SOLUTIONS","Site","PI-3339250","A357702","Canopy Box Asly_Rose Gold_Aris Illusia_GV5","0.00","0","0.00","21/03/2026"
"ELECTROLYTE SOLUTIONS","ELECTROLYTE SOLUTIONS","Site","PI-3339251","A284704","Bottom Dome_Glacier Blue_Aris illusia_GV5","0.00","0","0.00","21/03/2026"
"ELECTROLYTE SOLUTIONS","ELECTROLYTE SOLUTIONS","Site","PI-3339252","A284402","Plastic Body_Pearl White_Aris illusia_GV5","0.00","0","0.00","21/03/2026"
"ELECTROLYTE SOLUTIONS","ELECTROLYTE SOLUTIONS","Site","PI-3339253","A351403","Canopy Bottom Lower_Glacier Blue_Aris Illusia_GV5","0.00","0","0.00","21/03/2026"
"ELECTROLYTE SOLUTIONS","ELECTROLYTE SOLUTIONS","Site","PI-3339254","A305103","Canopy Top Plate_GlacierBlue_Aris Illusia_GV5","0.00","0","0.00","21/03/2026"
"ELECTROLYTE SOLUTIONS","ELECTROLYTE SOLUTIONS","Site","PI-3339255","A304703","Canopy Middle Bottom Asly_Glacier Blue _Aris illusia_GV5","0.00","0","0.00","21/03/2026"
"ELECTROLYTE SOLUTIONS","ELECTROLYTE SOLUTIONS","Site","PI-3339256","A303803","Blade_1250mm_Glacier Blue_Aris Illusia_Gv5","0.00","0","0.00","21/03/2026"
"ELECTROLYTE SOLUTIONS","ELECTROLYTE SOLUTIONS","Site","PI-3339257","A357703","Canopy Box Asly_GlacierBlue_Aris Illusia_GV5","0.00","0","0.00","21/03/2026"
"ELECTROLYTE SOLUTIONS","ELECTROLYTE SOLUTIONS","Site","PI-3339258","A399315","Downrod_M6_230mm_Sea Sand Ivory_Renesa Prime_GV5","0.00","0","0.00","21/03/2026"
"ELECTROLYTE SOLUTIONS","ELECTROLYTE SOLUTIONS","Site","PI-3339259","A351005","Blade_900mm_SS Ivory_M5_Renesa Prime_Gv5","0.00","0","0.00","21/03/2026"
"ELECTROLYTE SOLUTIONS","ELECTROLYTE SOLUTIONS","Site","PI-3339260","A353306","Plastic Body_SS Ivory_Renesa Epoque_GV5","0.00","0","0.00","21/03/2026"
"ELECTROLYTE SOLUTIONS","ELECTROLYTE SOLUTIONS","Site","PI-3339261","A353606","Bottom Cover Diffuser_SS Ivory_Renesa Epoque_GV5","0.00","0","0.00","21/03/2026"
"ELECTROLYTE SOLUTIONS","ELECTROLYTE SOLUTIONS","Site","PI-3339262","A400406","Canopy Set_SS Ivory_Renesa Epoque_GV5","0.00","0","0.00","21/03/2026"
"ELECTROLYTE SOLUTIONS","ELECTROLYTE SOLUTIONS","Site","PI-3339263","A400606","Blade_1250mm_SS Ivory_Renesa Epoque_Gv5","0.00","0","0.00","21/03/2026"
"ELECTROLYTE SOLUTIONS","ELECTROLYTE SOLUTIONS","Site","PI-3339264","A309501","Canopy Top_Gloss White_Razon_GV5","0.00","0","0.00","21/03/2026"
"ELECTROLYTE SOLUTIONS","ELECTROLYTE SOLUTIONS","Site","PI-3339265","A309502","Canopy bottom_Gloss White_Razon_GV5","0.00","0","0.00","21/03/2026"
"ELECTROLYTE SOLUTIONS","ELECTROLYTE SOLUTIONS","Site","PI-3339266","A309527","Canopy Middle_Gloss White_Razon_GV5","0.00","0","0.00","21/03/2026"
"ELECTROLYTE SOLUTIONS","ELECTROLYTE SOLUTIONS","Site","PI-3339267","A309504","Canopy Top Plate_Gloss White_Razon_GV5","0.00","0","0.00","21/03/2026"
"ELECTROLYTE SOLUTIONS","ELECTROLYTE SOLUTIONS","Site","PI-3339268","A205101","Blade_1200mm_Gloss White_Razon_GV5","0.00","0","0.00","21/03/2026"
"ELECTROLYTE SOLUTIONS","ELECTROLYTE SOLUTIONS","Site","PI-3339269","A207101","PCB with box Asly_Black_Razon_GV5","0.00","0","0.00","21/03/2026"
"ELECTROLYTE SOLUTIONS","ELECTROLYTE SOLUTIONS","Site","PI-3339270","A201301","Motor Housing_Razon_GV5","0.00","0","0.00","21/03/2026"
"ELECTROLYTE SOLUTIONS","ELECTROLYTE SOLUTIONS","Site","PI-3339271","A255701","Stator_1200mm_Razon_GV5","0.00","0","0.00","21/03/2026"
"ELECTROLYTE SOLUTIONS","ELECTROLYTE SOLUTIONS","Site","PI-3339272","A207401","Plastic Body (Diffuser)_White_Razon_GV5","0.00","0","0.00","21/03/2026"
"ELECTROLYTE SOLUTIONS","ELECTROLYTE SOLUTIONS","Site","PI-3339273","A309551","Canopy Top_Mid Black_Razon_GV5","0.00","0","0.00","21/03/2026"
"ELECTROLYTE SOLUTIONS","ELECTROLYTE SOLUTIONS","Site","PI-3339274","A309552","Canopy bottom_Mid Black_Razon_GV5","0.00","0","0.00","21/03/2026"
"ELECTROLYTE SOLUTIONS","ELECTROLYTE SOLUTIONS","Site","PI-3339275","A309566","Canopy Middle_Black_Razon_GV5","0.00","0","0.00","21/03/2026"
"ELECTROLYTE SOLUTIONS","ELECTROLYTE SOLUTIONS","Site","PI-3339276","A309556","Canopy Top Plate_Mid Black_Razon_GV5","0.00","0","0.00","21/03/2026"
"ELECTROLYTE SOLUTIONS","ELECTROLYTE SOLUTIONS","Site","PI-3339277","A205102","Blade_1200mm_Mid Black_Razon_GV5","0.00","0","0.00","21/03/2026"
"ELECTROLYTE SOLUTIONS","ELECTROLYTE SOLUTIONS","Site","PI-3339278","A207402","Plastic Body (Diffuser)_Black_Razon_GV5","0.00","0","0.00","21/03/2026"
"ELECTROLYTE SOLUTIONS","ELECTROLYTE SOLUTIONS","Site","PI-3339279","A205104","Blade_1200mm_Urban Chrome_Razon_GV5","0.00","0","0.00","21/03/2026"
"ELECTROLYTE SOLUTIONS","ELECTROLYTE SOLUTIONS","Site","PI-3339280","A205103","Blade_1200mm_Misty Teal_Razon_GV5","0.00","0","0.00","21/03/2026"
"ELECTROLYTE SOLUTIONS","ELECTROLYTE SOLUTIONS","Site","PI-3339281","A205105","Blade_1200mm_Creme Brule_Razon_GV5","0.00","0","0.00","21/03/2026"
"ELECTROLYTE SOLUTIONS","ELECTROLYTE SOLUTIONS","Site","PI-3339282","A309553","Canopy bottom_Sangria_Razon_GV5","0.00","0","0.00","21/03/2026"
"ELECTROLYTE SOLUTIONS","ELECTROLYTE SOLUTIONS","Site","PI-3339283","A309567","Canopy Middle_Sangria_Razon_GV5","0.00","0","0.00","21/03/2026"
"ELECTROLYTE SOLUTIONS","ELECTROLYTE SOLUTIONS","Site","PI-3339284","A309557","Canopy Top Plate_Sangria_Razon_GV5","0.00","0","0.00","21/03/2026"
"ELECTROLYTE SOLUTIONS","ELECTROLYTE SOLUTIONS","Site","PI-3339285","A379501","Canopy Top_Sangria_Razon_GV5","0.00","0","0.00","21/03/2026"
"ELECTROLYTE SOLUTIONS","ELECTROLYTE SOLUTIONS","Site","PI-3339286","A205106","Blade_1200mm_Sangria_Razon_GV5","0.00","0","0.00","21/03/2026"
"ELECTROLYTE SOLUTIONS","ELECTROLYTE SOLUTIONS","Site","PI-3339287","A207403","Plastic Body (Diffuser)_Sangria_Razon_GV5","0.00","0","0.00","21/03/2026"
"ELECTROLYTE SOLUTIONS","ELECTROLYTE SOLUTIONS","Site","PI-3339288","A351401","Canopy Lower_Pearl White_Aris illusia_GV5","0.00","0","0.00","21/03/2026"
"ELECTROLYTE SOLUTIONS","ELECTROLYTE SOLUTIONS","Site","PI-3339289","A303801","Blade_1250mm_Pearl White_Aris illusia_GV5","0.00","0","0.00","21/03/2026"
"ELECTROLYTE SOLUTIONS","ELECTROLYTE SOLUTIONS","Site","PI-3339290","A357701","Canopy Assly_Pearl White_Aris illusia_GV5","0.00","0","0.00","21/03/2026"
"ELECTROLYTE SOLUTIONS","ELECTROLYTE SOLUTIONS","Site","PI-3627964","A275101","Bottom Cover Diffuser_Emperion Magna_GV5","0.00","0","0.00","21/03/2026"
"ELECTROLYTE SOLUTIONS","ELECTROLYTE SOLUTIONS","Site","PI-3627969","A274902","Deco Ring Ring_Matt Black_Emperion Magna_GV5","0.00","0","0.00","21/03/2026"
"ELECTROLYTE SOLUTIONS","ELECTROLYTE SOLUTIONS","Site","PI-3627974","EA32601","PCB_Regulator 28W_600mm_Renesa Prime_GV5","0.00","0","0.00","21/03/2026"
"ELECTROLYTE SOLUTIONS","ELECTROLYTE SOLUTIONS","Site","PI-3627979","A306103","Motor Housing_1250mm_Glacier Blue_Aris ILLUSIA_GV5","0.00","0","0.00","21/03/2026"
"ELECTROLYTE SOLUTIONS","ELECTROLYTE SOLUTIONS","Site","PI-3627984","EA23601","Digital PCB Smart_600mm_Renesa Elite_GV5","0.00","0","0.00","21/03/2026"
"ELECTROLYTE SOLUTIONS","ELECTROLYTE SOLUTIONS","Site","PI-3627989","A306101","Motor Housing_1250mm_Pearl White_Aris ILLUSIA_GV5","0.00","0","0.00","21/03/2026"
"ELECTROLYTE SOLUTIONS","ELECTROLYTE SOLUTIONS","Site","PI-3627994","EA26901","Power PCB_Pedestal_SilenceAire_TPW","0.00","0","0.00","21/03/2026"
"ELECTROLYTE SOLUTIONS","ELECTROLYTE SOLUTIONS","Site","PI-3627999","A291401","M6 Screw_Top rod_SilenceAire_TPW","0.00","0","0.00","21/03/2026"
"ELECTROLYTE SOLUTIONS","ELECTROLYTE SOLUTIONS","Site","PI-3628004","A399313","Downrod_M6_230mm_Aegean Blue_Halo_GV5","0.00","0","0.00","21/03/2026"
"ELECTROLYTE SOLUTIONS","ELECTROLYTE SOLUTIONS","Site","PI-3628009","A377907","Blade Aluminium_1400mm_Gloss White_Renesa_GV5","0.00","0","0.00","21/03/2026"
"ELECTROLYTE SOLUTIONS","ELECTROLYTE SOLUTIONS","Site","PI-3655972","A292401","Stator_Emperion Linea/Magna_GV5","0.00","0","0.00","21/03/2026"
"ELECTROLYTE SOLUTIONS","ELECTROLYTE SOLUTIONS","Site","PI-3655977","A369902","Stator_600mm_AL_Renesa Prime_GV5","0.00","0","0.00","21/03/2026"
"ELECTROLYTE SOLUTIONS","ELECTROLYTE SOLUTIONS","Site","PI-3655982","A373801","Stator_900mm_Efficio Prime_GV5","0.00","0","0.00","21/03/2026"
"ELECTROLYTE SOLUTIONS","ELECTROLYTE SOLUTIONS","Site","PI-3655987","A305201","Stator_1250mm_Aris ILLUSIA_GV5","0.00","0","0.00","21/03/2026"
"ELECTROLYTE SOLUTIONS","ELECTROLYTE SOLUTIONS","Site","PI-3661368","A399303","Downrod_M6_230mm_Mid Black_Renesa Halo_2026_GV5","0.00","0","0.00","21/03/2026"
"ELECTROLYTE SOLUTIONS","ELECTROLYTE SOLUTIONS","Site","PI-3661373","A351006","Blade Aluminium_900mm_M5_Misty teal_Renesa Prime_2026_GV5","0.00","0","0.00","21/03/2026"
"ELECTROLYTE SOLUTIONS","ELECTROLYTE SOLUTIONS","Site","PI-3661378","A399316","Downrod_M6_230mm_Blaze Brown_Renesa Halo_2026_GV5","0.00","0","0.00","21/03/2026"
"ELECTROLYTE SOLUTIONS","ELECTROLYTE SOLUTIONS","Site","PI-3661383","A433301","Blade Aluminium_600mm_M5_Misty teal_Renesa Prime_2026_GV5","0.00","0","0.00","21/03/2026"
"ELECTROLYTE SOLUTIONS","ELECTROLYTE SOLUTIONS","Site","PI-3661388","A377908","Blade Aluminium_1400mm_Matt Brown_Renesa_2026_GV5","0.00","0","0.00","21/03/2026"
"ELECTROLYTE SOLUTIONS","ELECTROLYTE SOLUTIONS","Site","PI-3661393","A377909","Blade Aluminium_1400mm_Pearl White_Renesa Smart_2026_GV5","0.00","0","0.00","21/03/2026"
"ELECTROLYTE SOLUTIONS","ELECTROLYTE SOLUTIONS","Site","PI-3661398","A377910","Blade Aluminium_900mm_Pearl White_Renesa Smart_2026_GV5","0.00","0","0.00","21/03/2026"
"ELECTROLYTE SOLUTIONS","ELECTROLYTE SOLUTIONS","Site","PI-3661403","A022829","Motor Housing_Bonded_Renesa Smart_2026_GV5","0.00","0","0.00","21/03/2026"
"ELECTROLYTE SOLUTIONS","ELECTROLYTE SOLUTIONS","Site","PI-3661408","EA34401","PCB Smart_900mm_Flamingo 32W_Renesa Smart_GV5","0.00","0","0.00","21/03/2026"
"ELECTROLYTE SOLUTIONS","ELECTROLYTE SOLUTIONS","Site","PI-3744563","A332303","Lexcru_Plastic Diverter Valve","0.00","0","0.00","21/03/2026"
"ELECTROLYTE SOLUTIONS","ELECTROLYTE SOLUTIONS","Site","PI-3744568","A332302","Lexcru_Female QC 1/2 to 3/8","0.00","0","0.00","21/03/2026"
"ELECTROLYTE SOLUTIONS","ELECTROLYTE SOLUTIONS","Site","PI-3780312","A377903","Blade Aluminum_1200mm_Pearl White_Renesa+ Smart_2026_GV5","0.00","0","0.00","21/03/2026"
"ELECTROLYTE SOLUTIONS","ELECTROLYTE SOLUTIONS","Site","PI-3782454","A215901","Bearing (Triple Shield)_GV2","3.00","0","3.00","21/03/2026"
"ELECTROLYTE SOLUTIONS","ELECTROLYTE SOLUTIONS","Site","PI-3816443","A328402","Rear Cover_Black_Renesa Wall/Pedestal/Table_2026_TPW","0.00","0","0.00","21/03/2026"
"ELECTROLYTE SOLUTIONS","ELECTROLYTE SOLUTIONS","Site","PI-3816448","A328301","Blade_Plastic_Snow White__Renesa_2026_TPW","0.00","0","0.00","21/03/2026"
"ELECTROLYTE SOLUTIONS","ELECTROLYTE SOLUTIONS","Site","PI-3883419","A022501","Screw_Motor & blade Assly_Renesa/Renesa+/Halo_GV5","0.00","0","0.00","21/03/2026"
